,titleCompany,location,jobDescription
0,"Stage Manager: Live & Digital, Clod Ensemble",London,"Clod Ensemble is a multi-award winning, internationally renowned performance company. The company is led by two highly respected artists: the rich collaboration between Director ..."
1,"Trainee Producer for Creative Crawley micro-festival, Creative Crawley",London,"Do you live in Crawley?
Are you interested in the arts?
Can you make things happen?
Creative Crawley ..."
2,"Development Director, Plymouth Music Zone",South West,Plymouth Music Zone is looking for a dynamic and hard working fundraising professional to join our committed and creative team.Applicants need to ...
3,"Samba Tutor, SW19, Merton Music Foundation",London,"Samba Tutor Vacancy
November 2020 Start
 
Large Group Tuition: Samba"
4,"Digital Content Project Manager, Union Chapel Project",London,"To oversee the content development and delivery of Union Chapel’s new digital programme, In Union – bringing together a range of monetised ..."
5,"Consultant: Development of Cultural Strategy for Scarborough, COAST Scarborough","Yorkshire, Scarborough","Fixed term contract - November 2020 to July 2021
Total Fee £13,500 (incl. VAT, travel, expenses and delivery costs)"
6,"Events Officer, Oxford City Council",South East,The Event Officer is responsible for events and filming which take place on Oxford City Council land and land which Oxford City Council manages ...
7,"Trainee 2021, Unlimited",London,This is the 7th year Shape Arts and Artsadmin have delivered the Unlimited Traineeship programme. Research confirms that there is currently a shortage of ...
8,"Emergent Commission Opportunity for Disabled artists, Drake Music","London, Remote working","Are you an emerging Deaf, Disabled and/or Neurodivergent musician looking for an opportunity to develop your practice and career? Apply now for the"
9,"Events Programmer (Freelance), Awards for Young Musicians","South East, UK wide",Awards for Young Musicians (AYM) works across the UK to find musical potential and give talent a chance.  We know that musical talent ...
10,"Call out for blind and D/deaf artists and musicians, Lucy C Hayward",West Midlands,"Lucy C Hayward invites blind, visually impaired, D/deaf and hard of hearing artists UK wide to participate in a site specific children’..."
11,"Marketing, media and digital content coordinator, Musinc",North East,"Location: Middlesbrough Town Hall
Working Hours: 12 hours per week, for 15 weeks fixed term contract November 2020 to March 2021
Rate of pay: &..."
12,"Musinc 1:1 music tutors, Musinc",North East,Musinc are looking to develop their existing pool of 1:1 music tutors to deliver tuition to young people in challenging circumstances. Musinc are able ...
13,"Assistant music leader - Newtown Community Centre Project, Musinc",North East,"Role Title: MUSINC Music leader (Assistant) – Self employed
Location: Newtown Community Centre, Stockton on Tees (in partnership with Cornerhouse Youth Provision)"
14,"Lead music leader - Newtown Community Centre Project, Musinc",North East,"Role Title: MUSINC Music leader (Lead) – Self employed
Location: Newtown Community Centre, Stockton on Tees (in partnership with Cornerhouse Youth Provision)"
15,"Assistant music leader - My place Project, Musinc",North East,"Role Title: MUSINC Music leader (Assistant) – Self employed
Location: My place, Middlesbrough
Working Hours:  Thursdays weekly 6pm – 8..."
16,"Lead music leader - My place Project, Musinc",North East,"Role Title: MUSINC Music leader (Lead) – Self employed
Location: My place, Middlesbrough
Working Hours: Thursdays weekly 6pm – 8pm"
17,"Assistant music leader - Breckon Hill Project, Musinc",North East,"Role Title: MUSINC Music leader (Assistant) – Self employed
Location: Breckon Hill Community Centre, Middlesbrough
Working Hours:  Wednesdays weekly 5..."
18,"Lead music leader - Breckon Hill Project, Musinc",North East,"Role Title: MUSINC Music leader (Lead) – Self employed
Location: Breckon Hill Community Centre
Working Hours: Wednesdays 5pm – 7.30pm"
19,"Artist Commission - Penistone Public Realm, Discover Dearne",Yorkshire,Discover Dearne on behalf of Barnsley Council’s Principal Towns team is seeking to appoint an artist ...
20,"Senior Manager, Museums (Collection Development), Arts Council England","North East, Nationwide","If you are interested in applying for this role please visit our recruitment website
https://www.artscouncil.org...."
21,"Web Developer/Creative Captioner, Hera","East, UK wide","Are you a web developer and/or creative captioner who's interested in disabled access?
Come and work with us on 'We Ask ..."
22,"Seeking Skilled Vocalists & Percussionists for an immersive show, Theatre-Rites","London, Manchester","Theatre-Rites is developing an exciting new immersive production with Manchester International Festival for their 2021 Festival.
Theatre-Rites’ Artistic Director"
23,"Area Director, South East, Arts Council England",South East,"Area Director, South East
Salary: circa £80,00 per annum
Contract: Permanent, 35 hours per ..."
24,"Programme Producer - Changing Trax, Positive Youth Foundation",West Midlands,Job Purpose:To take lead responsibility for our collaborative Youth Music/City of Culture Trust funded ‘Changing Trax’ programme designed to ...
0,"Senior Manager, Museums (Collection Development), Arts Council England","North East, Nationwide","If you are interested in applying for this role please visit our recruitment website
https://www.artscouncil.org...."
1,"Web Developer/Creative Captioner, Hera","East, UK wide","Are you a web developer and/or creative captioner who's interested in disabled access?
Come and work with us on 'We Ask ..."
2,"Seeking Skilled Vocalists & Percussionists for an immersive show, Theatre-Rites","London, Manchester","Theatre-Rites is developing an exciting new immersive production with Manchester International Festival for their 2021 Festival.
Theatre-Rites’ Artistic Director"
3,"Area Director, South East, Arts Council England",South East,"Area Director, South East
Salary: circa £80,00 per annum
Contract: Permanent, 35 hours per ..."
4,"Programme Producer - Changing Trax, Positive Youth Foundation",West Midlands,Job Purpose:To take lead responsibility for our collaborative Youth Music/City of Culture Trust funded ‘Changing Trax’ programme designed to ...
5,"Communications Assistant, Create",London,"Create is the UK’s leading charity empowering lives, reducing isolation and enhancing wellbeing through the creative arts. Our focus is on engaging ..."
6,"Workshop Leader / Practitioners, ART CAMP UK",Yorkshire,"Are you experienced with running workshops for children? Art Camp UK are looking for Leeds-based freelance workshop practitioners.
With the emphasis on ..."
7,"Storyteller, Evolve Music",South West,Sound Store is a community music project which will see a series of residencies take place in care & home settings for older adults. ...
8,"Community Music Practitioner, Evolve Music",South West,Sound Store is a community music project which will see a series of residencies take place in care & home settings for older adults. ...
9,"General Manager (Maternity Cover), Arlington Arts Centre",South East,"Arlington Arts are looking for an experienced and well motivated individual to take on the reins of this busy, ever changing venue. With new ..."
10,"Technical Manager, The Stoller Hall",North West,"The Stoller Hall, one of Manchester’s finest venues, seeks an experienced Technical Manager to help deliver a diverse and inspiring ..."
11,"Technical Manager, The Stoller Hall",North West,"The Stoller Hall, one of Manchester’s finest live music venues, seeks an experienced Technical Manager to help deliver a diverse and inspiring ..."
12,"Specialist Factual Producer, TVF International",London,This is a unique opportunity to join the UK’s leading distributor of award-winning factual programming. With a track record going back over 30 ...
13,"Finance Assistant, Revelation",South East,Revelation are seeking an effective and flexible Finance Assistant join the small team! Revelation is a unique arts venue in Ashford Kent promoting ...
14,"Independent External Evaluator, Barra Culture",North West,Barra Culture is seeking an evaluation partner for the lifetime of our programme through to November 2023 (and perhaps beyond subject to future funding).
15,"Advancement Information Manager, Royal Academy of Music",London,Philanthropy plays a significant role in the life of the Academy and supports our mission to develop and educate the musicians of tomorrow. The ...
16,"Artistic Director / General Manager, Endelienta","South West, St Endellion","Endelienta, a small arts organisation in North Cornwall,  is looking for a talented Artistic Director/General Manager to lead and manage its quality ..."
17,"Chief Executive Officer, University of Atypical",Northern Ireland,"Closing: 4pm on Friday 23rd of October 2020
This position is part time (24 hours) fixed term for 3 year (renewable subject to funding)"
18,"Learning and Impact Manager, Voices Foundation",London,The Impact and Learning Manager is responsible for leading evaluation and research for the charity and distilling learning into key insights that will help ...
19,"Assistant Producer (fixed term), Chinese Arts Now",London,"Chinese Arts Now (CAN) is a registered charity supported by Arts Council England. CAN produces and presents to the public, work that explores Chinese ..."
0,"Finance Manager, Rural Arts",Yorkshire,"The Finance Manager manages the finance function of Rural Arts, undertaking both day-to-day and strategic duties to contribute to the smooth running of the ..."
1,"Sustainability Manager, Things Made Public CIC",South East,It’s an exciting time for Basildon. The borough is on the cusp of a 3-year programme of community-led cultural experimentation to unleash ...
2,"Partnerships Manager, Southampton City Council",South East,"Following a joint motion by Southampton City Council in May 2019, Southampton is preparing a bid to become the UK City of Culture in 2025."
3,"Violin Teacher, Learning Music",East,"Location: Between Cambridge and Norwich
Remuneration: £24-26/hour
Closing Date: 21 October 2020
Start Date: 2 November 2020"
4,"Guitar Teacher, Learning Music",East,"Location: Between Cambridge and Norwich
Remuneration: £24-26/hour
Closing Date: 21 October 2020
Start Date: 2 November 2020"
5,"CYM Administrative Manager (London), Guildhall School of Music & Drama",London,"1 Years Fixed Term Contract (maternity cover), full time
Salary Range: £36,060 - £40,750 (including London Weighting) per-year depending on experience/performance during ..."
6,"Administrator, OperaUpClose",London,"We are recruiting for an Administrator to join OperaUpClose’s small, friendly and committed team. We’re looking for someone with a ..."
7,"Theatre Administrator, Lowther Pavilion Theatre",North West,"Lowther Pavilion Theatre is looking for an experienced, enthusiastic and highly organised Theatre Administrator to thoroughly support the administration of the Lowther Pavilion and ..."
8,"Senior Relationship Manager, Strategic Partnerships x 6, Arts Council England","West Midlands, Nationwide","If you are interested in applying for one of the post please visit our recruitment website
https://www.artscouncil.org.uk/news-and-jobs/..."
9,"Safeguarding Officer, Brass Bands England",Yorkshire,"(Part-time post: up to 17.5 hours per week) Salary: £25,000 per annum pro-rata (up to £12,500 actual) 
Based either at the successful ..."
10,"Guitar tutor for guitar song workshops, New Note Projects",South East,"Guitar tutor wanted for guitar song workshops run by New Note Projects, a music charity working with people in recovery from addiction. ..."
11,"Freelance Piano Tutor, Islington Piano Teachers",London,Islington Piano Teachers is a local piano school embedded in the community of Islington. We provide premium-quality piano lessons tailor-made for each individual learner. ...
12,"Community Coordinator, Union Chapel Project",London,"To oversee and coordinate the successful delivery of Union Chapel’s new Re-Union programme of creative activity, community engagement and empowerment, alongside our ..."
13,"Finance Director/Controller, Komedia Bath",South West,"Komedia Bath is a vibrant, innovative, community owned arts venue in the heart of Bath.  We are looking for a hands-on Finace ..."
14,"Development Manager, Music in the Round",Yorkshire,Music in the Round is the leading national promoter of chamber music. Our aim is to bring people and music closer together ...
15,"Head of Programmes, Music in the Round",Yorkshire,Music in the Round is the leading national promoter of chamber music. Our aim is to bring people and music closer together ...
16,"Marketing & Audience Engagement Manager, Take Art",South West,"We are a pioneering Somerset-based charity that delivers a transformational, high quality arts programme with a local, and growing national and international, focus. We ..."
17,"2 x new music theatre / opera commissions, Northern Opera Group",Yorkshire,"New Responses to Old Operas

We are pleased to announce a call-out for composers, lyricists and songwriters, for ..."
18,"Creative Learning Producer / Partnership Manager (Freelance), Sandwell Cultural Education Partnership (SCEP)",West Midlands,"We are seeking a freelance individual or company who has the experience, capacity ..."
19,"Lancashire Encounter Commission, Lancashire Encounter",North West,"""On Earth there is nothing great but man""
The Harris Museum, Art Gallery and Library was founded in 1877 by Edmund Harris. Carved ..."
0,"Comms and Fundraising Officer, Conductive Music CIC",London,"PT role for 1 day/week
Contract-based with renewal at 6 months subject to performance appraisal
Homeworking (Remote work)
Rate: &..."
1,"Performing Arts Commissions, Manasamitra",Yorkshire,Are you a musician or performance artist based and/or working primarily in Dewsbury / Kirklees? Would you like to take part in an online ...
2,"Artist Commission for a micro-festival in Crawley, Jan 2021, Creative Crawley","South East, Sussex",Creative Crawley is a group of people who have come together to expand creativity and participation in the arts in Crawley through collaboration and ...
3,"Office and Finance Manager, Trowbridge Town Hall",South West,"We are recruiting for a new managerial role to work with Trowbridge Town Hall. This person will manage the finances, contracts, policies and HR ..."
4,"Women Leaders South West Associate, The Point, Eastleigh",South West,"The Women Leaders South West project is run by a group of eight arts organisations and one business school.
The project also ..."
5,"Executive Director, Iford Arts",South West,"Iford Arts seeks an ambitious, energetic Executive Director
As the only company dedicated to producing Opera in the South West, Iford Arts ..."
6,"Outdoor Arts Commission: Bringing High Streets to Life, Historic England","London, All regions",The High Streets Heritage Action Zones (HAZ) Programme is a nationwide scheme designed to secure lasting improvements to our historic high streets for the ...
7,"Snappy Operas - Regional Coordinator, Mahogany Opera","North East, Yorkshire, East Midlands",Mahogany Opera is looking Regional Coordinators to work on our ...
8,"Snappy Operas Delivery Artist - Repetiteur, Mahogany Opera","North East, Yorkshire, East Midlands",Mahogany Opera is looking to extend its team of delivery artists working on our ...
9,"Snappy Operas Delivery Artist - Musical Director, Mahogany Opera","North East, Yorkshire, East Midlands",Mahogany Opera is looking to extend its team of delivery artists working on our ...
10,"Snappy Operas Delivery Artist - Director, Mahogany Opera","North East, Yorkshire, East Midlands",Mahogany Opera is looking to extend its team of delivery artists working on our ...
11,"Resonance, for Black, Asian and Minority Ethnic music-makers, Opera North","North West, North of England","Launched in 2017 and supported by PRS Foundation’s Talent Development Partner Network, ..."
12,"PRiSM Writer In Residence, RNCM PRiSM",North West,"PRiSM, the RNCM Centre for Practice & Research in Science & Music, is seeking to appoint a visiting Writer for ..."
13,"Personal Assistant, James Rose",London,"James Rose who has Cerebral Palsy is recruiting personal assistants to assist him at home and work. For further details, please see http://www...."
14,"Music Marketer Internship, Peculiaroso",London,"Music Internship (working with an artist) 
This internship will provide you with the opportunity to get real-world experience working with an ..."
15,"Instrumental and Vocal Music Teachers, Surrey County Council","South East, Surrey",Surrey Arts are always keen to hear from qualified vocal and instrumental teachers who can help us to deliver great opportunities and services to ...
16,"Choreographer/ Musical Directors/ Vocal Coaches/ Acting Coaches, Stagebox","London, Leeds, Manchester","Rate of pay: £40 per hour
Leeds and / or Manchester

Stagebox are looking for top level creatives for ..."
17,"Freelance Early Years Musician/Storyteller, Beanstalk Arts",London,We're looking for experienced freelance early years practitioners to join the Beanstalk Arts team to lead interactive musical storytelling sessions in SE London.
