,jobTitle,location,jobDescription,company
0,Music Reviewer - albums and live events,London,Passionate about music and writing? Able to write outside of your preferred music genre interests. This role is ideal for someone who is passionate about…,Renowned For Sound
1,Musician,United Kingdom,To do something more with your music apply now. British Army Music supports military and civil events from world renowned parades through to contemporary bands…,The Army
2,Sales Executive – DJ & Music Production Equipment,Leeds,Comprehensive product training provided by the Music Industries leading brands. Ideally you will also actively produce music either as a hobby or professionally…,Bop Trading Ltd
3,Piano/Keyboard & Vocal Teacher - Liverpool,Liverpool,Piano/Keyboard & Vocal teacher required for our Music School in Liverpool. Applicants should have a good level of practical ability along with a sound knowledge…,RIMMERS MUSIC LTD
4,Music Journalist,London +5 locations,"As a freelance Music Journalist working for RAWMUSICTV, we’ll expect you to deliver interesting opinions on the latest albums, which you will have early access…",RAWMUSICTV
5,CityRep(Live Music Promoter),East London,"Leading ongoing emerging/independent music live music shows: Are you a passionate, entrepreneurial live/online music events/performances, promoter with ongoing…",youbloom
6,Senior Producer Music,Shoreditch,A number of pre existing industry contacts relevant to music composition in advertising/film/tv/branding. A strong passion for music and a deep understanding of…,Molecular Sound
7,Bookkeeper - Part Time (Music Shop),London,It is a friendly and efficient team here in a music shop so Someone who is positive and works well in a team would be a bonus.,GUITAR SHOP
8,"Music Content Strategist, YouTube",London,Experience working in the music industry with online audience development. You will also help establish best practices for YouTube Music Artist and Label…,YouTube
9,Assistant music leaders,Teesside,Work with the lead music leader to deliver a series of music making sessions with young people in challenging circumstances. Overall purpose of the role*.,"Musinc, Middlesbrough Council"
10,Music Publicist,London,Existing contacts with music publications and channels. Strong relationships with journalists and editors in the music industry.,Burstimo
11,Product Sales Manager ( Music),London,"We are currently recruiting for a Product Sales Manager to actively introduce, promote and be an ambassador of music brands such as Rockjam, Martin Smith and…",CMS Distribution
12,"Dance, Music & Singing teachers",Nottingham,Encouraging self expression through music and dance. Freedom Foundation uses music and dance to support the physical and mental health of children and young…,Freedom Foundation CIC
13,Amazon Music UK PR Manager (12 month fixed term contract),London,Drive Amazon’s digital music narrative in the press and manage external facing Amazon Music messaging. Management of senior Amazon Music leadership.,Amazon UK Services Ltd.
14,Freelance Music Tutor - Piano,Knaresborough,"We are opening a brand new music store in the centre of Knaresborough at the beginning of October. As well as a large retail section, the store will be offering…",The Music Bank - Knaresborough
15,Content Manager (Production Music),London,"BMG Production Music is fully-owned by new music company BMG, the world’s fourth biggest music publisher and the first new global player in the recordings…",BMG Rights Management Services (UK) Limited
16,"Associate Legal Counsel, Music",London,"Experience, either in-house or private practice, of negotiation of music licensing agreements with record labels, music publishers and collecting societies for…",Google
17,"Tutors for English, Maths, French and/or Music (Guitar/Vocals/Piano)",Ruislip,"They are looking for a tutors who can teach children between the ages of 5-10 locally in the community for catchup sessions of English and Maths, French and…",Education Technology Community
18,Music School Teachers,Kingston upon Thames,"A music school based in Kingston Upon Thames with well-reputation is looking for a new piano teacher, who has passion for teaching and is highly responsible to…",Enhui Music
19,Music Teacher,London,"LoganBros is a leading music specialist service operating across schools, businesses and other organisations in the UK.",Logan Bros
20,Visiting Music Teacher – (Piano),London,To provide 30 music lessons to each pupil across the academic year. The successful candidate must possess a qualification in their instrument to at least degree…,Highgate School
21,Beautiful Digital - Digital Account Manager for Music Artists (HW),London,This is a 12 month + working from home Apprenticeship with Beautiful Digital which requires 20% a month training with BCE in 'Digital Marketing or Content…,BIG CREATIVE EDUCATION
22,FUN 4 YOUNG PEOPLE MUSIC TUTOR,Bedford,FUN 4 YOUNG PEOPLE MUSIC TUTOR. These services cover the Bedford Borough Area. This role is subject to a clean DBS. Our Fun4Young People groups work with 5-16.,YMCA Bedfordshire
23,Beautiful Digital - Digital Account Manager for Music Artists (HW),London,This is a 12 month + working from home Apprenticeship with Beautiful Digital which requires 20% a month training with BCE in 'Digital Marketing or Content…,BIG CREATIVE EDUCATION
24,Freelance Musician,London,We are launching a new music academy that enables musicians to showcase their their music on our channel. WE HAVE A HIGH VOLUME OF ENQUIRIES - PLEASE FEEL FREE…,Habitat
25,Professional Musician,London,We are launching a new music academy that enables musicians to showcase their their music on our channel. WE HAVE A HIGH VOLUME OF ENQUIRIES - PLEASE FEEL FREE…,Habitat
0,Examiner - GCE A Level - Music (2016 Specification),London,"A Music GCS Examiner marks candidates’ responses in accordance with the pre-defined mark scheme, whilst adhering to conditions of recognition and examination…",Pearson
1,Music Teacher,Perry Barr,Are you a passionate Music teacher looking to make a positive impact on young students lives? Zest education has recently been working with a ‘Good’ Ofsted…,Zest Education
2,Guitar and Bass Teacher,Chester,The Queen’s School is a leading selective GSA Independent day school providing education for around 600 girls between the ages of 4 and 18 years.,The Queen's School
3,Preschool Children's Music Teacher,Congleton,"We are Rhythm Time - award-winning, fun and developmental music classes for babies, toddlers & pre-schoolers. We have the perfect solution.",Rhythm Time (Cheshire) Limited
4,Music Marketing Graduate Role,Royston,We’re looking for a Music Marketing Executive to join our team to work closely with clients to ensure their campaigns are managed and well executed from start…,Burstimo
5,Virtual Musicians,Banbury +1 location,"A passion for music that you would like to share. They’re missing their weekly visits from our normal pianist and would love to hear some live music, and if you…",Leonard Cheshire
6,Leader of Music,Croydon,Music is an important part of our. Across our Trust Music is at the. Successful teaching of Music up to GCSE. To develop a role working in primary music.,The Collegiate Trust
7,book or music and entertainment volunteers,Chesterfield,"While there are opportunities across a range of roles in our shops, you may prefer to volunteer in one of our departments.We’re always looking for people who…",British Heart Foundation
8,Growth Manager (Production Music),London,"BMG Production Music is fully-owned by new music company BMG, the world’s fourth biggest music publisher and the first new global player in the recordings…",BMG Rights Management Services (UK) Limited
9,Instrumental Music Teacher,Sutton,We are a Music Service looking to recruit instrumental tutors within the UK for our tutor database. You will be advertised on our website to gain more students…,Musically Instrumental
10,Lecturer in Music,Plymouth,"A first degree and PhD in Music; The Theatre, Dance, and Music subject in the School of Humanities and Performing Arts is looking for an energetic and committed…",Plymouth University
11,Technician in Music {HR5737},Chichester,"As a Technician, you will primarily assist with the teaching of Music Performance and Production. Pro rata of £18,180 per annum (i.e.",Chichester College Group
12,Royal Marines Musician,United Kingdom,"DAO Level 3 Diploma in Military Music. As a Musician in the Royal Marines Band Service, you’ll be a part of the world’s most versatile military music…",Royal Navy
13,DIRECTOR OF MUSIC,Dorton,"The successful candidate will be genuinely passionate about music and be able to enthuse the children about, and promote the enjoyment of, music through their…",Buckinghamshire Council
14,Roadie and Piano Moving Work,Hatfield,"This is also a great opportunity for anybody interested in a career in the music and events industry. Although not essential, this job would be really suited to…",PianoDJ
15,Piano Teacher,London,Bright Music Futures is a music teaching service looking for Piano Teachers to join our successful team immediately. We have vacancies in the following areas:,Bright Music Futures
16,Music Teacher,London,"This position involves teaching music lessons to all classes from Reception to Year 6, leading music assemblies across the school and championing music…",Viridis Schools
17,Senior Manager - Digital Creative (Production Music),London,"BMG Production Music is fully-owned by new music company BMG, the world’s fourth biggest music publisher and the first new global player in the recordings…",BMG Rights Management Services (UK) Limited
18,Part Time Music Class Leader,Harrogate,"We are Rhythm Time in Harrogate, York & Wetherby - award-winning fun and developmental music classes for babies, toddlers & pre-schoolers.","Rhythm Time Harrogate, Wetherby and York"
19,Experienced Online Vocal Tutors,Woking,Tutors Valley are an online tuition company currently expanding and now looking for experienced qualified Vocal Tutors.,Tutors Valley
20,Music Volunteer,Worthing,"We are looking for a person who enjoys making music, playing music, singing and wanting to share this with others. Do you enjoy listening too and playing music?",Leonard Cheshire
21,"Music teacher Yeading, UB4",Park Royal,Music Degree or QTS qualification. Inspiring the next generation through music. If you are a passionate and skilled music teacher keen to deliver engaging…,J and C Education
22,MUSIC TEACHER HARROW,Park Royal,"You will deliver engaging music lessons for KS1, KS2, lead music concerts and organise peripatetic music teachers to ensure an enriching, well rounded music…",J and C Education
23,Freelance Music Journalists and Broadcasters,Cambridge,"Are you a freelance journalist with lots of contacts at music sites, blogs , Vlogs and print media or you have your own radio show etc.?",www.quitegreat.co.uk
24,Guitar Teacher - Liverpool,Liverpool,Guitar teacher required for our Music School in Liverpool. Applicants should have a good level of practical ability along with a sound knowledge of theory.,RIMMERS MUSIC LTD
25,Music Teacher (Unqualified),Dagenham,Knowledge of teaching music to children ages 5-11 (ideally in a school / workshop setting). Junior Jam require a new staff member to cover Music PPA sessions in…,Junior Jam
0,Music Instrumental Teacher for Vocals,Enfield,The successful candidate must be able to prepare students for ABRSM and Trinity Rock & Pop Music Examinations throughout the grades and encourage a life-long…,Oasis Community Learning
1,Music Teacher,Southampton,"Music Teacher Needed for private lessons in Southampton, SO40 9HQ.*. River Studios is a premier recording studio and music complex in Southampton, offering…",River Studios
2,Activities Coordinator/Musician,St Albans,Engaging in rolling/individual music classes in order for residents to develop new skills and interests in music and performing arts.,Fonthill Care (Harry Park Ltd)
3,Music Teacher,Brentwood,Music teacher needed for a fantastic school in Brentwood.. Demonstrable history of teaching Music to a high standard. £150 ‘Refer a Friend’ bonus*.,Engage Education
4,Music Sensory Volunteer,Nottingham,This role will require the volunteer to be enthusiastic about music and working with residents and staff in a creative manner. What will I be doing?,Real Life Options
5,Mobile Music Tutor,Tayside Region,Deliver Mobile Music tuition to clients on the instrument of their choice. O Be responsible for own calendar and clientele. O Access to own vehicle.,Kingfisher Music
6,Music Teacher,Coulsdon,"The successful candidate will secure and sustain effective teaching of music for individuals, groups and classes.",Keston Primary School
7,Music Therapist,Workington,"Music Therapist based at Amathea, Workington. Richards (Eds), Collaboration and assistance in music therapy practice, London: £34,155 per annum, pro rata.",MHA
8,Music Teacher - Brass,Sheffield,To liaise with the Director of Music about all matters. To work alongside the other visiting music staff in planning timetables.,Mount St Mary's College
9,Music teacher (piano),Abingdon,Are open to new methods of music education. Live locally to our music school in Oxfordshire (OX14 4UA). We are looking for talented pianists to expand our happy…,Matrix Arts Centre
10,Pianist,Bransford,"The Bank House Hotel & Golf Club is a 4 star hotel which boasts 66 rooms, restaurant and bar, as well as flexible business facilities with 8 meeting and…","The Bank House Hotel, Spa & Golf Club"
11,Music Teacher SEND,Leatherhead,We are seeking a Music Teacher for Specialist school in Surrey . You will ideally have recent classroom experience and exposure to supporting pupils with…,110% People
12,Pianist,Folkestone,"Classically trained and very well presented, you will be expected to play background music within The Palm Court Restaurant, Keppels Bistro & during many…",The Grand
13,Arts Therapist (Music),Lothian,"MUSIC THERAPIST – CAMHS Tier 4 Services. For this role, Music Therapy is provided to children and young people with mental health difficulties engaged in Tier 4…",NHS Scotland
14,Part-Time PPA Music Teacher(QTS not required),Dudley,Competent knowledge of Music education including Music theory. Do you remember how Music inspired you as a child? Do you work in line with the following values:,Primary PPA Cover
15,Sales Executive – DJ & Music Production Equipment,Leeds,Comprehensive product training provided by the Music Industries leading brands. Ideally you will also actively produce music either as a hobby or professionally…,Bop Trading Ltd
16,Peripatetic Music Teacher (Piano) - Twynham School,Christchurch,Six hours per week - STPCD conditions. Twynham School is a very special place with an excellent reputation both locally and nationally.,External
17,Music Teacher Thur & Fridays,Hayes,Music Degree or QTS qualification. Inspiring the next generation through music. If you are a passionate and skilled music teacher keen to deliver engaging…,J and C Education
18,Senior Account Manager (Music & Entertainment),London,"You have experience working in the music or entertainment industry. As Senior Account Manager, you will be held accountable for the performance of the Music &…",Fanbytes
19,Full-time Guitar Sales Consultant,Guildford,"Sales experience, ideally in a retail environment or similar or within the music equipment sector. Due to the continued success of Andertons Music, we are…",Andertons Music Company
20,Music Teacher (Unqualified),Dagenham,Knowledge of teaching music to children ages 5-11 (ideally in a school / workshop setting). Junior Jam require a new staff member to cover Music PPA sessions in…,Junior Jam
21,Drum Plant Operator,Heysham,"We are looking to recruit an Operator to work on our Drum Handling Plant(s) and/or Solid Handling Plant, to carry out day to day operational tasks whilst…",TRADEBE
22,"Musicians ( guitar or Sax ), Soloist, Comedians",Hemel Hempstead,"We are looking for exceptional and engaging entertainers - comedians, soloists and musicians, to entertain guests during service at our Brazilian restaurant ,…",BULL RODIZIO
23,Head of Music,Kent,"Are you a Head of Music, 2ic Music, or Teacher of Music seeking a position of responsibility? Head of Music Department – Secondary School, Isle of Sheppey, Jan…",Dunbar Education
24,Early Stages (age 4-6) Drama and Singing Teacher,Castle Donington,A vacancy has arisen for an Early Stages drama and singing teacher within our school. The hours of work are 10am-11am on Saturday mornings during our active…,Stagecoach Performing Arts Long Eaton
25,Teacher of Music,Rochford,"Teacher of Music required in Rochford - NQT/QTS*. Music teaching up to KS4 (NQT's welcome): Confident teaching Music at Key Stage 3, 4 and 5 to a range of…",Engage Education
0,Music Teacher HCC17590,Winchester,"Hampshire Music Service (HMS) is committed to giving every child and young person the chance to participate, enjoy and achieve by making music together.",Hampshire County Council
1,Unqualified Primary Teacher - ASAP Start,Newham,"You will be mainly based within Year 2, but will also work across other year groups and deliver Maths, English, Science, Drama, Music lessons and more!",Clarus Education
2,Musical Theatre Teacher,London,"Experience planning and delivering successful performing music lessons for children and young people, preferably within a theatre or music school setting.",Navi Management
3,Music required for PPA Cover in a Harlow Primary School,Harlow,PPA Cover Ltd are looking to recruit a Music teacher or subject specialist to work in one of our Primary schools based in Harlow. About us and what we offer:,PPA Cover Ltd
4,Singing and Piano Teacher,Leicester,"Art form - music, course leader, arts, Vocals, Singing, Piano. Music Learning Collective (MLC Academy) is a learning centre of excellence for all ages and…",MLC Leicester
5,"Education Manager – Music, Performing Arts and Drama",Belfast,"To be successful you will be highly motivated with experience of teaching Music to GCSE level or above; October 30, 2020 at 12:00.","Council for the Curriculum, Examinations & Assessment (CCEA)"
6,Piano Tuner,Westbury,Tuning pianos both in the showroom and in customers houses. You need a current driving licence as we are fairly rural unless you only want a few hours per week…,All Instruments Ltd
7,Volunteer Music Activity Befriender,Greenock,If you enjoy music then this is an exciting opportunity for you. Sourcing and supporting the gentleman to attend small gigs and music activities.,Quarriers
8,Performing Arts Coordinator,Stockton-on-Tees,"Daisy Chain are looking to recruit anenthusiastic, creative and inspiring Performing Arts Coordinatorwho is passionate about inspiring others and making a…",Daisy Chain Project
9,Music Teacher (KS2),Dagenham,"Manor Junior School wish to appoint a part-time music teacher with a real love and enthusiasm for music and who is hard-working, flexible, committed to joining…",London Borough of Barking and Dagenham
10,Teacher of Music,Oldham,"The Principal, under the day-to-day management and leadership of the Faculty Leader. Relevant teaching and associate staff;",Oasis Community Learning
11,Mail Order Sales Consultant – Guitar,Guildford,"Due to the continued success of Andertons Music Company, we are currently looking to add additional high calibre Guitar Sales Consultants to work in our Mail…",Andertons Music Company
12,Part-Time Music Teacher PPA(QTS not required),Harlow,Competent knowledge of Music education including Music theory. Primary school based in Harlow with a need to cover music. Equipment provided by our school.,Primary PPA Cover
13,MUSICIAN,Harrogate,"DO SOMETHING MORE WITH YOUR MUSIC. BTEC Level 2 Qualification in Music. The Corps of Army Music is made up of 13 Regular bands and 1 string orchestra, that play…",Army Jobs
14,Head of Music,Ipswich,"Someone with as much enthusiasm about music as we have. We have spent a lot of money recently updating our music rooms. MPR / UPR (0.8 FTE) + TLR 2a (£2,873).",Stoke High School - Ormiston Academy
15,Clarinet & Oboe Teacher,Eastbourne,"Create Music School is provides music lessons and vocal coaching, based in the heart of Old Town in Eastbourne. The role will start on securing students.",Create Music School
16,Drum Teacher Leicester,Leicester,"Art form - music, course leader, arts, Drums, Percussion. Music Learning Collective (MLC Academy) is a learning centre of excellence for all ages and abilities.",MLC Leicester
17,Piano Tutor,Maidenhead,Cherry Garden Music *is seeking a fun and exciting *Piano tutor*. At Cherry Garden Music we pride ourselves on offering students an amazing service.,Cherry Garden Music
18,Teacher of Music,Croydon,"Music specialists at Riddlesdown Collegiate, who provide the curriculum delivery of Music at The Quest. Develop their teaching career in Music.",The Collegiate Trust
19,Books & Music Volunteer,Largs,"Love books, films and music? Shop Retail Volunteer (Books and Music)*. Sharing your love of books, film or music whilst serving on the till or shop floor.",BHF
20,Welsh Speaking Examiner - Music Technology (2017 Specification),London,"A GCE Music Technology (New Specification) Welsh Speaking Examiner marks candidates’ responses in accordance with the pre-defined mark scheme, whilst adhering…",Pearson
21,Music Therapist (Equivalent Band 6) - The Children’s Trust School,Tadworth,An exciting opportunity has arisen for enthusiastic and passionate children's Music Therapist to join our Specialist Centre rated as Outstanding in care by CQC.,The Children's Trust
22,Peripatetic Violin Teacher,London,A passionate and outstanding performer as well as committed to music education. Be in contact with Head of Music at Pimlico Academy to help prepare students for…,Churchill Gardens Primary Academy
23,Music Teacher,Gravesend,"To be considered for the Music Teacher role: As a Music Teacher with CER, you will benefit from. CER has exciting positions for Music Teachers to start as soon…",CER Education Recruitment
24,Music Teacher,London,Are you a music Teacher who wants to join a school who are looking for someone to develop the music department and promote a love of music throughout the school…,Tradewind
25,Music Teacher required for PPA Cover in a Acton Primary School,Acton,PPA Cover Ltd are looking to recruit a Music teacher or subject specialist to work in one of our Primary schools based in Acton. About us and what we offer:,PPA Cover Ltd
0,Teacher of Music,Worthing,"We are looking for a Part-Time Music teacher who is well qualified, enthusiastic and enjoys instilling students with a love of music for January 2021.",Our Lady of Sion School
1,Head Music Tutor / Coordinator / Music Tutors,Bury,"We're looking for an enthusiastic and forward thinking head music tutor / centre coordinator to spearhead our fledgling music tuition business based in Bury,…",Redwall Studios Music Tuition
2,1:1 Music & Drama Teaching Assistant,Hucknall,A passion for music or drama. Are you enthusiastic about drama and music? Do you have experience in supporting children with SEN?,LTF Recruitment
3,Music Teacher,Hampshire,Are you a passionate and creative Music teacher? Able to teach Music up to KS4. This is a great opportunity to join a school where Music and Performing Arts are…,Dunbar Education
4,Guitar Peripatetic Teacher Job Advert,Crayford,We are looking for a guitar teacher to be part of our music. Organisational skills and the flexibility to work in a busy school music department.,Haberdashers’ Aske’s Federation
5,Teacher of Music,Haywards Heath,The role will be to build upon the academic success of the Music department by supporting the Director of Music and Head of Academic Music in running all…,Ardingly College
6,Musical Theatre Teacher,London,"Experience planning and delivering successful performing music lessons for children and young people, preferably within a theatre or music school setting.",Navi Management
7,Guitar Technician,Stratford-upon-Avon,Richards Guitars (www.rguitars.co.uk) is regarded Nationally and Internationally as a dedicated guitar specialist. We describe it as our second family!,Richards Guitars
8,Retail Music and Entertainment Volunteer,Bangor +1 location,"Love music, films or gaming? Sharing your love of music and film whilst serving on the shop floor. Keeping our music and entertainment department fully stocked…",British Heart Foundation
9,Drum Kit / Djembe Teacher,Eastbourne,"Create Music School is provides music lessons and vocal coaching, based in the heart of Old Town in Eastbourne. The role will start on securing students.",Create Music School
10,"0.4 Music Teacher, Children's Complex Needs",Kings Bromley,"Covering our music curriculum you will be expected to lead the teaching and coordination of flexible, person-centred programs of study for designated…",Outcomes First Group
11,Head of Music,London,"The Head of Music will have the opportunity to further develop learning in Music, both within and beyond the classroom. OFSTED rated Outstanding since 2010.",Tradewind
12,Senior Media Manager (Music) – Global eCommerce Business,London,Candidates will need solid cross-channel planning experience across multiple markets and a deep passion for / experience with music and technology clients.,Silverdrum
13,"Music Teacher, maternity cover from January 2021",Gosport,Teaching pupils how to read music. An in-depth knowledge and passion for music. A teacher who can inspire in others a love for Music.,Bay House School & Sixth Form
14,Performing Arts Leader,Stockton-on-Tees,"Daisy Chain are looking to recruit twoenthusiastic, creative and inspiring Performing Arts Leaders whoare passionate about inspiring others and making a…",Daisy Chain Project
15,Guitar Teacher Loughborough,Loughborough,"Art form - music, course leader, arts, Drums, Percussion. Music Learning Collective (MLC Academy) is a learning centre of excellence for all ages and abilities.",MLC Loughborough
16,DRAMA & SINGING TEACHER for kids,Kingston upon Thames,"We are looking for an experienced Drama & Singing teacher for our students age 3-12 on Saturday. To apply, you must ideally have 2 years teaching experience of…",Lyric Dance School
17,Casual Instrumental/Vocal Teachers,Bradford,Bradford Music & Arts Service is a highly successful service and the lead organisation for Bradford’s Music Education Hub.,Bradford Metropolitan District Council
18,Violin Teacher,Bletchingley,Accountable to the Head of Music. To aim to inspire enthusiasm and a love of music. To provide services on a self-employed basis with the stipulations detailed…,The Hawthorns School
19,Music Lover Shop Assistant Volunteer,Southampton,"Southampton's premier second-hand music store, specialising in vinyl is looking for an enthusiastic, music lover shop assistant. Are you passionate about music?",Oxfam Music Southampton
20,Guitar Teacher,Stockport,Stockport Music School is looking for a part-time guitar teacher with a desire to teach music to small groups of children from 9 years and adults.,Stockport Music School
21,Guitar/Ukulele Teacher,Godalming,This is a great opportunity to begin building a portfolio of work with The Music Works. Based in Milford Surrey The Music Works teaches both in local primary…,The Music Works
22,Drum Yard Manager,Wrexham,Marlin Industries offers a unique and comprehensive range of packaging products and services to the cable industry. Quality inspection of finished drums.,Marlin Industries
23,Music Teacher,Redbridge,"Be able to deliver Music classes proficiently. To be considered for the Music Teacher position, you will: The ideal Music Teacher must have an excellent grasp…",Smart Teachers
24,Primary Music Teacher - Immediate Start (QTS Essential),West London,Full Time Primary School Music Teacher in West London. If you are you looking for a full time Music Teacher role in West London then Veritas Education would…,Veritas Education
25,Subject Teachers Required,Derbyshire,Connex-Education are currently seeking secondary teachers who are wanting to explore day to day supply. We work with a range of schools within Derbyshire and…,Connex Education
0,Temporary Teacher of Music (NQT),Crawley, Has an understanding of Music Technology.  Is enthusiastic in delivering Music at Key Stage 3 and can promote study at Key stages 4 and 5.,Holy Trinity C of E Secondary School
1,Music Teacher,Wakefield,To be considered for the Music Teacher position you will: The ideal candidate will have a teaching qualification alongside a degree in Music.,Vision for Education
2,".NET Developer, .NET Core, C# – Global Record Label – Bradford",Bradford,You will be working on the development of high-availability and highly-transactional .NET / C# applications which will be critical to the launch of their new…,Noir Consulting
3,Music Technology Teacher,Exeter,Engage learners creativity to produce music using digital platforms. Are you passionate about making music and looking to help improve the lives of young people…,Randstad Education
4,IBC & Drum Operator,Leeds,"Reconditioning of IBCs & Drums, working in a fast passed position with high quality standards.",C O'Donovan & Sons ltd
5,Content Creator - VR community (Fitness and Music),Home Based,Music degree or strong experience in music sequencing. We are on a mission to redefine fitness and prove that exercise can be fun - and for everyone.,FitXR
6,Guitar Teacher,Braintree,"We provide music, art and language tuition in primary and secondary schools. Edubox is an education provider working with schools across the UK.",Edubox
7,SLA07095 - Teacher of Music - Lanark Grammar - SLA07095,Lanark,We are now inviting applications from fully qualified (GTCS) teachers in Music. South Lanarkshire Council schools have undergone an £800m+ modernisation…,South Lanarkshire
8,Finance Administrator,Wellingborough,"Manage bookings and payments for music lessons, school trips, extra-curricular clubs and staff training courses.",Irchester Community Primary School
9,Piano and Singing Teacher,Downham Market,"We provide music, art and language tuition in primary and secondary schools. Edubox is an education provider working with schools across the UK.",Edubox
10,Drum Teacher,Bury St. Edmunds,"Work with Suffolk's lead music school, TF MUSIC SCHOOL. We're a close knit team with a passion for both music and education.",TF Music School
11,Peripatetic/Mobile Piano Teacher (MON/TUES/WED/THURS/FRI/SAT/SUN),Orpington,High demand for classical music exams (ABRSM/Trinity) - www.orpingtonmusicstudio.co.uk. Peripatetic/Mobile Piano Teacher MON/TUES/WED/THUR/FRI/SAT/SUN - to…,Orpington Music Studio
12,Preschool Children's Music Teacher,Congleton,"We are Rhythm Time - award-winning, fun and developmental music classes for babies, toddlers & pre-schoolers. We have the perfect solution.",Rhythm Time (Cheshire) Limited
13,Piano Teacher,Portsmouth,_Portsmouth Music Academy is the leading provider of music tuition in the South and plays an important role in supporting and developing local musicians through…,Portsmouth Music Academy
14,Commercial Analyst - Music,London,"Be keeping up to date of music issues and trends, being able to use these to creative innovative ideas. Fantastic opportunity for an experienced and detailed…",Handle Recruitment Ltd
15,Guitar and Bass Teacher,Chester,The Queen’s School is a leading selective GSA Independent day school providing education for around 600 girls between the ages of 4 and 18 years.,The Queen's School
16,Cover Vocal Tutor,Falkirk,"We currently have three music schools in Kirkintilloch, Cumbernauld and Falkirk, where we offer one-to-one tuition in drums, guitar, bass, ukulele, keys and…",Rookie Rockstars
17,Support Worker W/ Musical + Arts Background Experience,Croydon,Music and Arts Background (essential). The young person enjoys classical music and going to the opera. This is a great opportunity to work with a young person…,RTC Resources
18,Music Teacher,East London,MUST have experience working as a Music Teacher. Have the ability of teaching music from KS3/4. Music Teacher East London Inner London TB/0252 Contract.,Teacher Base
19,Music Teacher,London +3 locations,Are you looking for your next role teaching Music in an Academy with Music as one of their specialisms? The timetable would involve all levels of teaching Music…,Tradewind
20,Teacher of Music (Maternity Cover),Croydon,"This exceptional Music Department is looking for a well-qualified, dynamic and inspiring teacher to teach music to years 6 to 9.",John Whitgift Foundation
21,Side by Side Volunteer - Singing for the Brain companion,Hounslow +1 location,Love music and spending time with people. Volunteers find this a particularly rewarding way to help People with Dementia because they can see the positive…,Alzheimers Volunteer
22,Teacher of Music - Harrogate Grammar School,Harrogate,"Ü Four fully equipped music teaching rooms, as well as three fully equipped performing spaces. Comprised of Music and Drama with 7 teaching staff as well as a…",North Yorkshire County Council
23,".NET Developer, C# – Global Record Label – Leatherhead",Leatherhead,You will be working on the development of high-availability and highly-transactional .NET / C# applications which will be critical to the launch of their new…,Noir Consulting
24,Teacher,Mold,Cover absence throughout school as a supply teacher but mainly covering music classes when the designated staff member is away. Free car parking on site.,Randstad Education
0,Moderator - GCSE - Music (2016 Specification),London,A GCSE Music (2016 Specification) Moderator will review the centre assessment of candidates’ work in accordance with the agreed assessment criteria and Pearson…,Pearson
1,Music Teacher,Wakefield,To be considered for the Music Teacher position you will: The ideal candidate will have a teaching qualification alongside a degree in Music.,Vision for Education
2,".NET Developer, .NET Core, C# – Global Record Label – Bradford",Bradford,You will be working on the development of high-availability and highly-transactional .NET / C# applications which will be critical to the launch of their new…,Noir Consulting
3,Music Technology Teacher,Exeter,Engage learners creativity to produce music using digital platforms. Are you passionate about making music and looking to help improve the lives of young people…,Randstad Education
4,Cover piano teacher,Swindon,"We are looking for fun, super friendly piano teachers who can cover our current tutors when they are away. This may lead to permanent work for the right person.",Hikari Arts
5,Senior Instrumental and Vocal Music Instructor,Blackpool,"As lead organisation of the Blackpool Music Education Hub, the demand for music tuition from Early Years to university age for instrumental and vocal tuition…",Blackpool Council
6,Finance Analyst - Music,London,An amazing opportunity has arisen for a Finance Analyst to work within a major record label. The successful candidate will provide financial support to the…,Handle Recruitment Ltd
7,LAMDA Drama & Musical Theatre Teacher,Bishop's Stortford,Graham School of Dance & Theatre Arts is one of the country's leading pre-vocational dance and theatre arts schools in the country.,Graham School of Dance & Theatre Arts
8,Music Therapist,East London,Have Education and training in Music Therapy. I am recruiting now for a part time Music Therapist to work in a highly specialised SEMH School setting.,Academics
9,Teacher of Music - Maternity Cover - Harrogate Grammar School,Harrogate,"Four fully equipped music teaching rooms, as well as three fully equipped performing spaces. Comprised of Music and Drama with 7 teaching staff as well as a…",Red Kite Learning Trust
10,Music Teacher,East London +1 location,This is a part time Music teaching post. Are you a passionate and dedicated teacher of Music? The successful applicant will join a dynamic and newly renovated…,Academics
11,Motion Designer / Animator #Online #Music #Brand needed ASAP,London,To be considered please send me your cv and website or reel that showcases interesting music based content (or similar) for online platforms including social…,Creative Recruitment
12,Music leaders,Teesside,Knowledge of community music practice. Work in line with the Youth Music Quality Framework. Plan and deliver a series of music making sessions with young people…,"Musinc, Middlesbrough Council"
13,PQ Accounts Senior (Music Clients),London,Would you like the opportunity to work on some of the most well-known bands and artists in the music industry? Year-end bookkeeping and accounting for clients.,Austin Rose
14,"Lead .net developer required - exciting projects within music, Sport and festivals",Leeds,"Music distribution, fees, type of music (downloads, cd, vinyl, stream), royalties split. Ind sectors:-Sports, Retail and Music industry moguls to produce…",Interface Recruitment
15,Teacher of Performing Arts (Music and Drama),Cleckheaton,"To commence from January 2021, we are seeking to recruit a creative teacher of Music and Drama with the skills, expertise and passion to enthuse our young…",Kirklees Council
16,Teacher of Music,London,Teacher of Music Required for a Central London School. Applications are sought from teacher able to offer Music at KS3 level.,Hourglass Education
17,Vocal Coach - Razzamataz Theatre Schools,Sheffield,Razzamataz Theatre Schools Sheffield are currently seeking a Singing Teacher/Vocal Coach to work with children aged 9-18 years on Saturday’s during term time…,Razzamataz Theatre Schools Sheffield
18,Music Teacher,Watford +1 location,Music Teacher required for Good school near London. 1 year with possibility of extension. This school lies at the heart of the local community.,Uteach
19,Cleaner - Lyric House,Okehampton,"Devon Norse are the collaboration between commercial services specialists Norse Group and Devon County Council, delivering frontline services to the public and…",Norse Group
20,Music Teacher,Barnet +1 location,"They will demonstrate effective teaching of Music at key stage 3 and 4 level. Are you a driven Music Teacher with the ability to deliver interactive, effective…",Hourglass Education
21,Early Stages (age 4-6) Drama and Singing Teacher,Castle Donington,A vacancy has arisen for an Early Stages drama and singing teacher within our school. The hours of work are 10am-11am on Saturday mornings during our active…,Stagecoach Performing Arts Long Eaton
22,Music Teacher – Outstanding School (NQT’s Accepted),East London,The School is interested in receiving applications from an experienced Music Teacher as well as from an NQT Music Teacher. Please ask for further details.,Teacher Base
23,".NET Developer, C# – Global Record Label – Leatherhead",Leatherhead,You will be working on the development of high-availability and highly-transactional .NET / C# applications which will be critical to the launch of their new…,Noir Consulting
24,Teacher,Mold,Cover absence throughout school as a supply teacher but mainly covering music classes when the designated staff member is away. Free car parking on site.,Randstad Education
0,Teacher of Music (QTS) - KS3-KS4,Paddington,Teacher of Music (QTS) - KS3-KS4*. NQTs in Music are encouraged to apply. Plan and deliver high standard Music lessons that follow the UK National Curriculum.,The Supply Room
1,Music Teacher,Wakefield,To be considered for the Music Teacher position you will: The ideal candidate will have a teaching qualification alongside a degree in Music.,Vision for Education
2,".NET Developer, .NET Core, C# – Global Record Label – Bradford",Bradford,You will be working on the development of high-availability and highly-transactional .NET / C# applications which will be critical to the launch of their new…,Noir Consulting
3,Music Technology Teacher,Exeter,Engage learners creativity to produce music using digital platforms. Are you passionate about making music and looking to help improve the lives of young people…,Randstad Education
4,Examiner - GCSE - Music (2016 Specification),London,"A GCSE Music (2016 Specification) Examiner marks candidates’ responses in accordance with the pre-defined mark scheme, whilst adhering to conditions of…",Pearson
5,Teacher of Music,London +1 location,"Have excellent knowledge of the Music curriculum. Music plays a vital role within this already creative faculty, with excellent facilities, including a fully…",Tradewind
6,Music Teacher,Lambeth +1 location,If this music teacher role is of interest to you please contact Ryan at GSL Education ASAP. The school are committed to providing high-end training for the…,GSL Education Ltd
7,Music Therapist,Camden,"Music therapists assess emotional well-being, physical health, social functioning, communication abilities, and cognitive skills through musical responses.",Protocol Education
8,Secondary Teacher - Music,Haringey,"Are you creative, dynamic Music Teacher looking for an opportunity to teach music across the whole school? Be passionate about teaching music and have proven…",Protocol Education
9,Urgent - Music Teacher required for Barnet based School,London,"Are you looking for you next role teaching Music in Barnet? This client is seeking to recruit an inspirational, professional and highly skilled teacher of Music…",Tradewind
10,Social Media Specialist - Dance Music - Social Agency,London,A passion for dance music. Social Media Specialist - Dance Music - Social and Content Agency - London. 2+ years of experience working inside dance music as a…,Major Players
11,Music Teacher,London,Star Teachers currently have an exciting opportunity for a Music Teacher to join one of our most sought after schools!,A* Star Teachers
12,Music Teacher,Bedminster,At KS4 this is a popular subject attracting lots of pupils to take their Music GCSE. You will need to have full UK QTS and experience working with the National…,Long-term Teachers Ltd
13,Music Teacher,Waltham Forest,Excellent professional development opportunities to develop music further. The school wish to appoint an excellent Music Specialist:,Protocol Education
14,Music Teacher,Manchester,Be passionate about Music and be able to inspire this passion into pupils. Choice Teachers are currently assisting a very popular secondary school within the…,Choice Teachers
15,Music Teacher | Outstanding School | West London,West London,World Class Teachers are looking for an exquisite music teacher to teach in an Outstanding School in West London. Show a commitment to high standards.,World Class Teachers
16,Music Teacher,Plymouth,"The successful Music Teacher will be engaging, enthusiastic, and motivating. You should have a Teaching Qualification and a Music based degree.",Step Teachers
17,Music Teacher,Stafford,"We are recruiting for Music Teachers for general day to day cover, short-term or long-term roles. When you register with ABC Teachers you will see why we are…",ABC Teachers
18,Secondary Music Teacher - Immediate Start!,Waltham Forest,You most hold a QTS and have a background teaching music. Are you a qualified Music Teacher with experience working in a secondary school?,Protocol Education
19,Music Teacher,Reading,We are currently looking to recruit a Music Teacher with excellent classroom practitioning skills for a client based in the Reading area.,The Teaching Supply Agency
20,Music Therapist - The Children's Trust School (Equiv. Band 6 ),Surrey,Music Therapist (Equivalent Band 6) - The Children’s Trust School. An exciting opportunity has arisen for enthusiastic and passionate children's Music Therapist…,The Children's Trust
21,Primary Music Teacher,Hammersmith,"Confident and happy pupils, keen to learn music. We are working with a fantastic Free School in West London who are looking for a Music Teacher to join them…",Protocol Education
22,Music teacher required in Halifax from January 2020,Halifax,The successful candidate must have the ability to teach Music to key stage 3 and 4. Are you a Music teacher looking for a full time teaching job in a local…,Academics
23,".NET Developer, C# – Global Record Label – Leatherhead",Leatherhead,You will be working on the development of high-availability and highly-transactional .NET / C# applications which will be critical to the launch of their new…,Noir Consulting
24,Teacher,Mold,Cover absence throughout school as a supply teacher but mainly covering music classes when the designated staff member is away. Free car parking on site.,Randstad Education
0,Music Teacher,Ascot,Perm Teachers is looking to appoint a Music Teacher who is able to teach Music to KS3 and KS4 students including GCSE. To be considered for this role:,Perm Teachers
1,Music Teacher,Wakefield,To be considered for the Music Teacher position you will: The ideal candidate will have a teaching qualification alongside a degree in Music.,Vision for Education
2,".NET Developer, .NET Core, C# – Global Record Label – Bradford",Bradford,You will be working on the development of high-availability and highly-transactional .NET / C# applications which will be critical to the launch of their new…,Noir Consulting
3,Music Technology Teacher,Exeter,Engage learners creativity to produce music using digital platforms. Are you passionate about making music and looking to help improve the lives of young people…,Randstad Education
4,UK Head of Music,London,"You'll Collaborate with the other Heads of Music across Europe, leveraging ideas and maximising revenue opportunities. Childcare scheme, provided by TEDSgroup.",DICE
5,Secondary Music Teacher,Nottingham +1 location,"Have knowledge of the Key Stage three to five curriculums, specializing in Music. If you are looking for your next step teaching Music, call us on 01636653007.",Textbook Teachers
6,Music Teacher,Wolverhampton,"Music Teacher working with an exceptional award-winning, co-educational independent day school in Wolverhampton who are looking to take on a Music Teacher to…",1st Note Education Ltd
7,Secondary Music Teacher – Birmingham,Birmingham,"As a teacher of music you will be responsible for the full planning, preparation and delivery of high quality and engaging music lessons therefore knowledge of…",milk education
8,Piano/Violin/Vocal Teacher,Cradley Heath,Passionate music teacher who can take on a large cohort dealing with single lessons.,Pro Music Tuition Ltd
9,Music teacher required in Bradford from January 2021,Bradford,The successful candidate must have the ability to teach Music to key stage 3 and 4. Are you a Music teacher looking for a full time teaching job in a local…,Academics
10,Humanities and PE Teacher and Music Teacher | Good School | West London,West London,"To teach music to students at KS3, KS4 & KS5. World Class Teachers are looking for one Music Teacher and one Humanities + PE Teacher to work in a good school in…",World Class Teachers
11,"Music teacher Kilburn, NW6",Park Royal,Music Degree or QTS qualification. Inspiring the next generation through music. If you are a passionate and skilled music teacher keen to deliver engaging…,J and C Education
12,Examiner - GCE A Level - Music Technology (2017 Specification),London,"A GCE Music Technology (2017 Specification) Examiner will mark candidates’ responses in accordance with the pre-defined mark scheme, whilst adhering to…",Pearson
13,Primary Music Teacher (p/t),Durham,"We require a Primary Music Teacher for a long-term placement to start after October half term. Schools Mutual Services, with a HQ in a large Secondary School in…",Schools Mutual Services
14,Music Teacher,Cambridge,"To be considered for the role of Music teacher , you will: The desired Music teacher will be working with pupils, with a wide range of ability levels.",Vision For Education Ltd.
15,Music Teacher,Bedhampton,Candidates need experience teaching Music Technology up to KS5. Our client is looking for a experienced *Music Teacher*.,Teem Recruitment
16,Music/Performing Arts Teacher required – potential long term role!,Bradford,"Connex-Education are currently seeking a full time teacher of Music and Performing Arts, to work in a secondary school in the Bradford/Kirklees area.",Connex Education
17,Drum Tutor.,Cradley Heath,Part and Full time Drum tutor need for our large team in Cradley Heath. One way systems and large teaching rooms.,Pro Music Tuition Ltd
18,Teacher of Music,Cambridge +2 locations,"To be considered for the role of Music Teacher, you will: The desired Music Teacher will be working with pupils, with a wide range of ability levels.",Vision For Education Ltd.
19,110% Music Teacher,Slough,110% Teachers are teachers who go the extra mile ! We are a brand new venture who pride ourselves on our core values - to provide ethical and transarent…,110% People
20,Music Teacher,Derby,Music Teacher KS3 & KS4 Location: Competitive rates of pay Eden Brown are currently looking for Music Teacher to work in and around Derby areas.,Eden Brown Education
21,Teacher of Music,Huddersfield,Confident in teaching Music at KS3-KS4. You must be confident and experienced in teaching Music at KS3-4. Be a qualified or Newly Qualified Teacher of Secondary…,Eden Brown Education
22,Senior React Developer - Grow into a Team Lead - Music Industry,Bristol,"Looking for a Senior React Developer role where you can truly own the front end offering, mentor and grow a frontend team?",Opus Recruitment Solutions
23,".NET Developer, C# – Global Record Label – Leatherhead",Leatherhead,You will be working on the development of high-availability and highly-transactional .NET / C# applications which will be critical to the launch of their new…,Noir Consulting
24,Teacher,Mold,Cover absence throughout school as a supply teacher but mainly covering music classes when the designated staff member is away. Free car parking on site.,Randstad Education
0,Primary Teaching Assistant - Year 6,South West London,"Supporting during Sports, Arts, Music lessons. PREVIOUS CHILD RELATED EXPERIENCE IS ESSENTIAL. The Primary School is within a great location in Westminster.",Academics
1,Music Teacher,Wakefield,To be considered for the Music Teacher position you will: The ideal candidate will have a teaching qualification alongside a degree in Music.,Vision for Education
2,".NET Developer, .NET Core, C# – Global Record Label – Bradford",Bradford,You will be working on the development of high-availability and highly-transactional .NET / C# applications which will be critical to the launch of their new…,Noir Consulting
3,Music Technology Teacher,Exeter,Engage learners creativity to produce music using digital platforms. Are you passionate about making music and looking to help improve the lives of young people…,Randstad Education
4,Primary PPA Teacher,Ealing,"The school values competition and achievements outside of the class and encourage pupils to try new sports, and have an impressive standard and variety of music…",Protocol Education
5,".NET Developer, .NET Core, C# – Global Record Label – London",London +3 locations,You will be working on the development of high-availability and highly-transactional .NET / C# applications which will be critical to the launch of their new…,Noir Consulting
6,Music/French PPA Teacher,Dagenham,In this role you would need to have both the ability to teach French and Music capably. Qualified Primary teachers urgently required for a full-time Music…,Protocol Education
7,".NET Developer, C# – Global Record Label – Leatherhead",Leatherhead,You will be working on the development of high-availability and highly-transactional .NET / C# applications which will be critical to the launch of their new…,Noir Consulting
8,Music Teacher,Bromley,Music Teacher - Bromley - ASAP Start. Have a passion for the Music Subject. Support from an established Head of Music and Strong Music Department as well as the…,Remedy Recruitment Group
9,Analog Engineering Leader for Musical Instruments,Manchester,We at Music Tribe believe that our sole purpose is to empower you to become the most creative you can be. We believe in obsessively empowering you through our…,Music Tribe
10,Secondary Sociology Teacher,Birmingham,"As a teacher of music you will be responsible for the full planning, preparation and delivery of high quality and engaging music lessons therefore knowledge of…",milk education
11,Secondary Psychology Teacher – Birmingham,Birmingham,"As a teacher of music you will be responsible for the full planning, preparation and delivery of high quality and engaging music lessons therefore knowledge of…",milk education
12,".NET Developer, C# – Global Record Label – Leatherhead",Leatherhead,You will be working on the development of high-availability and highly-transactional .NET / C# applications which will be critical to the launch of their new…,Noir Consulting
13,Teacher,Mold,Cover absence throughout school as a supply teacher but mainly covering music classes when the designated staff member is away. Free car parking on site.,Randstad Education
