,jobTitle,location,jobDescription,company
0,Head of Membership,"London (Central), London (Greater)",Overall responsibility for the Membership Services Department; a team of 8.  You will ensure the effective operation of all systems & procedures.,MUSICIANS UNION
1,Theatre Technical Manager,"London (Central), London (Greater)",The Academy seeks a Theatre Technical Manager to manage all Academy major productions and performance venues.,ROYAL ACADEMY OF MUSIC
2,General Manager,"London (Central), London (Greater)",We are currently looking for a General Manager to join the Blüthner Pianos London team at our central London showroom.,Bluthner Pianos London
3,Credit Controller,"London (Central), London (Greater)",This is your chance to join a fast growing company with exciting opportunities for personal development.,POINT BLANK MUSIC SCHOOL
4,Specialist Practitioner,West London,"In this role, you will introduce the Production and Technical Arts students to the skills required and roles within Film and TV drama production.",LONDON ACADEMY OF MUSIC & DRAMATIC ART
5,Lead Practitioners,West London,We are seeking two Lead Practitioner roles in Voice and Technical Sound.,LONDON ACADEMY OF MUSIC & DRAMATIC ART
6,Producer,West London,We are looking to recruit a Producer to deliver the artistic goals and financial aims developed by the Director and Executive Director,LONDON ACADEMY OF MUSIC & DRAMATIC ART
7,Associate Teachers,West London,We are seeking the following Associate Teacher roles: Voice; Movement & Dance; Acting; Singing & Music; Technical Sound.,LONDON ACADEMY OF MUSIC & DRAMATIC ART
8,Teacher of Music,"Waltham Forest, London (Greater)","We are looking for an exceptional Teacher of Music, who has the highest expectations of both themselves and the students they teach.",RIVERLEY PRIMARY SCHOOL
9,Music Instrumental Teacher for Vocals (Singing),"Enfield (London Borough), London (Greater)",We are looking to recruit an inspirational and enthusiastic part time visiting instrumental music teacher for high quality vocal tuition.,OASIS ACADEMY ENFIELD
10,Legacy and Stewardship Officer,"Manchester, Greater Manchester",This is an exciting opportunity to join the RNCM’s dynamic development team.,ROYAL NORTHERN COLLEGE OF MUSIC
11,Supporter Engagement and Events Officer,"Manchester, Greater Manchester",This is an exciting opportunity to join the RNCM’s dynamic development team.,ROYAL NORTHERN COLLEGE OF MUSIC
12,Development Manager (Individuals),"Manchester, Greater Manchester",This is an exciting opportunity to join the RNCM’s dynamic development team.,ROYAL NORTHERN COLLEGE OF MUSIC
13,Head of Woodwind,"London (Central), London (Greater)",The Royal Academy of Music is seeking to appoint a new Head of Woodwind.,ROYAL ACADEMY OF MUSIC
14,"Senior Officer, Collaborative Funding (Capital)","Based at one of the Arts Council’s regional offices in Manchester, Newcastle, Leeds, Birmingham, Not","The Senior Officer, Collaborative Funding (Capital) will work within the Collaborative Funding (Capital) team.",ARTS COUNCIL ENGLAND.
15,Visiting Music Teacher – (Piano),"Highgate, London (Greater)",We are seeking an enthusiastic and experienced piano teacher to join our thriving department from January 2021.,HIGHGATE SCHOOL
16,Development Manager (Organisations),"London (City of), London (Greater)",The successful candidate will have substantial experience of major gifts fundraising and meeting personal income targets.,GUILDHALL SCHOOL OF MUSIC AND DRAMA
17,Development Manager (Individuals),"London (City of), London (Greater)",The successful candidate will have substantial experience of major gifts fundraising and meeting personal income targets.,GUILDHALL SCHOOL OF MUSIC AND DRAMA
18,Honorary Treasurer,"Bradford-on-Avon, Wiltshire",Established music charity near Bath seeking qualified treasurer to provide advice and oversight of the charity’s finance.,IFORD ARTS
19,Teacher of Music,"Hackney, London (Greater)",Mossbourne Victoria Park Academy is currently seeking an outstanding Teacher of Music to join the team.,MOSSBOURNE VICTORIA PARK ACADEMY
20,Head of Membership,"London (Central), London (Greater)",Overall responsibility for the Membership Services Department; a team of 8.  You will ensure the effective operation of all systems & procedures.,MUSICIANS UNION
0,Digital Communications Officer,"Wales - Cardiff Bay, Cardiff","You'll tell the story of our work through our digital platforms, demonstrating our impact through high-quality, engaging digital content.",NATIONAL YOUTH ARTS WALES
1,Advancement Information Manager,"London (Central), London (Greater)",We are seeking an enthusiastic and experienced Advancement Information Manager to join the well-established and successful Development team.,ROYAL ACADEMY OF MUSIC
2,Online & Social Media Manager,Working from home and Oxfordshire 2-3 days per week (travel paid for by the company),"Online & Social Media Manager at media company Studio Richter Mahr, home to acclaimed composer Max Richter and award winning visual artist Yulia Mahr.",Studio Richter Mahr
3,General Manager - Record Label,London,We require someone who is extremely motivated and dynamic; a true natural leader who thrives on organising and driving the business & team forward.,AI
4,Executive Director,"Bradford-on-Avon, Wiltshire",Iford Arts seeks a inspirational Executive Director with a passion for Opera and the performing arts.,IFORD ARTS
5,Financial Consultant,"London (Central), London (Greater)","Our client, an international music promotions company is seeking a Financial/Business Consultant.",THE MUSIC MARKET
6,Digital and Data Optimiser,"London (Central), London (Greater)","Our client, a global Record Company seeks highly detail orientated Digital and Data Optimiser.",THE MUSIC MARKET
7,Business Development Manager,"London (Central), London (Greater)","Our client, a music production company/label seeks Business Development Manager to generate new business within the advertising and film industries.",THE MUSIC MARKET
8,Learning & Development Business Partner,"London (Central), London (Greater)","Our client, a global music company is seeking an experienced Learning & Development Business Partner for a twelve-month maternity cover.",THE MUSIC MARKET
9,Chief Technology Officer,"London (Central), London (Greater)","Our client, an internationally acclaimed music publisher, seeks Chief Technology Officer to bring technological expertise that enhances business aims",THE MUSIC MARKET
10,Commercial Analyst,"London (Central), London (Greater)","Our client, a global music company is seeking a highly skilled Commercial Analyst to provide key intelligence to the business.",THE MUSIC MARKET
11,Production & Royalty Assistant,"London (Central), London (Greater)","Our client, an award-winning music jingle and library production company is seeking an enthusiastic Production & Royalty Assistant...",THE MUSIC MARKET
12,Junior Streaming & Commerce Analyst,"London (Central), London (Greater)","Our client, an iconic record label seeks adaptable Junior Streaming & Commerce Analyst to assist campaigns for some of the world’s biggest artists.",THE MUSIC MARKET
13,Finance Analyst,"London (Central), London (Greater)","Our client, an iconic recording facility is seeking an adept Finance Analyst to support Studio Managers and the Finance Director for Maternity Cover.",THE MUSIC MARKET
