,jobTitle,location
0,Peripatetic Violin Teacher,London
1,Audio Director [Unannounced Project] (365) (Audio Design),Royal Leamington Spa
2,Audio Director [Unannounced Project] (365) (Audio Design),Newcastle upon Tyne
3,Trainee Producer for micro-festival,Crawley
4,Music Leader (Assistant),Stockton on Tees
5,Music Teacher (KS2),East London
6,Music Editor,London
7,Lead Music Leader,Middlesbrough
8,Assistant Music Leader,Middlesbrough
9,Lead Music Leader,Middlesbrough
10,Producer,London
11,Development Director,Plymouth
12,"Marketing, Media and Digital Content Coordinator",Middlesbrough
13,Emergent Commission Opportunity for Disabled artists,"London, Remote working"
14,"Senior Product Designer, Mobile",London
15,Audio Director,"Remote or Liverpool, UK"
16,Visiting Music Teacher of Flute,West Sussex
17,Digital Campaign Manager,"Hilversum, NL"
18,Assistant Music Leader,Middlesbrough
19,"Principal, Content Acquisition",London
0,Visiting Music Teacher of Piano,West Sussex
1,Event Officer (Fixed Term),Oxford
2,Research Fellow in Room Acoustic Modelling,Guildford
3,Lead Music Leader,Stockton on Tees
4,Programme Leader - Further Education,Manchester
5,Quality Assurance Officer,Brighton
6,Manual QA Tester,London
7,Music Tutors,Middlesbrough
8,Stage Manager: Live & Digital,London
9,Trainees,London/Remote
10,Salesforce Administrator,London
11,Strategic Buyer,Salisbury
12,Finance Trainee,Salisbury
13,Teacher of Oboe,Godalming
14,Post Production Support Engineer,London
15,Senior Sound Designer - Gaming,Wimslow
16,Junior Producer,London
17,Producer,"Kings Cross, London"
18,"Product Manager, Core Fan Experience",London
19,B2B Marketing Operations Specialist,London
0,B2B Marketing Copywriter,London
1,Junior Product Owner,London
2,Social Media Manager,London
3,Administrator,London
4,Music Content Strategist,London
5,"Artist, Media and PR Manager","High Wycombe or London office, with flexibility for home and remote working"
6,Producer,London
7,Junior Intercompany Royalty Analyst,London
8,HR Assistant,Amsterdam
9,Account Manager,London
10,Publisher Account Management Executive,"London, Kings Cross"
11,Musicians/Singers for socially distanced concerts,"North East, UK"
12,Community Music Practitioner,South West
13,Storyteller,South West
14,Engagement Marketing Manager,London
15,Head of Music/Music Technology,Hillingdon
16,Teacher of Music/Music Graduate,Essex
17,Audio Designer - Gaming,London
18,Communications Assistant,London
19,Preschool Children's Music Teacher,East Cheshire
0,Audio Engineer - Gaming,London
1,Marketing Executive,London
2,Casual Technician,Manchester
3,Specialist Kodály teacher - String Training Programme,London
4,Technical Team,UK Touring
5,Production Vocalist and Dancer Auditions,UK wide
6,Music Administrator and Concert Manager,Guildford
7,Assistant Producer,Bristol
8,Teacher of Music,North Yorkshire
9,Audio Designer,Remote
10,"Specialist Practitioner – Screen, Audio Production and Digital Performance",London
11,Associate Teacher – Technical Sound,London
12,Lead Practitioner – Technical Sound,London
13,Lead Practitioner – Voice,London
14,Music Account Manager Apprenticeship,UK
15,Associate Teacher – Singing & Music,London
16,Associate Teacher – Singing & Music,London
17,Associate Teacher – Voice,London
18,Lecturer in Music,Plymouth
19,Senior Director - Finance (Global Catalogue Recordings),London
0,Teacher of Music,Hartlepool
1,Intern - Record Label,London
2,Rock and Pop Music Teacher,Cambridge
3,Technical Manager,Manchester
4,Audition Callout for Highly Skilled Vocalists and Percussionists,London and Manchester
5,Studio Head l Audio Development l Audio Post Production l Dubbing,London
6,Receptionist - Studio,London
7,Junior Legal Counsel,"Hilversum,NL / Remote"
8,Legal Counsel - Music Licensing,London
9,Label/Account Manager,"Johannesburg, South Africa"
10,Data Dialler Administrator,Leicester
11,Key Accounts Administrator,Leicester
12,Key Accounts Adviser,Leicester
13,Head of Digital and eCommerce,High Wycombe
14,"Artist Manager, Creator Services ""F/D/M""",London or Berlin
15,Agency work for woodwind teachers and string teachers,Wolverhampton
16,Full Stack Developer,Remote/London
17,Music Therapist (Equivalent Band 6),Tadworth
18,"Digital Account Manager for Music Artists, Apprenticeship",Remote
19,Social Media Manager,Berlin
0,Learning and Development Business Partner (maternity cover),London
1,Manager - YouTube CMS,London
2,Head of Label Partnerships,London
3,Head of Music,London
4,Music Supervisor,London
5,UK Managing Director,London
6,Musical Theatre Singer,Yorkshire
7,Finance Assistant,London
8,Sound Designer,"Katowice, PL"
9,Junior Data Analyst Specialist,London
10,Senior Systems Programmer - Audio (Programming),Stockholm
11,Head of International Marketing,London
12,Chief Executive,"Primarily home-based, with some travel and work from key bases in Bristol a..."
13,Music Producers,Remote
14,"Samba Tutor, SW London","SW19, South West London"
15,"Classical, Acoustic & Electric Guitar Tutor, Central London (South of the river preferably)",Central London
16,Sound Designer (Audio Design),Sofia
17,Finance Assistant,London
18,Business Development Executive,Manchester
19,Music Accompanist,Canterbury
0,Music Teacher,Dover
1,Finance Assistant,South East
2,Teacher of Music,London
3,Music Teacher,London
4,Administration Team Manager,Manchester
5,Apparel Assistant (Internship),The Hague
6,Resident Musician (Pianists and Guitarists),Worldwide
7,Learning and Impact Manager,London
8,Commercial Scheduling Executive,London
9,Head of Woodwind,London
10,Release Manager,London
11,Creative Coordinator,London
12,Ableton Live Performer & Arranger,South London
13,Artist Manager,London
14,Senior Product Manager – Commerce Platform,London
15,"Business Manager, Content Partnerships(f/m/d)","London, Berlin, New York"
16,"Product Manager, Streaming",London
17,Collections & Recoveries Adviser,Leicester
18,Inbound New Business Adviser,Leicester
19,"Artist Partnerships Manager, Creator Services",London
0,National Student Recruitment Manager,Oxford
1,S&P Imaging Producer - Radio,Remote
2,Senior Motion Designer,London
3,Part Qualified Accountant,Guilford
4,Higher Education Cohort Tutor for Keys,Guilford
5,Peripatetic Instrumental Teachers,Slough
6,Audio Studio Manager/ Editor/ Sound Designers,
7,Assistant Cello Teacher,Surrey
8,Apprentice Digital Content Marketer,Manchester
9,Engagement Coordinators (freelance),Manchester
10,Freelance Production Managers (Open Call Out),Manchester
11,Technician in Music,Chichester
12,Music Graduate,County Durham
13,Early Years Music Specialist Teacher,Wawrick
14,"Manager, Label and Artist Partnerships",London
15,Sales Executive,Manchester
16,Customer Service Adviser,Leicester
17,Marketing Officer,Leeds
18,Drum Tutor,"Bury St. Edmunds, Suffolk"
19,Business Admin Apprenticeship,London
0,Internship,London
1,Finance Analyst - Music,London
2,Commercial Analyst - Music,London
3,Senior Content Specialist and Marketing Coordinator,Remote/Prague
4,Assistant Producer (Radio),London
5,Radio Producer,London
6,Music Team Assistant Producer,London & SE
7,Marketing Manager,London
8,Drum Kit / Djembe Teacher,Eastbourne
9,Sessional Music Technician,Birmingham
10,Radio Producer,London
11,Admin Manager,London
12,Piano Instructor,Riyadh - Saudi Arabia
13,Videographer,London
14,PPC & Social Media Advertising Specialist,London
15,"Audition Notice: Instrumentalists, String Players",London
16,Inside Sales Advisor - Scandinavia,East Grinstead
17,Account Manager,London
18,Product Manager,Bristol
19,Senior Analyst,London
0,Marketing Manager,East Grinstead
1,Data Input Assistant,London
2,Piano Tutor,Surrey
3,Development Manager (Individuals),London
4,Full-time Guitar Sales Consultant,Guildford
5,Development Manager (Organisations),London
6,Client Success Manager,London
7,"Coordinator, Audio Recording Technician",Milton Keynes
8,Administrator,London
9,Content Marketing Executive,Reigate
10,Junior Social Media Producer - Record Label,London/Remote
11,QA Engineer (Audio Hardware & Software Testing),High Wycombe
12,Freelance Creative Coordinator,London
13,Guitar Tutor,South East
14,Alternative Content Scout - Apprenticeship,"London, N17"
15,Apprentice Events Assistant,Darlington
16,Business Analyst,London
17,Apprentice Support Analyst/Customer Service Practitioner,Chesterfield
18,Senior QA Engineer,London
19,Product Manager - Checkout,London
0,Audio Firmware Engineer,"Montbonnot-Saint-Martin, France"
1,Instrumental and Vocal Music Teachers,Surrey
2,Brand Partnerships Manager,Remote
3,Label Manager,Remote
4,DSP Operations Manager,London
5,Visiting Tutor of Violoncello,Reigate
6,Apprentice Events Assistant,Darlington
7,Group Product Manager – Commerce Platform,London
8,New Business Development Manager,London
9,Trade Marketing,Barcelona
10,Music Marketing Graduate Role,Royston
11,Music Publicist,Remote
12,Singing and Piano Tutor,London
13,Clarinet & Oboe Teacher,Eastbourne
14,Guitar Teacher,South London
15,Freelance Music Journalists and Broadcasters,Cambridge
16,Freelance Piano Tutor,"Islington, London"
17,Guitar & Ukulele Teacher,Surrey
18,Digital Channel Manager,London
19,Digital Marketing Assistant,London
0,Self-Employed Piano Teacher,London (all areas)
1,Self-Employed Guitar Teacher,London (all areas)
2,Customer Service Advisor - FTC until February 2021,York
3,Customer Service Advisor - French Speaking,York
4,Product Marketing Manager,Manchester
5,Head of Solution Development,Manchester
6,Online Operations Data Specialist (m/f/d),London
7,Publisher Account Management Executive,London
8,Community Coordinator,London
9,Marketing Manager,Midlands
10,Head of Digital and eCommerce,"High Wycombe, London or Remote (with weekly visits to High Wycombe)"
11,Business Development Executive - Benelux (Dutch Speaking),Amsterdam
12,Account Director - North America,Manchester
13,Sound Supervisor,London
14,"Software Engineer, Real-time Audio C++",London
15,Analog Engineering Leader for Musical Instruments,Manchester
16,Administrative Manager,London
17,Finance Analyst - Music,London
18,Senior Customer Success Manager,Stockholm
19,A&R Manager,Stockholm
0,Audio Engineer,London
1,Label Manager,London
2,Senior Marketing Manager,London
3,Designer,London
4,Senior Livestream Marketing and Project Manager,London
5,Client Engagement Manager,Manchester
6,Junior Playlist Creator,Warsaw
7,Woodwind Teacher,Peterborough and the surrounding area
8,Violin Teacher,Between Cambridge and Norwich
9,Guitar Teacher,Between Cambridge and Norwich
10,2 x New Music Theatre / Opera Commissions,Yorkshire
11,Senior Store Product Specialist,Glasgow
12,Head of Programmes,Yorkshire
13,Seasonal Warehouse Operatives,York
14,Finance Director/Controller,Bath
15,Development Manager,Yorkshire
16,Talent Partnerships Manager,London
17,Instrumental Tutors,UK
18,Brand Partnerships Executive,Remote
19,"Editorial Assistant, Audio",London
0,Music Content Coordinator,Highbury  London
1,Digital Marketing and Subscriptions Manager,Bristol or London (Remote working initially)
2,Senior Sound Designer,Guilford
3,Associate Technical Audio Designer,London
4,On-Boarding Account Manager - North America,Manchester
5,Preset Sound Designer (Techno),Remote
6,Music Assistant Apprentice,London/Remote
7,IT Administrator,Berlin
8,Trainee Violin Teacher,North London
9,Session Musicians required for Creative Project,Manchester
10,Audio Editing / Sample Pack Creation / Sound Design,London
11,Events Manager,Edinburgh
12,Violin Teacher,"Bletchingley, Surrey"
13,Content Manager (Production Music),London
14,Product Designer - Developer Products (f/m/x),Berlin
15,Trade Marketing Manager (Product) - Radio,London
16,Teacher of Music,Cambridge
17,Growth Manager (Production Music),London
18,Senior Manager - Catalogue Digital Sales,London
19,Senior Manager - Digital Creative (Production Music),London
0,PA,Manchester
1,Singing Teacher/Vocal Coach,"Hornchurch, Essex"
2,Classical/Modern Guitar Teacher,Guildford
3,Apprentice Theatre Venue Technician,Walton on Thames
4,Returns Team Leader,York
5,Digital Marketing Manager,London/remote
6,Stage Management Assistant,London
7,Music Teacher,London
8,Content Editor - Traditional Chinese (Virtual),Remote
9,Copyright Team Manager,Berlin
10,Legal Adviser - Employment and Contracts,Central London
11,Customer Service Apprenticeship,Ipswich
12,Director of Global Tax,"London, New York or Amsterdam"
13,Director of Commercial Marketing,London
14,Content Editor - Korean (Virtual),Remote
15,Frontman Vocalist wanted for successful Bon Jovi Tribute Band,United Kingdom
16,Payroll Administrator,London
17,Warehouse Fulfilment Assistants,Bristol
18,Physical Sales Coordinator,London
19,Music Gap Student/Graduate,London
0,QA Engineer,High Wycombe
1,"Account Director, Agency",London
2,Store Supervisor,London
3,Graphic Designer,London
4,Senior Technician: Audio,Penryn
5,Senior Instrumental and Vocal Music Instructor,Blackpool
6,Performing Arts Commissions,Yorkshire
7,Customer Service Assistant,East Grinstead
8,Financial Accountant - VAT and Tax,East Grinstead
9,Data Engineer,London
10,Copywriter (d/f/m),Berlin
11,Reporting Analyst,London
12,Project and Testing Coordinator,UK/Remote
13,Sound Designer / Senior Sound Designer,Truro
14,Digital Marketing Manager,London
15,Marketing Coordinator Global Music Business,London
16,Supporter Engagement and Events Officer,Manchester
17,Pan-EMEA Sales Planner: Partner Sales,London
18,Legacy and Stewardship Officer,Manchester
19,Music Teacher (maternity cover),Hampshire
0,Reporting Analyst,London
1,Development Manager (Individuals),Manchester
2,Product Manager - Supply Operations,London
3,Senior Business Intelligence Analyst,London
4,Guitar Teacher,Liverpool
5,Senior Publicist,Central London
6,Content Creator / Community Manager,London
7,PR Manager,London
8,Product Designer,London
9,Label Coordinator,London
10,"Public Relations Manager, US Hispanic and Latin America",London
11,Marketing Intern,London
12,(Junior) Retention Marketing Manager GSA,Berlin
13,Account Manager,London
14,Piano Teacher,Muswell Hill/North London
15,Build & Release Engineer,High Wycombe
16,Copywriter & Content Creator,London
17,Label Coordinator,Remote. London Applicants Only
18,Piano Teacher,West Wickham
19,Comms and Fundraising Officer,Remote
0,Whole Class Music PPA Cover: Years 1 - 6 (Immediate Start),South West London
1,Data Privacy Lawyer,London
2,Finance Assistant,London
3,E-Commerce Account Manager,London
4,Technical Sound Designer,Horsham
5,Data Analyst Intern,London
6,Marketing Project Manager,London
7,Director - Sales & Marketing,London
8,Sales Manager - EMEIA,London
9,Transformation Process and Change Manager,London
10,A&R Consultant,Remote
11,Music Teacher - Piano,Abingdon
12,"Associate Legal Counsel, Music",London
13,Head Music Tutor / Coordinator / Music Tutors,Bury
14,Singing Tutor,Bristol
15,Sales Executive,Wimbledon
16,Female Musicians,London /  North West / Hertfordshire
17,Marketing Project Manager,London
18,Finance Manager Operations,London
19,Sales Manager - EMEIA,London
0,Music Operations & Data Analysis Manager,The Hague
1,Marketing Manager,Remote
2,Digital Audio Data Strategist,London
3,Business Developer / Music Supervisor,Amsterdam
4,Head of People (Part-Time),London
5,Research Lead - Personalization,London
6,Business Developer // Music Supervisor,Berlin
7,Digital Content Producer Apprenticeship,London
8,HR Admin Support (FTC to January 2021),York
9,Purchase Ledger Clerk (4 month FTC),York
10,Front Desk/Security Officer,London
11,Music Assistant Apprenticeship,Remote
12,Content Producer Apprenticeship,London
13,Freelance Social Media & Content Manager,Remote
14,Business Process Analyst,London
15,Finance Systems Accountant,High Wycombe
16,Embedded software engineer,High Wycombe
17,Customer Success Manager,London
18,Electronics Engineer,High Wycombe
19,Alternative Content Scout Apprenticeship,London
0,Copyright Assistant,London
1,User Researcher,London
2,Marketing Manager,London
3,Marketing Assistant and Content Creator,East London
4,Head of Music,London
5,Engagement Marketing Manager,London
6,Regional Coordinator,"North East, Yorkshire, East Midlands"
7,Digital and Data Optimiser - Global Classics and Jazz,"Kings Cross, London"
8,Piano Teacher,Leeds
9,Guitar or Bass Tutor,Lincoln
10,Senior Digital Sales Manager,London
11,Sound Engineer / DJ,London
12,Head of Projects (maternity cover),London
13,"Senior Manager, Catalogue Development & Marketing",London
14,Sync Licensing Coordinator (TV & Film),London
15,Junior Digital Media Planner,London
16,Teacher of Music,London
17,Human Resources and Office Intern,London
18,Senior Sales Planner,London
19,Producer Apprentice - Marketing Agency,London
0,Community Account Manager,Copenhagen
1,Podcast Programming - Summer Internship,London
2,Digital Deliveries & Rights Manager,London
3,A&R & Recordings Manager,London
4,Content Creator - VR community (Fitness and Music),Remote
5,Junior HR Controller,Berlin
6,Accountant (d/f/m),Berlin
7,Audio Lead,Brighton
8,Singing Tutor,Sheffield
9,Keyboard and Singing Tutor,Glasgow
10,Legal – Summer Internship,London
11,eCommerce Manager,London
12,Audio Digital Signal Processing Design Engineer,Cornwall
13,Senior Data Scientist,London
14,Senior Account Manager (Music & Entertainment),London
15,Sound Designers/Mixers,Remote
16,Press and Label Assistant Apprenticeship,London
17,Repertoire Registration Assistant,London
18,Financial Controller,Amsterdam
19,Junior DSP Manager,Amsterdam
0,Release Management Assistant,London
1,Junior Copywriter,"High Wycombe, London, or remote (UK-based)"
2,"Senior Product Designer, Search & Recommendations (f/m/d)",Berlin
3,Coordination Manager - North America,Manchester
4,Production Engineer (Audio Electronics Manufacturing),High Wycombe
5,Product Design – Summer Internship,London
6,Product Management – Summer Internship,London
7,Head of Supply Chain,Bristol
8,Audio Director,Frankfurt
9,Product Design Lead,London
10,"Manager, Music Label Business Development",London
11,Senior Product Manager,Hamburg
12,Piano Teacher,Woking
13,Audio Programmer,Stockholm
14,Dialogue Audio Engineer,Horsham
15,E-Commerce & D2C Manager,London
16,Retail Merchandise Manager,London
17,Lead Audio Designer - Gaming,Liverpool
18,Global Finance Intern,London
19,Account Manager - Australian Market,Manchester
0,Software Engineer - Content Operations,London
1,Project Manager,High Wycombe
2,Freelance Audiobook Producer,London
3,Musicians,London
