,jobTitle,location
0,Live Event Producer,"Los Angeles, CA"
1,Assistant Professor of Electronic/Electroacoustic Music Composition,"Santa Cruz, CA"
2,Global Commercial Partnership Manager (Hip Hop & RnB),"Los Angeles, CA"
3,"Editor, Global Hits","Los Angeles, CA"
4,"Program Manager, Music","San Francisco, CA"
5,Hip Hop and R&B Manager,"Los Angeles, CA"
6,Contract Sound Designer,"Bellevue, WA/Remote"
7,Audio Technician,"Petaluma, CA"
8,Audio Director,"Irvine, CA"
9,Member Relations and Operations Manager,"New York, NY"
10,"Manager, Midwest Promotion","Chicago, IL"
11,Operations Manager,"Wakefield, MA"
12,Radio Production Assistant,"Boston, MA"
13,Senior Accounting Manager,"Woodland Hills, CA"
14,Senior Sound Designer,"San Ramon, CA"
15,Senior Sound Designer,"Irvine, CA"
16,Audio Designer,"Irvine, CA"
17,Audio Director,"Irvine, CA"
18,Technical Sound Designer,"Cary, NC"
19,"Adjunct Faculty of Music, Voice","Joliet, IL"
0,Audio Specialist,"Philadelphia, PA"
1,Digital Marketing & Streaming Director,"New York, NY"
2,Senior Manager of Development,"New York, NY"
3,Director of Liturgical Music,"Wapakoneta, OH"
4,Director of Individual Giving,"Denver, CO"
5,"Music Licensing, Manager","New York, NY"
6,Audio Manager,"Chicago, IL"
7,Marketing Operations Specialist,"Cambridge, MA"
8,Marketing & Public Relations Manager,"Williamstown, MA/New York, NY"
9,Audio & Lighting Supervisor,"New York, NY"
10,Director of Operations and Education,"Breckenridge, CO"
11,Digital Marketing Manager,"Nashville, TN"
12,Online Store Direct Marketing Specialist,"Sunrise, FL"
13,Visiting Assistant Professor of Musical Theatre,"Salisbury, NC"
14,Marketing Coordinator,"Portland, OR"
15,Audio Director,"El Segundo, CA"
16,Commercial Product Manager - Commercial Music,"Mountain View, CA"
17,"Software Engineer, Music","San Francisco, CA"
18,Audio Engineer,"Los Angeles, CA"
19,Clinical Assistant Professor of Popular Music,"Fort Wayne, IN"
0,Head of Product Design,"Culver City, CA"
1,Marketing Coordinator,"New York, NY"
2,General Director/Chief Executive Officer,"Columbus, OH"
3,Dance & Electronic Editor,"New York, NY"
4,Senior Audio Designer,"Middleton, WI"
5,Sound Designer/Audio Engineer,"Oakland, CA"
6,"Lecturer, Ethnomusicology","Berkeley, CA"
7,"Instructor, Music Technology and Music Perception","Berkeley, CA"
8,Senior Major Gifts Officer,"San Francisco, CA"
9,Contract Sound Designer/Mixer,"Los Angeles, CA"
10,Audio Software Engineer,"Los Gatos, CA"
11,Audio Design Intern,"Santa Monica, CA"
12,"Music Faculty (Adjunct), Digital Audio/Recording","Santa Rosa, CA"
13,Catalog & Campaign Analyst,"Woodland Hills, CA"
14,"Sales Director, Partnerships & Business Development","Santa Monica, CA"
15,Major Gift Officer,"Los Angeles, CA"
16,"Associate Director, Data Management","New York, NY/Los Angeles, CA"
17,Development Associate,"San Francisco, CA"
18,Managing Director,"Philadelphia, PA"
19,Marketing Manager,"New York, NY"
0,Director of Bands,"Jacksonville, FL"
1,Hip Hop/African Dance Teaching Artist,"Chicago, IL"
2,Communications Director,"Chicago, IL"
3,P/T Musical Composition Instructor,"Beaver Falls, PA"
4,Audio Designer,"New York, NY/Anywhere/Remote"
5,Director of Development,"Washington, DC"
6,"Staff Writer, Music","New York, NY"
7,Junior-Mid Level Publicist,"Los Angeles, CA"
8,Social Media Assistant,"Nashville, TN"
9,Head of Social,"Brooklyn, NY/Remote"
10,"Director of Measurement, Editorial","New York, NY"
11,Integrated Marketing Specialist,"Chicago, IL"
12,Seller Marketing Specialist,"Chicago, IL"
13,Suzuki Piano Instructor,"Hingham, MA"
14,"Assistant Professor, Piano and Piano Pedagogy","Columbia, SC"
15,"Senior Accountant, Joint Venture Accounting","Rutherford, NJ"
16,"Senior Manager, Social Media","New York, NY"
17,"Senior Producer, Podcast","New York, NY"
18,Associate Director,"New York, NY"
19,"Manager, YouTube CMS","Los Angeles, CA"
0,Sight Singing Faculty,"Los Angeles, CA"
1,"Coordinator, Visual Content","Santa Monica, CA"
2,Marketing Director,"Santa Monica, CA/New York, NY"
3,"Assistant Professor, Trumpet","Decatur, IL"
4,"Administrative Assistant, Marketing","Culver City, CA"
5,"Adjunct Professor, Audio Production","Houston, TX"
6,Sales Development Representative,"Montréal, QC"
7,Publishing Administrator,"Los Angeles, CA/New York, NY/Remote"
8,Music Generalist,"Austin, TX"
9,"Assistant Professor of Music, Voice","San Angelo, TX"
10,"Interim Music Director, Opera","Baltimore, MD"
11,Interim Managing Artistic Director,"Baltimore, MD"
12,Assistant Professor of Music Production,"Storm Lake, IA"
13,"Manager, Strategic Partnerships","New York, NY"
14,Music Operations Coordinator,"Los Angeles, CA"
15,Audio Producer,"Austin, TX"
16,Sound Designer,"Irvine, CA"
17,Audio Engineer - Adjunct Instructor,"Emeryville, CA"
18,"Partner Manager, LatinX","Los Angeles, CA"
19,"Assistant or Associate Professor of Music (Tenor, Baritone, or Bass Voice)","Vermillion, SD"
0,Vice President of Artistic Planning,"Minneapolis, MN"
1,Data Quality Analyst,"New York, NY"
2,"Manager, Digital Marketing and Strategy","New York, NY/Los Angeles, CA"
3,Music Producers,Remote
4,"Teaching Artist, Early Childhood Music & Violin","Boston, MA"
5,Teacher of Clarinet,"Northampton, MA"
6,"Senior Director, Mechanical Royalties","Nashville, TN"
7,P/T Violin Teacher,"Framingham, MA"
8,"Director, Process Transformation (RTR)","Nashville, TN"
9,Licensing Coordinator,"Nashville, TN"
10,Executive Director,"Philadelphia, PA"
11,"P/T Coordinator, Music Programming","New York, NY"
12,"Senior Editor, Hip-Hop","New York, NY"
13,Sync Manager,"Los Angeles, CA"
14,"Teaching Artist, Keyboard","Philadelphia, PA"
15,Sync Director,"New York, NY"
16,"Market Researcher, Music and Podcast Content","New York, NY"
17,"Adjunct Faculty, Music History","Scranton, PA"
18,"Assistant, Creative Services Production","New York, NY"
19,"Senior Manager, Consumer Marketing","New York, NY"
0,"Manager, Culture Events","Santa Monica, CA"
1,Music Operations,"Menlo Park, CA"
2,North America Music Publishing Business Development Manager,"Los Angeles, CA"
3,Production Manager,"Carlsbad, CA"
4,P/T Marketing Manager,"Carlsbad, CA"
5,"Post-Doctoral Fellow and Assistant Professor, African American Studies (Music)","Fullerton, CA"
6,Audio Designer,"Albany, NY"
7,Social Media Coordinator,"Tampa, FL"
8,Catalog Manager,"New York, NY"
9,Sr. Brand Designer,"New York, NY"
10,"Open Rank Educator Track Faculty, Jazz Saxophone","Coral Gables, FL"
11,Assistant/Associate Professor of Instrumental Music Education,"Detroit, MI"
12,Royalties Coordinator,"Nashville, TN"
13,Growth Marketing Specialist,"New York, NY"
14,Director of Digital Content and Innovation,"Cincinnati, OH"
15,People & Culture (HR) Generalist,"Vancouver, BC"
16,Product Manager,"San Francisco, CA"
17,Client Services & Playlisting Specialist,"Nashville, TN"
18,Song Publishing and Licensing Coordinator,"Nashville, TN"
19,"Executive Assistant, Brand Partnerships","New York, NY"
0,Producer,"New York, NY"
1,"Composers, Lyricists, and Book Writers","New York, NY"
2,Director of Digital Marketing,"Houston, TX"
3,Managing Director,"Brooklyn, NY"
4,"Coordinator, Music Group","New York, NY"
5,"Assistant Professor, Music Industry","Orangeburg, SC"
6,Account Manager,"Nashville, TN"
7,Motion Graphics Designer,"Nashville, TN"
8,Executive Director,"Savannah, GA"
9,Community Associate,"New York, NY"
10,Adjunct in Ethnomusicology/African Diasporas,"Elizabethtown, PA"
11,Senior Product Marketing Manager,"Cambridge, MA"
12,"Manager, Global Engagement Marketing","Brooklyn, NY"
13,Manager of Performance Marketing - SEO,"Brooklyn, NY"
14,Product Manager,"Brooklyn, NY"
15,Office Manager,"New York, NY"
16,Director of Business Development,"New York City, NY"
17,Royalty Accountant,"New York City, NY"
18,"Director, Legal","New York City, NY"
19,Ensemble Conductor,"Brandeis, MA"
0,"Senior Social Media Manager, Brand and Music Marketing","New York, NY"
1,Marketing Director,"Los Angeles, CA"
2,Assistant Professor of Music Theory/Technology,"San Jose, CA"
3,Audio Director,"Seattle, WA"
4,"Sr. Manager, Industry Relations","Culver City, CA"
5,Production Artist Coordinator,"Los Angeles, CA"
6,Lead Executive Producer (LatinX Podcasts),"Hollywood, CA"
7,"Assistant Professor, Entertainment Industry","Florence, AL"
8,Senior Audio Programmer,"Montreal, QC"
9,"Director, Business & Legal Affairs","New York, NY"
10,"Manager, Licensing","Nashville, TN"
11,Assistant Professor of Music,"Wayne, NJ"
12,"Director, Theatre Production","Montgomery, AL"
13,Organist - Accompanist,"Ann Arbor, MI"
14,Executive Assistant to the President,"Miami, FL"
15,Game Music Composer/Sound Designer,"Reno, NV"
16,"Director, Planned Giving","San Francisco, CA"
17,"Director, Campaign","San Francisco, CA"
18,Senior Product Analyst - Music,"San Francisco, CA"
19,VP of Marketing & Communications,"Brooklyn, NY"
0,"Associate Artistic Director, Vocal Arts","New York, NY"
1,Director of Communications,"Brooklyn, NY"
2,Voice Faculty,"New York, NY"
3,"A&R, US Latin","Miami, FL"
4,Music Director & Conductor,"Lancaster, PA"
5,Lead Producer,"Brooklyn, NY"
6,P/T Administrative and Development Assistant,"Worcester, MA"
7,Lecturer of Choral Music,"Troy, AL"
8,Music Instructor,"Denver, CO"
9,Senior Legal Counsel - Label Licensing,"New York, NY"
10,"Associate Course Director, Music Production","Winter Park, FL"
11,Operations Manager for Production Facility,"Brooklyn, NY"
12,Office Manager/Bookkeeper,"Brooklyn, NY"
13,Operations Manager,"Brooklyn, NY"
14,Studio Tech Manager,"Brooklyn, NY"
15,Technical Supervisor,"Richmond, VA"
16,Category Development Officer - CPG,"New York, NY"
17,Piano Instructor,"Riyadh, Saudi Arabia"
18,Director of Liturgy and Music,"Durham, NC"
19,Account Executive,"Chicago, IL"
0,Business Strategy - Summer Internship,"New York, NY"
1,Advertising Research & Measurement - Summer Internship,"New York, NY"
2,"Director, Social Media","New York, NY"
3,"Product Owner, Analytics","Nashville, TN"
4,Part-time Faculty - Music - Strings Techniques - Spring 2021,"Gorham, ME"
5,Adjunct Professor of Music Production,"York, PA"
6,Adjunct Professor of Music Publishing,"York, PA"
7,Adjunct Professor of Music - Piano,"York, PA"
8,"Product Owner, Royalties & Copyright","Nashville, TN"
9,Audio Specialist,"Philadelphia, PA"
10,Design Manager,"Miami, FL"
11,Overnight Audio Editor,"Phoenix, AZ"
12,Podcast Production - Summer Internship,"Los Angeles, CA"
13,Product Marketing Manager,New York
14,Technical Support Manager,"Los Angeles, CA"
15,Director of Marketing & Communications,"Springfield, IL"
16,Audio Engineer,"Nashville, TN"
17,Audio Engineer,Remote
18,A&R Consultant,"New York, NY/Remote"
19,"Senior Manager, Finance & Accounting","Nashville, TN"
0,"Director, Client Services","Nashville, TN"
1,Hip Hop and R&B Manager,"Los Angeles, CA"
2,Editorial Manager - Owned Channels,"New York, NY"
3,Motion Lead,"New York, NY"
4,"Director, Digital Marketing","New York, NY"
5,Sound Designer,"Gurugram, IN"
6,Video/Audio Production Specialist: Experienced,"New York, NY"
7,Audio Programmer Intern,"Bellevue, WA"
8,Senior Audio Designer,"Larkspur, CA"
9,"Senior Product Manager, Payment Risk and Fraud","San Francisco, CA"
10,Customer Experience Representative,"Nashville, TN"
11,"VP, Finance","Los Angeles, LA"
12,Digital Accounts Coordinator,"New York, NY"
13,"Performance Account Manager, Client Services","New York, NY"
14,"Sr. Content Producer, Podcast","Culver City, CA"
15,Sound Designer,"Irvine, CA"
16,"Manager, Music Publishing Business Development","New York ,  NY"
17,"Assistant, Writer and Publisher Relations","Nashville, TN"
18,Junior Piano Faculty,"Tampa, FL"
19,Music Director,"Los Angeles, CA"
0,Piano Technician,"Cleveland, OH"
1,BDM - Partner Programs,"Los Angeles, CA"
2,Batch Administrator,"Woodland Hills, CA"
3,ADABAS Administrator,"Nashville, TN"
4,"Senior Director, A&R Administration","New York, NY"
5,"Internships, Music & Media Licensing and Standards- Summer 2021","New York, NY"
6,RECORDING ENGINEERING INSTRUCTOR,"Los Angeles, CA"
7,CAREER DEVELOPMENT MUSIC PRODUCTION INDUSTRY OUTREACH REPRESENTATIVE,"Los Angeles, CA"
8,Senior Sound Designer,"Austin/Round Rock, TX"
9,Senior Sound Designer -  Gaming,"Los Angeles, CA"
10,"Growth Strategy Specialist, Entertainment & Music","Los Angeles, CA"
11,Musician - Entertainment,"Tampa, FL"
12,"Junior Manager, Release Management","New York, NY"
13,"Senior Product Insights Manager, Creator Promotion","New York, NY"
14,Content Marketing Media Specialist,"New York, NY"
15,Head of Electronic Music Partnerships,"Los Angeles, CA"
16,Sr. Audience Development Strategist,"San Francisco, CA"
17,"Editor, Culture Curation","Los Angeles, CA"
18,Audio Engineer,"Santa Monica, CA"
19,Head of Ad Growth & Strategy,"Los Angeles, CA"
0,Recruiting Coordinator/Sourcer,"New York, NY"
1,Customer Experience Agent,"New York, NY"
2,Junior Accountant,"New York, NY"
3,Intern,Remote
4,Technical Sound Designer,"Culver City, CA"
5,Game Audio Music Production Assistant Intern,"San Mateo, CA"
6,Backline Co- Director,"Milwaukee, Wisconsin"
7,Royalty Accountant,"New York, NY"
8,Global Director of Monetization Product Marketing,"New York, NY"
9,Preset Sound Designer,Remote
10,"VP, A&R","Hollywood, CA"
11,"Manager, eCommerce","New York, NY"
12,Product Marketing Manager,"New York, NY / Seattle, WA"
13,"Account Manager, Local","New York, NY"
14,"Senior Product Insights Manager, Creator Promotion","New York, NY"
15,Audio Visual Technician,"Durham, NH"
16,Head of Hip-Hop + R&B Partnerships,"Los Angeles, CA"
17,Social Media Manager,"Los Angeles, CA"
18,Technical QA Analyst - Audio (Gaming),"Bellevue, WA"
19,Music Production Intern,"Santa Monica, CA"
0,Technical Sound Designer,"Alpharetta, GA"
1,Audio Mixer,"Dallas, TX"
2,"Influencer Marketing Manager, Urban Music","Los Angeles, CA"
3,"Manager, Marketing","New York, NY"
4,Audio Production Specialist,"Herndon, VA"
5,"AV Manager, Events","Los Angeles, CA"
6,Senior Sound Designer - Gaming,"Alpharetta, GA"
7,Audio Editor,"Wheaton, IL"
8,"Senior Project Manager, Marketing Operations (Freelance)",New York
9,Administrative Assistant,"New York, NY"
10,"Administrative Assistant, Urban Marketing","New York, NY"
11,"Senior Coordinator, Sync Clearance","Los Angeles, CA"
12,"Manager, Revenue Accounting Operations","New York, NY"
13,Audio Engineer - Games,"Redmond, WA"
14,Audio Designer - Gaming,"Carlsbad, CA"
15,Sound Designer - Gaming,"Alpharetta, GA"
16,Category Development Officer - CPG,"Los Angeles, CA"
17,Head of Industry Relations,"Culver City, CA"
18,"Executive Assistant, Latin America and Canada","New York, NY"
19,Percussion Teaching Artist,"Philadelphia, PA"
0,Piano/ Keyboard/ Violin/ Percussion Teaching Artist Positions,"Philadelphia, PA"
1,Supervising Sound Designer,"San Diego, CA"
2,"Director, Program Management","Seattle, WA"
3,Music & Recorded Sound Archivist/Assistant Director,"Boulder, CO"
4,Senior Audio Engineer,"Hunt Valley, MD"
5,Sound Designer,"Foster City, CA"
6,Commercial Music Performance Faculty,"Los Angeles, CA"
7,Musical Theatre Performance Faculty,"Los Angeles, CA"
8,Video Services Specialist,"Los Angeles, CA"
9,Head of Growth & Marketing,"Culver City, CA"
10,Accounting Manager,"Franklin, TN"
11,Community Engagement Manager,"Boston, MA"
12,"Jazz Music Adjunct, Voice/Guitar/Piano","Greenfield, MA"
13,"Assistant to the Chair, Music Department","Williamstown, MA"
14,"Faculty Position in Music - Orchestra, Applied Violin & Viola","Kirksville, MO"
15,Controller,"Boston, MA"
16,Major Gifts Officer,"Naples, FL"
17,Visiting Assistant Professor of Technical Direction,"Bloomington, IN"
18,Music Therapist,"Kokomo, IN"
19,Sound Designer,"Halifax, NS"
0,Art Director,"New York, NY"
1,President,"Hingham, MA"
2,P/T Operations Coordinator,"Brooklyn, NY"
3,Production Manager / Associate Producer,"Raleigh, NC"
4,Assistant Controller,"Brooklyn, NY"
5,Lecturer in Music Theater,"Princeton, NJ"
6,"Senior Producer, Podcasts","New York, NY"
7,Senior Audio Developer,"Pittsburgh, PA"
8,Music Therapist,"Philadelphia, PA"
9,"Editor, Culture Curation","Los Angeles, CA"
10,Social Media Manager,"Los Angeles, CA/Remote"
11,Community Manager,"Los Angeles, CA/Remote"
12,Managing Editor,"New York, NY"
13,Sound Designer/Programmer and Technician,"Long Island City, NY"
14,Sales/Licensing Rep,"Los Angeles, CA"
15,Community Manager,"New York, NY/Los Angeles, CA"
16,"Account Manager, Streaming Partnerships","New York, NY"
17,"Course Director, Game Audio Production Techniques","Winter Park, FL"
18,Piano Teacher,"Quincy, MA"
19,"Assistant Professor, Voice/Director of Opera Workshop","Clarksville, TN"
0,Marketing & Administrative Assistant,"Chicago, IL"
1,"Adjunct Faculty, Music","Baltimore, MD"
2,"Product Manager, Broadcast Studio","Los Angeles, CA/Remote"
3,"Coordinator, Production","Los Angeles, CA"
4,L.A. Office Director,"Pasadena, CA"
5,Accompanist,"New York, NY"
6,"Coordinator, Metadata Management","New York, NY"
7,Catalog Manager,"New York, NY"
8,Senior Writer/Strategist,"New York, NY"
9,Spring 2021 Marketing Intern,"Nashville, TN"
10,"Assistant Professor of Music - Orchestra, Applied Violin & Viola","Kirksville, MO"
11,Podcast Producer,"Brooklyn, NY"
12,E-Commerce Photographer,"Nashville, TN"
13,Guitar Adjuster,"Nashville, TN"
14,Senior Director of Finance,"Washington, DC"
15,"Lecturer in Music, Violin","Columbus, GA"
16,Director of Choral Activities,"Charleston, IL"
17,Lab Specialist - Recording Arts,"Winter Park, FL"
18,Human Resources Coordinator,"Boston, MA"
19,Junior Publicist,"Boston, MA"
0,"Associate Director of Finance, Budgets","Brooklyn, NY"
1,"Director of Finance, Planning & Analysis","Brooklyn, NY"
2,US Director of Business Development,"New York, NY/Los Angeles, CA"
3,US Business Development Executive,"New York, NY/Los Angeles, CA"
4,Head of Music Licensing,"San Francisco, CA"
5,"Assistant Professor, Flute","Fresno, CA"
6,Manager of Client Marketing & Streaming Promotions,"Nashville, TN"
7,Strategic Communications Executive,"Los Angeles, CA"
8,Finance Manager,"Los Angeles, CA"
9,Executive & Administrative Coordinator,"Eugene, OR"
10,"Director, Hip-Hop/R&B Marketing","New York, NY"
11,"Vice President, Legal and Business Affairs","Franklin, TN"
12,Senior Sound Designer,"Los Angeles, CA"
13,Administrative Assistant,"Glendale, CA"
14,Director of Artist Accelerator Program,"Los Angeles, CA"
15,Finance Manager,"San Francisco, CA"
16,Controller,"San Francisco, CA/Remote"
17,Executive and Artistic Director,"Vancouver, BC"
18,Associate Artistic Director,"New York, NY"
19,Strategic Communications and Marketing Consultant,"New York, NY"
0,Executive Director,"Wheeling, WV"
1,"Media Preservation Engineer, Audio","Manhattan, NY"
2,Global Communications Coordinator,"New York, NY"
3,Sr. Product Marketing Manager,"New York, NY"
4,Artist Revenue & Services Manager,"Coconut Grove, FL"
5,"Knowledge Associate, Press & Media Lead","New York, NY/Remote"
6,Marketing Manager,"New York, NY/Remote"
7,Recording Arts & Show Production Instructor,"Orlando, FL"
8,"Director, Corporate Communications","New York, NY"
9,Piano Instructor,"Charlottesville, VA"
10,P/T Music Faculty,"Lawrenceville, GA"
11,Finance Coordinator,"Encino, CA"
12,Podcast Engineer,"Burbank, CA"
13,"Manager, Dance","Santa Monica, CA"
14,"Senior Manager, Licensing","Santa Monica, CA"
15,"Lecturer, Music History and Theory","Honolulu, HI/Multiple Locations"
16,Marketing Manager,"Grand Junction, CO"
17,Executive Director,"Littleton, CO"
18,Assistant Professor in Classical Guitar,"Gainesville, FL"
19,"Executive Director, Performing Arts","Manhattan, NY"
0,Guitar Sales Specialist,"Margate, FL"
1,Junior Content Writer,"New York, NY/Remote"
2,President and Chief Executive Officer,"Katonah, NY"
3,Assistant Professor of Music,"Starkville, MS"
4,Center Director,"Los Angeles, CA"
5,"Instructor, Music Technology and Music Perception","Berkeley, CA"
6,Senior Software Engineer,"Scotts Valley, CA"
7,Creative Director,"New York, NY"
8,"Front-End Web Developer, e-Commerce","Farmingdale, NY"
9,Pro Audio Technician,"Peoria, AZ"
10,"Client Relations Manager, Americas","New York, NY"
11,MPC Beats Academy Instructor,"Cumberland, RI"
12,"Adjunct Faculty, Audio Arts and Acoustics","Chicago, IL"
13,"Manager, Creative Music Licensing","Los Angeles, CA"
14,Music Operations Specialist,"Los Angeles, CA (or New York, NY)"
15,Music Publishing PMO,"New York, NY"
16,"Director of Business Strategy and Product Marketing, Music","New York, NY"
17,"General Manager, Music","New York, NY"
18,DJ Apprentice/DJ,"Boston, MA - New York, NY"
19,Human Resources Director,"New York, NY"
0,"Sr. Specialist, Ad Operations","New York, NY/Culver City, CA"
1,Social Media Specialist,"Los Angeles, CA"
2,Contract Administrator,"Los Angeles, CA"
3,Director of Music Catalog Analysis,"Los Angeles, CA"
4,General Manager,"Chicago, IL"
5,Audio Programmer,"Winnipeg, MB"
6,Audio Intern,"Burbank, CA"
7,On-Air & Digital Producer,"Nashville, TN"
8,Violin Teaching Artist,"Chicago, IL"
9,Senior Sound Designer,"Reno, NV"
10,"Coordinator, Benefits","New York, NY"
11,Marketing Director,"Columbia, SC"
12,Music Licensing Manager,"Scottsdale, AZ/Hollywood, CA/remotely"
13,Music Composer,"Bellingham, WA/Remotely"
14,On-Air Board Operator,"San Diego, CA"
15,P/T Producer,"Los Angeles, CA"
16,Audio Engineer,"Redmond, WA"
17,Senior Financial Analyst,"Brentwood, TN"
18,Order Management Director,"Philadelphia, PA"
19,Product Development Manager,"Philadelphia, PA"
0,"Teaching Assistant Professor, Musicology/Ethnomusicology","Raleigh, NC"
1,Patron Services Associate,"Louisville, KY"
2,"Manager, eCommerce","New York, NY"
3,"Analyst, Participations","Nashville, TN"
4,Teaching Assistant/Associate/Professor of Music Technology,"Raleigh, NC"
5,Director of Instrumental Activities and Athletic Bands,"Sioux City, IA"
6,Urban Project Manager,"Atlanta, GA"
7,Cathedral Music/Liturgy Director,"Rapid City, SD"
8,Assistant Box Office Manager,"Baltimore, MD"
9,Administrative Manager,"New York, NY"
10,"Adjunct, Music Instructor","Harrogate, TN"
11,"Adjunct Professor, Music Business","McKinney, TX"
12,Organist/Director of Music,"Dallas, TX"
13,Online Vocal Instructor (A Capella),"New York, NY"
14,Marketing Manager,"New York, NY/Remote"
15,Chief Development Officer,"Pittsburgh, PA"
16,"Manager, Compensation","New York, NY"
17,"Product Designer, Music","Atlanta, GA"
18,"Manager, Social Media & Audience Engagement","Burbank, CA"
19,Talent Booker,"Los Angeles, CA"
0,Audio Engineer,"Los Angeles, CA"
1,Audio Engineer,"Bellevue, WA"
2,"Manager, Digital Marketing","New York, NY/Los Angeles, CA"
3,"Senior Manager/Director, Marketing","New York, NY/Los Angeles, CA/Nashville, TN"
4,"P/T Lab Specialist, Music Production","Winter Park, FL"
5,Assistant Professor of Music,"Davidson, NC"
6,"Assistant Professor of Music, Voice","Baton Rouge, LA"
7,Operations and Program Director,"Sioux Falls, SD"
8,Music Adjunct Faculty,"Olympia, WA"
9,"Software Engineer, C++","Denver, CO"
10,Audio Programmer,"Edmonton, AB"
11,"Assistant Professor, Piano Performance","Winston-Salem, NC"
12,Post Production Audio Engineer - Adjunct Instructor,"Chicago, IL"
13,Music Composer,"Frisco, TX"
14,Audio Designer,"Frisco, TX"
15,"Assistant, Marketing","New York, NY"
16,"Director, Licensing","New York, NY"
17,"Vice President, RTR","Nashville, TN"
18,Social Media Manager,Nationwide/Remote
19,Business Representative for Live Performance,"New York, NY"
0,Music Adjunct,"Polkton, NC"
1,"Senior Manager, New Initiatives","New York, NY"
2,Assistant Professor of Voice,"Orangeburg, SC"
3,"Sr Manager, Marketing - Artists","Burbank, CA"
4,"Product Manager, Payments",California/New York/Remote
5,P/T Executive Director,"Medford, OR"
6,Senior Publicist,"Los Angeles, CA"
7,Project Manager,"Nashville, TN"
8,Junior Graphic Designer,"Chicago, IL"
9,"Director, Marketing Communications","Santa Monica, CA"
10,"Managing Director, Marketing & Partnerships","Santa Monica, CA"
11,"Summer Editor Intern, Music Culture & Editorial","Los Angeles, CA"
12,Artist & Label Partnerships Intern,"Los Angeles, CA"
13,"Producer, Music Merchandising","Santa Monica, CA"
14,Sr. Sound Designer,"Santa Monica, CA"
15,Head of Music Product Marketing,"San Francisco, CA"
16,"Coordinator, Synch Income Tracking","Los Angeles, CA"
17,Music Producer,Nationwide/Remote
18,"Writer/Editor, Music Culture","Los Angeles, CA/Remote"
19,"Director, Music Licensing and Partnerships","San Francisco, CA"
0,Director of Individual and Leadership Giving,"San Francisco, CA"
1,Teaching Artist,"San Francisco, CA"
2,Senior Audio Programmer,"San Diego, CA"
3,"Analyst, A&R Administration","New York, NY"
4,Sound Designer,"Burbank, CA"
5,Marketing/CRM Specialist,"Bethlehem, PA/Remote"
6,Digital Marketing Specialist,"Atlanta, GA"
7,Content Creator,"Fort Wayne, IN"
8,Creative Copywriter,"Fort Wayne, IN"
9,"P/T Adjunct Faculty, Music & Sound Recording","West Haven, CT"
10,"Manager, Income Tracking","New York, NY/Los Angeles, CA/Nashville, TN/Portland, OR"
11,Music Therapist,"Larkspur, CA"
12,"Manager, International Tax","New York, NY"
13,"Analyst, Participations","Nashville, TN"
14,Radio Producer,"Austin, TX"
15,On Air Music Director,"St. Louis, MO"
16,Choir Director and Assistant/Associate Professor,"Alcorn State, MS"
17,Development Associate,"New York, NY"
18,Theater Instructor,"New York, NY"
19,Director of Artistic Operations,"Baton Rouge, LA"
0,Senior Entertainment Editor,"New York, NY"
1,P/T Culture Writer,"New York, NY/Remote"
2,"Senior Manager, Orchestral Music Store Operations","Golden Valley, MN"
3,Product Marketing Manager,"New York, NY"
4,Executive Director,"Morristown, NJ"
5,Tracks wanted for Exciting Sync Opportunities,US/Canada
6,"Sync Manager, Creator Services","Los Angeles, CA"
7,Director of Programs,"Boston, MA"
8,Music Publishing Partner Technology Manager,"New York ,  NY"
9,"Manager, Streaming","New York, NY"
10,"Licensing Director, Music Publishing – Americas","New York, NY"
11,Compliance Operations Manager – Music & Podcast Licensing Operations,"New York, NY"
12,Marketing Strategy Manager,"Miami, FL"
13,Music Therapist,"Houston, TX"
14,P/T Marketing Coordinator,"Brooklyn, NY"
15,Senior Luthier & Instrument Repair Specialist,"Golden Valley, MN"
16,Publishing Associate (Spanish Speaking),"Los Angeles, CA/Portland, OR"
17,Art Director,"Hollywood, CA"
18,Lead Artist Marketing Manager,"Hollywood, CA"
19,Adjunct Instructor of Music,"Farmington, NM"
0,"Postdoc Fellow, Music","Ithaca, NY"
1,Music Director,"St. Augustine, FL"
2,Director of Development,"New York, NY"
3,Music Lab Software Engineer,"San Antonio, TX"
4,School Music Account Lead,"Frederick, MD"
5,Composer/Sound Designer,"Greenville, NC"
6,Music & Clearance Paralegal,"Atlanta, GA"
7,"Adjunct Faculty, Recording Arts Technology","Cleveland, OH"
8,Senior Royalty Analyst,"White Plains, NY"
9,Account Manager,"New York, NY"
10,"Adjunct, Audio Production","Frederick, MD"
11,Guitar Manufacturing,"Stevensville, MD"
12,President,"Brooklyn, NY"
13,AV/Recording Technician,"New York, NY"
14,Senior Audio Programmer,"San Diego, CA"
15,"Adjunct Faculty of Music, Cajon Ensemble","La Verne, CA"
16,"Head of Artist Marketing, Creator Services","Los Angeles, CA"
17,VP of Marketing,"Portland, OR"
18,"Art Director, Music","Culver City, CA"
19,Sound Engineer,"Kilgore, TX"
0,Assistant Head of Audio and Video,"Dallas, TX"
1,Digital Producer,"New York, NY"
2,"Lecturer, Studio Percussions","University Park, PA"
3,Audio Designer,"Boston, MA"
4,Publishing Administrator,"Los Angeles, CA/Portland, OR/New York, NY"
5,Business Analyst,"Los Angeles, CA"
6,"Assistant to Vice President, Music","Los Angeles, CA"
7,Senior Audio Designer,"San Mateo, CA"
8,"Manager, Music Publishing Business Development","Los Angeles, CA (New York, NY/Nashville, TN)"
9,Artist Relations Manager,"New York, NY"
10,Guitar Installation Technician,"Fort Wayne, IN"
11,"Music Faculty, Voice","Austin, TX"
12,"Adjunct Instructor, Music","Harrogate, TN"
13,"Adjunct Instructor, Instrumental Studies","Denton, TX"
14,"Adjunct Instructor, Jazz Arranging/Composition","Denton, TX"
15,"Adjunct Instructor, Piano Pedagogy","Denton, TX"
16,"Adjunct Instructor, Music Business and Entrepreneurship","Denton, TX"
17,"Assistant Professor of Music, Director of Orchestral Activities","Richmond, KY"
18,Sound Engineer,"Brooklyn, NY"
19,"Coordinator, Hip Hop","New York, NY"
0,People Operations Specialist,"New York, NY"
1,"Analyst/Sr. Analyst, Accounts Payable","Nashville, TN"
2,Publicity/Social Media/Website,"Brooklyn, NY"
3,Radio Producer,"New York, NY"
4,Worship Vocalist/Guitarist,"Braintree, MA"
5,"Coordinator, eCommerce & Label Services","New York, NY"
6,Administrative Assistant,"New York, NY"
7,Audio Director (Audio Design),"Québec City, QC"
8,Streaming Coordinator,"Los Angeles, CA"
9,Music Curation Manager,"San Francisco, CA"
10,"Director, Latin Music","Los Angeles, CA"
11,Sr. Product Manager,"Los Angeles, CA"
12,"Music Counsel, Publishing","San Bruno, CA/Los Angeles, CA/New York, NY"
13,Senior Sound Designer,"Salt Lake City, UT"
14,Video Production Specialist,"Oklahoma City, OK"
15,"VP, Lifestyle Product Management","New York, NY"
16,"US Digital Account Manager, Hip Hop & R&B","Los Angeles, CA"
17,Music Specialist,"New York, NY"
18,Senior Manager/Director of Platform,"San Francisco, CA/Remote"
19,Sound Designer/Mixer,Remote
0,Jr. Accountant,"Los Angeles, CA"
1,"Digital Rights Administrator, Pop","Los Angeles, CA"
2,"A&R Assistant, Pop","Los Angeles, CA"
3,Piano Instructor,"Potomac, MD"
4,Production Assembler,"Asheville, NC"
5,Commercial Business Analyst,"Asheville, NC"
6,"Adjunct Faculty, Performing Arts","Cortland, NY"
7,Singing Actors/Performers,"Montclair, NJ"
8,Production Administrator,"Annandale-on-Hudson, NY"
9,Attorney,"Nashville, TN"
10,P/T Music Faculty,"Dahlonega, GA"
11,Dean of the School of Music,"Schenectady, NY"
12,Grants Manager,"Chicago, IL"
13,Managing Director,"Chicago, IL"
14,Global Member Services Representative,"New York, NY"
15,Director of E-Commerce,"Batavia, IL"
16,Marketing Assistant,"Batavia, IL"
17,Senior Podcast Producer,"New York, NY/Remote"
18,Content Writer,"Boston, MA"
19,Music Director,"Longboat Key, FL"
0,Orchestra Librarian,"Allentown, PA"
1,Community Account Manager,"New York, NY"
2,Music Editor (Spanish/Bilingual Missals and Hymnals),"Portland, OR"
3,"Analyst, Global Research & Insights","Hollywood, CA"
4,Paralegal Specialist,"Burbank, CA"
5,Communications Manager,"Hillsborough, NC"
6,General Manager,"Nashville, TN"
7,Graphic Designer,"Atlanta, GA"
8,"Analyst, A&R Administration","New York, NY"
9,"Senior Director, A&R Administration","New York, NY"
10,Growth Marketing Specialist,"New York City, NY"
11,Digital Marketing Director,"Los Angeles, CA"
12,Associate/Full Professor Music/Chair of Visual and Performing Arts,"Springfield, MA"
13,Contemporary Dance Teacher,"New York, NY"
14,"Adjunct Faculty, Music","Austin, TX"
15,DJ/Music Instructor,"Northbrook, IL"
16,Assistant to the Artistic Director,"Williamstown, MA/New York, NY"
17,"Adjunct Faculty, Music Recording (Pool)","Toledo, OH"
18,Repair and Restoration Technician,"Nashville, TN"
19,Radio Associate Producer,"Boston, MA"
