jobTitle,jobDescription,location,companyName
Freelance Music Journalists and Broadcasters,"Part-time hours: 15 per week.
Job Types: Part-time, Temporary.",Cambridge,www.quitegreat.co.uk
Beautiful Digital - Digital Account Manager for Music Artists (HW),This is a 12 month + working from home Apprenticeship with Beautiful Digital which requires 20% a month training with BCE in 'Digital Marketing or Content…,London E17 6DS,BIG CREATIVE EDUCATION
Music Sales & Business Development Representative,"They often pitch directly to Radio, TV, Press and streaming services.
This position will report directly to the Global Head of Business Development.",Reigate,Music Gateway
Guitar Technician,The role may also include (depending on time available in the day) dealing with customer service and guitar advice to end users.,Stratford-upon-Avon CV37,Richards Guitars
Unqualified Primary Teacher - ASAP Start,"The Head Teacher is looking to invest into an Unqualified Primary Teacher, with the idea of taking you on a permanent contract from August 2021 and providing…",Newham,Clarus Education
Musical Theatre Teacher,"Experience planning and delivering successful performing music lessons for children and young people, preferably within a theatre or music school setting.",London W5 2TD,Navi Management
Music required for PPA Cover in a Acton Primary School,"Excellent adaptability skills to accompany their teaching style to suit the relevant year group.
Be able to build quick relationships with pupils and colleagues…",Acton,PPA Cover Ltd
Head of Music,This school is looking for a confident Music teacher who can also take on the responsibility of the Head of Department.,Kent,Dunbar Education
Head Music Tutor / Coordinator / Music Tutors,"Eventually once a few tutors are on board, the head tutor would assist in coordinating room bookings, liaising with the other tutors and event planning.",Bury BL8,Redwall Studios Music Tuition
Freelance Musician,"Prior to live per performance artists must be well practised as the video will be shot in one take.
Our artists are recorded by professional videographers and…",London,Habitat
"Staff Tutor (aligned to English, Creative Writing, Art History, Music, History or Classics) (Internal Only)","Liaising on academic conduct issues.
Contribute as an academic to the development and presentation of the Discipline’s curriculum through Module Team membership…",Home Based,The Open University UK
Bookkeeper - Part Time (Music Shop),"It would involve the organisation of weekly invoices received through email and post, filing and account data matching and processing.",London WC2H,GUITAR SHOP
Music Reviewer - albums and live events,"Able to write outside of your preferred music genre interests.
Able to write at least one or two reviews per week.
Job Types: Part-time, Volunteer.",London,Renowned For Sound
Professional Musician,"Our artists are recorded by professional videographers and sound engineers.
Job Types: Full-time, Part-time, Contract.",London,Habitat
Music Publicist,"Existing contacts with music publications and channels.
Strong relationships with journalists and editors in the music industry.",London EC1V,Burstimo
Content Manager (Production Music),"You will be responsible for managing all aspects of content marketing at BMGPM.
What You’ll Be Doing.
Copywriting for web content, social media content, e-mail…",London W2,BMG Rights Management Services (UK) Limited
Music Teacher,"We have positions across our various clients sites that need filling, whether that be on a part-time flexi or full-time basis.",London,Logan Bros
Instrumental Music Teacher,"Job Types: Full-time, Part-time.",Sutton,Musically Instrumental
Senior Producer Music,"A strong passion for music and a deep understanding of all genres.
A number of pre existing industry contacts relevant to music composition in advertising/film…",Shoreditch,Molecular Sound
Visiting Music Teacher – (Piano),"A keen interest in teaching psychology and learning.
To provide 30 music lessons to each pupil across the academic year.
A patient and imaginative approach.",London N6 4AY,Highgate School
Music School Teachers,"A good organisational and communication skills are also required.
The successful candidate will need to provide private lessons to each student assigned in the…",Kingston upon Thames,Enhui Music
Piano Teacher,"Mentorship and support will be given to successful applicants.
Minimum Grade 5 level in Piano.
Able to work from home for online lessons and travel to students'…",London,Bright Music Futures
Music leaders,"Knowledge of community music practice.
Plan and deliver a series of music making sessions with young people in challenging circumstances.",Teesside,"Musinc, Middlesbrough Council"
Music Marketing Graduate Role,Burstimo is a leading Music Marketing agency working with artists across the globe to create and implement full marketing strategies to assist with the…,Royston SG8 9AZ,Burstimo
Music Instrumental Teacher for Vocals,We are looking to recruit an inspirational and enthusiastic part time visiting instrumental music teacher for high quality vocal tuition.,Enfield,Oasis Community Learning
Assistant music leaders,"Work with the lead music leader to deliver a series of music making sessions with young people in challenging circumstances.
Job Types: Part-time, Contract.",Teesside,"Musinc, Middlesbrough Council"
Marketing Manager ADA Music UK,"Proven track record delivering successful artist marketing campaigns.
Proven track record charting singles and albums where streaming is the driving format.",London,Warner Music Group
Head of Music,"Someone who gets on well with their colleagues and wants to work in a positive environment.
This position could be for either an experienced Music Teacher or…",Ipswich,Stoke High School - Ormiston Academy
Music Accompanist - Part time (20 hours per week),"The candidate will also deliver aural and theory group tuition, and a wider contribution to the academic programme in the music department, in a non-teaching…",Canterbury,The King's School
Coordinator of Music,"In addition, the Trust is responsible for one of the region’s biggest initial teaching training providers and a large teaching school.",Dartford DA2,Leigh Academies Trust
"Musicians ( guitar or Sax ), Soloist, Comedians","We are looking for exceptional and engaging entertainers - comedians, soloists and musicians, to entertain guests during service at our Brazilian restaurant ,…",Hemel Hempstead,BULL RODIZIO
"Tutors for English, Maths, French and/or Music (Guitar/Vocals/Piano)","Possibly teaching remotely via the internet.
4 to 16 hour week (dependant on skills).
A mixture of the above.
Parents of school age children.",Ruislip HA4,Education Technology Community
Music Teacher,"This position involves teaching music lessons to all classes from Reception to Year 6, leading music assemblies across the school and championing music…",London,Viridis Schools
Amazon Music UK PR Manager (12 month fixed term contract),"Specific PR experience required in digital music, entertainment or consumer tech and/or corporate communications for a music or digital entertainment company.",London,Amazon UK Services Ltd.
Part-time Music Teacher(QTS not required),"An enhanced DBS, safeguarding training, disqualification form and two references are required for this post prior to commencement.",Harlow,Primary PPA Cover
Senior Account Manager (Music & Entertainment),"Managing and leading a team of 3 – 5 account managers to execute on influencer campaigns, guiding them to achieve their goals and targets.",London EC2A 4AA,Fanbytes
Experienced Online Vocal Tutors,"Job Types: Part-time, Temporary.",Woking,Tutors Valley
Roadie and Piano Moving Work,"All event work will mean working away from home and can include early starts, long days, late nights and overnight stays.",Hatfield,PianoDJ
Lecturer in Music,"Previous teaching experience and the ability to teach across the undergraduate and postgraduate music curriculum;
A first degree and PhD in Music;",Plymouth,Plymouth University
"Associate Legal Counsel, Music","Experience, either in-house or private practice, of negotiation of music licensing agreements with record labels, music publishers and collecting societies for…",London,Google
Full-time Guitar Sales Consultant,"Sales experience, ideally in a retail environment or similar or within the music equipment sector.
The ability to drive and deliver a fantastic customer…",Guildford,Andertons Music Company
DIRECTOR OF MUSIC,"The successful candidate will possess a Degree or equivalent in Music, be a Grade 8 pianist and will have experience of delivering musical productions.",Dorton,Buckinghamshire Council
Commercial Analyst - Music,"Be keeping up to date of music issues and trends, being able to use these to creative innovative ideas.
Reporting to the Director of Commercial Intelligence,…",London,Handle Recruitment Ltd
Senior Media Manager (Music) – Global eCommerce Business,Candidates will need solid cross-channel planning experience across multiple markets and a deep passion for / experience with music and technology clients.,London,Silverdrum
Technician in Music {HR5737},"As a Technician, you will primarily assist with the teaching of Music Performance and Production.
This will include preparation of teaching areas, maintaining…",Chichester PO19 1SB,Chichester College Group
Sessional Music Technician,"Music tech: 1 year (Preferred).
Responsibility for the general maintenance and operational efficient of teaching areas, including the care and maintenance of…",Birmingham B19,BIRMINGHAM URBAN RHYTHM NETWORK
Teacher of Music (Trumpington Community College),The role We are excited to offer the opportunity for a talented professional to teach Music at Trumpington Community College. We are looking for someone with…,Cambridge CB2 9FD,United Learning
Part Time Music Class Leader,"A full kit of instruments & props.
Initial, ongoing training via video and personal coaching.
Mainly term-time and within school hours.",Harrogate,"Rhythm Time Harrogate, Wetherby and York"
Arts Therapist (Music),This post may be of specific interest to clinicians with experience of working with children and young people with complex needs.,Lothian,NHS Scotland
Music Therapist,"If you have the ability to assess emotional well-being, physical health, social functioning, communication abilities through musical responses and creative…",Camden,Protocol Education
