,jobTitle,location,jobType
0,Visiting Music Teacher - Piano,Horsham,Education
1,Junior Intercompany Royalty Analyst,London,Administrative
2,Producer,London,Production / Engineering
3,Development Manager (Individuals),London,Administrative
4,Lecturer in Music,Plymouth,Teacher
5,Teacher of Music,Frinton-on-Sea,Teacher
6,Music Administrator and Concert Manager,Guildford,Administrative
7,Visiting Music Teacher - Flute,Horsham,Education
8,Lead Practitioners – Voice / Technical Sound,London,Teacher
9,Head of Marketing,Chichester,Administrative
10,Administrator & Projects Co-Ordinator,Preston,Administrative
11,Learning and Development Business Partner,London,Administrative
12,Piano Tutor,London,Teacher
13,Music Teacher,London,Teacher
14,Head of Label Partnerships,London,Other
15,Teacher of Music,Nuneaton,Teacher
16,Vocalists and Percussionists,Manchester,Theatre
17,Release Manager,London,Administrative
18,Teacher of Music and Performing Arts,Rishworth,Education
19,Teacher of Music,Aylesford,Teacher
0,Music Teacher,Upminster,Teacher
1,Sound Engineer,"Croydon, Broadstairs and Birmingham.",Film (Short)
2,Technical Stage Staff,world wide,Live Performance
3,Director of Operations,Brighton/ London,Administrative
4,Drum Tutor,London,Teacher
5,Technician in Music,Chichester,Teacher
6,Marketing and Audience Engagement Manager,South Petherton,Administrative
7,HR Admin Support,York,Administrative
8,Royalties Assistant,London,Administrative
9,Marketing Officer,Leeds,Administrative
10,Music Production Intern,London,Administrative
11,Teacher of Music/Music Graduate,Chelmsford,Teacher
12,Marketing Manager,"Salford, Greater Manchester",Administrative
13,Piano Tutor,London,Teacher
14,Piano Tutor,London,Teacher
15,Visiting Music Teacher – (Piano),London,Teacher
16,Operations Manager,London,Administrative
17,Label Manager,London,Administrative
18,"Coordinator, Audio Recording Technician",Milton Keynes,Online Music Service
19,Development Manager (Organisations),London,Administrative
0,Audio post professionals - with advertising experience,Online / remote workflows,Commercial
1,Administrator,London,Administrative
2,Coordinator of Music,Dartford,Teacher
3,Teacher of Performing Arts (Music and Drama),Cleckheaton,Education
4,Sound Designer,London,Film (Short)
5,Director of Photography,London,Film (Short)
6,Arts Therapist (Music),Edinburgh,Teacher
7,Teacher of Music,London,Teacher
8,Creator and AV Manager,London,Administrative
9,Actors,Tramshed,Theatre
10,Growth Manager (Production Music),London,Administrative
11,Sound Designer,Sheffield,Digital
12,Lead Sound Designer,Sheffield,Digital
13,Lecturer - Performing Art,Amersham,Education
14,Assistant Progress Leader of Music,Bradford,Administrative
15,"Manager, Label and Artist Partnerships",London,Administrative
16,Theatre Administrator,"Lowther, Cumbria",Administrative
17,Teacher of Music,Crawley,Teacher
18,Customer Service Advisor - French Speaking,York,Administrative
19,Piano Tutor,London,Teacher
0,Administrative Manager,London,Administrative
1,HR Officer,Edinburgh,Administrative
2,Head of Programmes,Sheffield,Administrative
3,Senior Store Product Specialist,Glasgow,Administrative
4,Piano Tutor,London,Teacher
5,Violin Teacher,"Between Cambridge and Norwich, UK",Teacher
6,Guitar Teacher,"Between Cambridge and Norwich, UK",Teacher
7,Violin Teacher,Bletchingley,Teacher
8,Violinist (On-Stage Performer),London,Live Performance
9,Session Musicians,York,Musician
10,Senior Manager - Digital Creative (Production Music),London,Administrative
11,Customer Service Assistant,East Grinstead,Administrative
12,Freelance Sound Engineer,W1,Digital
13,Live Streaming Host,"UK, Nationwide",Online / Digital
14,Supporter Engagement and Events Officer,Manchester,Administrative
15,Legacy and Stewardship Officer,Manchester,Administrative
16,Development Manager (Individuals),Manchester,Administrative
17,Sound Operator,Sheffield,Film (Short)
18,guitar tutor,London,Teacher
19,Sound Technician,cruiseship,Cruise
