[
    {
        "jobId": 40972793,
        "employerId": 600794,
        "employerName": "Coventry Building Society",
        "employerProfileId": null,
        "employerProfileName": null,
        "jobTitle": "Programme Manager - IT Infrastructure",
        "locationName": "Coventry",
        "minimumSalary": null,
        "maximumSalary": null,
        "currency": null,
        "expirationDate": "26/10/2020",
        "date": "28/09/2020",
        "jobDescription": " The best way to judge a company is based on what the people who work there say. Our recent employee survey rated us Number 2 in the Sunday Times 25 Best Big Companies to Work For list. We offer not only fulfilling jobs and exciting career opportunities but  a place where everyone can be long and feel proud to work. What makes us such a rich and progressive place to work is the huge variety of people that make up our workforce. And of ... ",
        "applications": 30,
        "jobUrl": "https://www.reed.co.uk/jobs/programme-manager-it-infrastructure/40972793"
    },
    {
        "jobId": 41190476,
        "employerId": 574149,
        "employerName": "BMG UK",
        "employerProfileId": null,
        "employerProfileName": null,
        "jobTitle": "Senior Director - Finance (Global Catalogue Recordings) ",
        "locationName": "Paddington",
        "minimumSalary": null,
        "maximumSalary": null,
        "currency": null,
        "expirationDate": "26/11/2020",
        "date": "15/10/2020",
        "jobDescription": " Position: Senior Director - Finance (Global Catalogue)Contract: 12 Month Maternity Cover, ASAP Start Department: International Finance Recordings HubLocation: Paddington, London (Currently home-working) Your Mission at BMG. You will be responsible for pro-actively supporting the continued growth of BMG’s global catalogue busin... ",
        "applications": 4,
        "jobUrl": "https://www.reed.co.uk/jobs/senior-director-finance-global-catalogue-recordings/41190476"
    },
    {
        "jobId": 41182395,
        "employerId": 6859,
        "employerName": "Arlington Resource Management",
        "employerProfileId": null,
        "employerProfileName": null,
        "jobTitle": "Company Accountant",
        "locationName": "London",
        "minimumSalary": 50000.0,
        "maximumSalary": 55000.0,
        "currency": "GBP",
        "expirationDate": "25/11/2020",
        "date": "14/10/2020",
        "jobDescription": " Company Accountant - This dynamic high profile London-based Art Gallery, has an excellent opportunity for a Company Accountant to join its small team. This is sole charge finance role reporting to the Directors and Artists with responsibilities such as:   Management Accounts for the business and separate reporting for each artist.Weekly cash flow reportsVAT ReturnsMonthly reconciliation of all control a... ",
        "applications": 40,
        "jobUrl": "https://www.reed.co.uk/jobs/company-accountant/41182395"
    },
    {
        "jobId": 41182377,
        "employerId": 6859,
        "employerName": "Arlington Resource Management",
        "employerProfileId": null,
        "employerProfileName": null,
        "jobTitle": "Finance Manager",
        "locationName": "London",
        "minimumSalary": 50000.0,
        "maximumSalary": 55000.0,
        "currency": "GBP",
        "expirationDate": "25/11/2020",
        "date": "14/10/2020",
        "jobDescription": " Finance Manager - This dynamic high profile London-based Art Gallery, has an excellent opportunity for a Finance Manager to join its small team. This is sole charge finance role reporting to the Directors and Artists with responsibilities such as:   Management Accounts for the business and separate reporting for each artist.Weekly cash flow reportsVAT ReturnsMonthly reconciliation of all control account... ",
        "applications": 40,
        "jobUrl": "https://www.reed.co.uk/jobs/finance-manager/41182377"
    },
    {
        "jobId": 41177623,
        "employerId": 347335,
        "employerName": "Sauce Recruitment Ltd",
        "employerProfileId": null,
        "employerProfileName": null,
        "jobTitle": "Junior Data Analyst",
        "locationName": "London",
        "minimumSalary": 24000.0,
        "maximumSalary": 28000.0,
        "currency": "GBP",
        "expirationDate": "12/11/2020",
        "date": "13/10/2020",
        "jobDescription": "Due to continued growth a thriving Digital Music company is looking to expand their data analytics team and is looking for a Junior Analyst to join their team.The company works with a huge number of independent record labels, distributors and artist services on a global scale and as they continue to expand in to new territories and work with more digital services their exceptional growth and reputation continues.The Junior Data... ",
        "applications": 59,
        "jobUrl": "https://www.reed.co.uk/jobs/junior-data-analyst/41177623"
    },
    {
        "jobId": 41148120,
        "employerId": 347335,
        "employerName": "Sauce Recruitment Ltd",
        "employerProfileId": null,
        "employerProfileName": null,
        "jobTitle": "Personal Assistant Job - London",
        "locationName": "London",
        "minimumSalary": 21000.0,
        "maximumSalary": 24000.0,
        "currency": "GBP",
        "expirationDate": "05/11/2020",
        "date": "07/10/2020",
        "jobDescription": "* Executive Varied Responsibilities* Need to have experience in the Music/Entertainment IndustryA busy and progressing Artist Management company is looking for a Personnel Assistant/Management Assistant to support the Director and company with day to day responsibilities. The role is excitingly varied with the opportunity for the right person to be heavily  involved in all areas of the business.You will have previou... ",
        "applications": 102,
        "jobUrl": "https://www.reed.co.uk/jobs/personal-assistant-job-london/41148120"
    },
    {
        "jobId": 40904489,
        "employerId": 594811,
        "employerName": "GradBay",
        "employerProfileId": null,
        "employerProfileName": null,
        "jobTitle": "Beauty Brand Partnership Manager  £35-42K  London",
        "locationName": "London",
        "minimumSalary": 35000.0,
        "maximumSalary": 42000.0,
        "currency": "GBP",
        "expirationDate": "30/10/2020",
        "date": "18/09/2020",
        "jobDescription": " The BusinessA London based artist management company representing a mixture of artists, producers and writers. The JobYou will join the team as a Senior Brand Partnerships Manager responsible for developing brand partnerships deals with artists you represent. The focus of these partnerships will be beauty brands. You will use both your existing and new industry contacts from the Bea... ",
        "applications": 51,
        "jobUrl": "https://www.reed.co.uk/jobs/beauty-brand-partnership-manager-35-42k-london/40904489"
    },
    {
        "jobId": 41157428,
        "employerId": 600794,
        "employerName": "Coventry Building Society",
        "employerProfileId": null,
        "employerProfileName": null,
        "jobTitle": "Project Manager - IT Change",
        "locationName": "Coventry",
        "minimumSalary": 38400.0,
        "maximumSalary": 57600.0,
        "currency": "GBP",
        "expirationDate": "06/11/2020",
        "date": "09/10/2020",
        "jobDescription": " #BetheChange Coventry Building Society has grown into the second largest building society in the UK. Despite being a national Society, it keeps its local values and loyalty, and its caring family ethos. The best way to judge a company is based on what the people who work there say. Our recent employee survey rated us Number 2 in the Sunday Times 25 Best Big Companies to Work for list. We offer not only fulfilli... ",
        "applications": 18,
        "jobUrl": "https://www.reed.co.uk/jobs/project-manager-it-change/41157428"
    },
    {
        "jobId": 41157191,
        "employerId": 600794,
        "employerName": "Coventry Building Society",
        "employerProfileId": null,
        "employerProfileName": null,
        "jobTitle": "Senior Project Manager",
        "locationName": "Coventry",
        "minimumSalary": 44800.0,
        "maximumSalary": 65400.0,
        "currency": "GBP",
        "expirationDate": "06/11/2020",
        "date": "09/10/2020",
        "jobDescription": " #BetheChange Coventry Building Society has grown into the second largest building society in the UK. Despite being a national Society, it keeps its local values and loyalty, and its caring family ethos. The best way to judge a company is based on what the people who work there say. Our recent employee survey rated us Number 2 in the Sunday Times 25 Best Big Companies to Work for list. We offer not only fulfilli... ",
        "applications": 18,
        "jobUrl": "https://www.reed.co.uk/jobs/senior-project-manager/41157191"
    },
    {
        "jobId": 40873191,
        "employerId": 368448,
        "employerName": "PSM HR",
        "employerProfileId": null,
        "employerProfileName": null,
        "jobTitle": "Territory Manager - Southern",
        "locationName": "Uxbridge",
        "minimumSalary": 26000.0,
        "maximumSalary": 30000.0,
        "currency": "GBP",
        "expirationDate": "27/10/2020",
        "date": "15/09/2020",
        "jobDescription": " Territory Manager - Southern Based in London &amp; Home Counties Royal Talens is a manufacturer and supplier of high-quality painting, drawing and colouring materials for artists, creative hobbyists, designers, children and educational institutes. The company is recognised globally amongst artist, hobbyist  and beginners for its quality brands such as Talens, Rembr... ",
        "applications": 25,
        "jobUrl": "https://www.reed.co.uk/jobs/territory-manager-southern/40873191"
    },
    {
        "jobId": 40971056,
        "employerId": 600794,
        "employerName": "Coventry Building Society",
        "employerProfileId": null,
        "employerProfileName": null,
        "jobTitle": "Senior Credit Risk Analyst",
        "locationName": "Coventry",
        "minimumSalary": null,
        "maximumSalary": null,
        "currency": null,
        "expirationDate": "26/10/2020",
        "date": "28/09/2020",
        "jobDescription": " Coventry Building Society has grown into the second largest building society in the UK. We’re a national society, with local values and loyalty, and a caring family ethos. The best way to judge a company is based on what the people who work there say. Our recent employee survey rated us Number 2 in the Sunday Times 25 Best Big Companies to Work For list. We offer not only fulfilling jobs and exciting career opportunities but  a place ... ",
        "applications": 9,
        "jobUrl": "https://www.reed.co.uk/jobs/senior-credit-risk-analyst/40971056"
    },
    {
        "jobId": 40936396,
        "employerId": 368448,
        "employerName": "PSM HR",
        "employerProfileId": null,
        "employerProfileName": null,
        "jobTitle": "Key Account Executive - Business Development ",
        "locationName": "Uxbridge",
        "minimumSalary": 36000.0,
        "maximumSalary": 40000.0,
        "currency": "GBP",
        "expirationDate": "02/11/2020",
        "date": "21/09/2020",
        "jobDescription": " Key Account Executive - Business Development Based in London &amp; Home Counties Royal Talens is a manufacturer and supplier of high-quality painting, drawing and colouring materials for artists, creative hobbyists, designers, children and educational institutes. The company is recognised globally amongst artist, hobbyist  and beginners for its quality brands such ... ",
        "applications": 65,
        "jobUrl": "https://www.reed.co.uk/jobs/key-account-executive-business-development/40936396"
    },
    {
        "jobId": 40894370,
        "employerId": 611215,
        "employerName": "Preston City Council",
        "employerProfileId": null,
        "employerProfileName": null,
        "jobTitle": "Programmes and Collections Manager",
        "locationName": "Preston",
        "minimumSalary": 42683.0,
        "maximumSalary": 43662.0,
        "currency": "GBP",
        "expirationDate": "16/10/2020",
        "date": "17/09/2020",
        "jobDescription": " Programmes and Collections Manager Permanent role 37 hours per week Salary &#163;42,683 - &#163; 43,662 (Pay award pending) Preston City Council’s Cultural Service has an exciting opportunity for a dynamic and creative senior manager to join the leadership team at the Harris Museum, Art Gallery and Library. The position of Programmes and Collections Manager will provide expertise and innovation in collectio... ",
        "applications": 7,
        "jobUrl": "https://www.reed.co.uk/jobs/programmes-and-collections-manager/40894370"
    },
    {
        "jobId": 40835786,
        "employerId": 524744,
        "employerName": "Hays Specialist Recruitment Limited",
        "employerProfileId": null,
        "employerProfileName": null,
        "jobTitle": "Finance Analyst",
        "locationName": "London",
        "minimumSalary": 250.0,
        "maximumSalary": 300.0,
        "currency": "GBP",
        "expirationDate": "19/10/2020",
        "date": "07/09/2020",
        "jobDescription": " Finance AnalystYour new companyThey build and manage the online artist web stores, execute retail collections and run the tour merchandise, VIP and ticketing programs globally. The Finance team is responsible for all accounting, analysis and reporting for these areas of the business. They  are one global company made up exclusively of knowledgeable, passionate, and creative people.Your new roleThey are loo... ",
        "applications": 225,
        "jobUrl": "https://www.reed.co.uk/jobs/finance-analyst/40835786"
    },
    {
        "jobId": 41122073,
        "employerId": 600794,
        "employerName": "Coventry Building Society",
        "employerProfileId": null,
        "employerProfileName": null,
        "jobTitle": "Senior Business Analyst",
        "locationName": "Coventry",
        "minimumSalary": null,
        "maximumSalary": null,
        "currency": null,
        "expirationDate": "02/11/2020",
        "date": "05/10/2020",
        "jobDescription": " Coventry Building Society has grown into the second largest building society in the UK. Despite being a national Society, it keeps its local values and loyalty, and its caring family ethos. The best way to judge a company is based on what the people who work there say. Our recent employee survey rated us Number 2 in the Sunday Times 25 Best Big Companies to Work For list. We offer not only fulfilling jobs and exciting career opportuni... ",
        "applications": 16,
        "jobUrl": "https://www.reed.co.uk/jobs/senior-business-analyst/41122073"
    },
    {
        "jobId": 41184917,
        "employerId": 626228,
        "employerName": "Partnership Jobs",
        "employerProfileId": null,
        "employerProfileName": null,
        "jobTitle": "Head of Acting",
        "locationName": "Oxfordshire",
        "minimumSalary": null,
        "maximumSalary": null,
        "currency": null,
        "expirationDate": "25/11/2020",
        "date": "14/10/2020",
        "jobDescription": "Salary &#163;48,000 per annum (&#163;59,000 pro-rata)The Oxford School of Drama is looking for a highly-skilled and creative individual to lead the acting faculty in delivering a distinctive vocational acting training with a national reputation for quality, rigour, creativity and inclusivity.This is a new, permanent position at The Oxford School of Drama.The Head of Acting will work as part of the Senio... ",
        "applications": 0,
        "jobUrl": "https://www.reed.co.uk/jobs/head-of-acting/41184917"
    },
    {
        "jobId": 40916824,
        "employerId": 624561,
        "employerName": "NHS Business Services Authority",
        "employerProfileId": null,
        "employerProfileName": null,
        "jobTitle": "Integrated Care Team Senior Administrator Band 3",
        "locationName": "Clacton-on-Sea",
        "minimumSalary": 19737.0,
        "maximumSalary": 21142.0,
        "currency": "GBP",
        "expirationDate": "30/10/2020",
        "date": "18/09/2020",
        "jobDescription": " Integrated Care Team Senior Administrator – Tendring Permanent 1.0 WTE Band 3 An exciting opportunity has arisen for the appointment of enthusiastic, self-motivated Senior Administrator to join the Integrated Administration Teams based in Kennedy House, Clacton on Sea, supporting the Integrated Care Team and Specialist Services to  deliver community healthcare services t... ",
        "applications": 3,
        "jobUrl": "https://www.reed.co.uk/jobs/integrated-care-team-senior-administrator-band-3/40916824"
    },
    {
        "jobId": 40916853,
        "employerId": 624561,
        "employerName": "NHS Business Services Authority",
        "employerProfileId": null,
        "employerProfileName": null,
        "jobTitle": "Senior Community Nurse Band 6",
        "locationName": "Clacton-on-Sea",
        "minimumSalary": 31365.0,
        "maximumSalary": 37890.0,
        "currency": "GBP",
        "expirationDate": "30/10/2020",
        "date": "18/09/2020",
        "jobDescription": " Senior Community Nurse – Team Leader band 6 37.5 hours Permanent Tendring ICT Do you want to join a team leading the way on integrated care? Are you looking for an opportunity to be creative in the way your care is delivered – putting the patient at the center and working with colleagues across the health and social care system to deliver the best possible patient outcomes? We are looking for a posit... ",
        "applications": 0,
        "jobUrl": "https://www.reed.co.uk/jobs/senior-community-nurse-band-6/40916853"
    },
    {
        "jobId": 40916850,
        "employerId": 624561,
        "employerName": "NHS Business Services Authority",
        "employerProfileId": null,
        "employerProfileName": null,
        "jobTitle": "Community Nurse Band 5",
        "locationName": "Colchester Business Park",
        "minimumSalary": 24907.0,
        "maximumSalary": 30615.0,
        "currency": "GBP",
        "expirationDate": "30/10/2020",
        "date": "18/09/2020",
        "jobDescription": " An opportunity has become available for enthusiastic Registered Nurses to join one of ACE’s integrated care teams. Do you have experience within the healthcare sector? Are you looking to expand your knowledge and learn new skills or develop current ones?  Would you like to be part of a busy integrated nursing service within the local community? If so this could be the role for you. We are able to offer both full and part time hours ba... ",
        "applications": 0,
        "jobUrl": "https://www.reed.co.uk/jobs/community-nurse-band-5/40916850"
    },
    {
        "jobId": 40882834,
        "employerId": 624561,
        "employerName": "NHS Business Services Authority",
        "employerProfileId": null,
        "employerProfileName": null,
        "jobTitle": "Assistant Practitioner, Band 3",
        "locationName": "Clacton-on-Sea",
        "minimumSalary": 19737.0,
        "maximumSalary": 21142.0,
        "currency": "GBP",
        "expirationDate": "28/10/2020",
        "date": "16/09/2020",
        "jobDescription": " We currently have vacancies for Assistant Practitioner’s to work within Tendring Integrated Nursing and Therapy Teams (Anglian Community Enterprise (ACE)). Successful applicants will be required to work as a member of the Integrated Care Teams assisting in the delivery of Community Rehabilitation and Nursing interventions and Clinical Support; you will following care plans which have been planned by clinicians  in conjunction with ser... ",
        "applications": 2,
        "jobUrl": "https://www.reed.co.uk/jobs/assistant-practitioner-band-3/40882834"
    },
    {
        "jobId": 40881939,
        "employerId": 624561,
        "employerName": "NHS Business Services Authority",
        "employerProfileId": null,
        "employerProfileName": null,
        "jobTitle": "Paediatric Services Administration Support, Band 2",
        "locationName": "Colchester Business Park",
        "minimumSalary": 18005.0,
        "maximumSalary": 19337.0,
        "currency": "GBP",
        "expirationDate": "28/10/2020",
        "date": "16/09/2020",
        "jobDescription": " We are looking for a motivated and dynamic individual to deliver administration support to the Specialist Paediatric Services. The successful candidate will be part of the Integrated Paediatric Administration Team providing support to the teams working with  children and young people in North East Essex.The Specialist Paediatric services comprises Occupational Therapy, Physiotherapy, Speech &amp; Language Therapy, Dietetics and Specialist Pa... ",
        "applications": 5,
        "jobUrl": "https://www.reed.co.uk/jobs/paediatric-services-administration-support-band-2/40881939"
    },
    {
        "jobId": 40888729,
        "employerId": 624561,
        "employerName": "NHS Business Services Authority",
        "employerProfileId": null,
        "employerProfileName": null,
        "jobTitle": "Phlebotomist, Band 2",
        "locationName": "Clacton-on-Sea",
        "minimumSalary": 18005.0,
        "maximumSalary": 19337.0,
        "currency": "GBP",
        "expirationDate": "28/10/2020",
        "date": "16/09/2020",
        "jobDescription": " Tendring Community Nursing Team are looking for 2 Domiciliary Phlebotomists. Both posts are permanent, and working hours will be 08:30-15:00. Postsavailable in both Colchester and Tendring. You will be required to work as part of the community nursing team, undertaking phlebotomy (obtaining blood samples through venepuncture) in patients own homes/alternative care setting. You... ",
        "applications": 3,
        "jobUrl": "https://www.reed.co.uk/jobs/phlebotomist-band-2/40888729"
    },
    {
        "jobId": 40946153,
        "employerId": 624561,
        "employerName": "NHS Business Services Authority",
        "employerProfileId": null,
        "employerProfileName": null,
        "jobTitle": "Senior Physiotherapist Band 6",
        "locationName": "Clacton-on-Sea",
        "minimumSalary": 31365.0,
        "maximumSalary": 37890.0,
        "currency": "GBP",
        "expirationDate": "04/11/2020",
        "date": "23/09/2020",
        "jobDescription": " Band 6 Specialist Physiotherapist Permanent Full and part time hours Tendring – Clacton, Harwich, Frinton, Walton, Great Bentley, Weeley and surrounding areas ACE provides Community Rehabilitation Services which are delivered by specialist clinicians working within Integrated Care Teams across North East Essex. We are looking for an experienced, motivated clinician to join our team. You will be a registered Physio... ",
        "applications": 1,
        "jobUrl": "https://www.reed.co.uk/jobs/senior-physiotherapist-band-6/40946153"
    },
    {
        "jobId": 40915387,
        "employerId": 624561,
        "employerName": "NHS Business Services Authority",
        "employerProfileId": null,
        "employerProfileName": null,
        "jobTitle": "Senior Physiotherapist Urgent Community Response Team Band 6",
        "locationName": "Clacton-on-Sea",
        "minimumSalary": 31365.0,
        "maximumSalary": 37890.0,
        "currency": "GBP",
        "expirationDate": "30/10/2020",
        "date": "18/09/2020",
        "jobDescription": " Urgent Community Response Team   WTE Full Time  Band 6 – Senior Physiotherapist We are looking to appoint Senior Physiotherapists to the new Urgent Community Response Team. You must be an HCPC Physiotherapist with extensive experience working in the community setting. You must be able to demonstrate expertise in holistic assessment, goal setting and problem solving. Your interven... ",
        "applications": 1,
        "jobUrl": "https://www.reed.co.uk/jobs/senior-physiotherapist-urgent-community-response-team-band-6/40915387"
    },
    {
        "jobId": 40915385,
        "employerId": 624561,
        "employerName": "NHS Business Services Authority",
        "employerProfileId": null,
        "employerProfileName": null,
        "jobTitle": "Senior Occupational Therapist Urgent Community Response Team Band 6",
        "locationName": "Clacton-on-Sea",
        "minimumSalary": 31365.0,
        "maximumSalary": 37890.0,
        "currency": "GBP",
        "expirationDate": "30/10/2020",
        "date": "18/09/2020",
        "jobDescription": " Urgent Community Response Team   WTE Full Time  Band 6 – Senior Occupational Therapist We are looking to appoint Senior Occupational Therapists to the new Urgent Community Response Team. You must be an HCPC Occupational Therapist with extensive experience working in the community setting. You must be able to demonstrate expertise in holistic assessment, goal setting and problem s... ",
        "applications": 0,
        "jobUrl": "https://www.reed.co.uk/jobs/senior-occupational-therapist-urgent-community-response-team-band-6/40915385"
    }
]