[
    {
        "jobId": 41053315,
        "employerId": 427940,
        "employerName": "Tradewind Recruitment",
        "employerProfileId": null,
        "employerProfileName": null,
        "jobTitle": "Music Teacher",
        "locationName": "Hounslow",
        "minimumSalary": 31604.0,
        "maximumSalary": 38174.0,
        "currency": "GBP",
        "expirationDate": "13/11/2020",
        "date": "02/10/2020",
        "jobDescription": "Music TeacherMusic Teacher - Permanent position - January 2021 - MPS2 - MPS6 - 'Good' Secondary School - Hounslow, West LondonAre you an experienced Music teacher looking for a school where you can inspire your students? Are you searching for a new permanent position this January?Tradewind Permanent Division are working alongside this 'Good' Secondary school in Hounslow to appoint an ambitious, driven and proa... ",
        "applications": 8,
        "jobUrl": "https://www.reed.co.uk/jobs/music-teacher/41053315"
    },
    {
        "jobId": 40955496,
        "employerId": 116473,
        "employerName": "The Music Market / Arts and Media Ltd",
        "employerProfileId": null,
        "employerProfileName": null,
        "jobTitle": "Digital and Data Optimiser",
        "locationName": "London",
        "minimumSalary": null,
        "maximumSalary": null,
        "currency": null,
        "expirationDate": "17/12/2020",
        "date": "24/09/2020",
        "jobDescription": " Our client, a global Record Company is seeking a highly detail orientated Digital and Data Optimiser to manage their repertoire across their classics and jazz labels. Key responsibilities will include:  Performing empirical testing within music streaming data.Recording accurately data, aggregating and maintaining it to the highest standard.Curating and describing repertoire based on qualities such a... ",
        "applications": 12,
        "jobUrl": "https://www.reed.co.uk/jobs/digital-and-data-optimiser/40955496"
    },
    {
        "jobId": 40982969,
        "employerId": 595355,
        "employerName": "Gear 4 Music",
        "employerProfileId": null,
        "employerProfileName": null,
        "jobTitle": "Junior UX Specialist",
        "locationName": "York",
        "minimumSalary": null,
        "maximumSalary": null,
        "currency": null,
        "expirationDate": "11/11/2020",
        "date": "30/09/2020",
        "jobDescription": "Junior UX SpecialistJoin our team at Gear4music!Launched in 2003 and now with over 2 million registered customers, Gear4music is the UK’s largest retailer of musical instruments and music equipment. We operate across all genres and offer solutions for everyone - from rock ‘n’ roll to classical, from studio  to stage.To support the growth of our business, we are looking for talented individuals... ",
        "applications": 16,
        "jobUrl": "https://www.reed.co.uk/jobs/junior-ux-specialist/40982969"
    },
    {
        "jobId": 40967275,
        "employerId": 626228,
        "employerName": "Partnership Jobs",
        "employerProfileId": null,
        "employerProfileName": null,
        "jobTitle": "Advancement Information Manager",
        "locationName": "Wembley Central",
        "minimumSalary": null,
        "maximumSalary": null,
        "currency": null,
        "expirationDate": "12/11/2020",
        "date": "27/09/2020",
        "jobDescription": "Full Time: 32.5 hours per week, Monday to FridayFixed term: 6 monthsThe Royal Academy of Music is a stimulating and friendly environment with a diverse mix of students and staff from over 50 countries. Based in central London adjacent to Regent's Park, we have been training musicians to the highest professional standards since  our foundation in 1822. Many of the world's leading musicians and performers studied with us an... ",
        "applications": 4,
        "jobUrl": "https://www.reed.co.uk/jobs/advancement-information-manager/40967275"
    }
]