[
    {
        "jobId": 41146455,
        "employerId": 435615,
        "employerName": "C4S Search Ltd",
        "employerProfileId": null,
        "employerProfileName": null,
        "jobTitle": "Technology Leader",
        "locationName": "London",
        "minimumSalary": 75000.0,
        "maximumSalary": 85000.0,
        "currency": "GBP",
        "expirationDate": "18/11/2020",
        "date": "07/10/2020",
        "jobDescription": " My client who are a global manufacturing company are looking for an experienced Technology leader to join their team and over see the European region. Job overview The Technology Leader (TL) has the accountability for driving the formation of solutions to support business need for change within the portfolio of applications supporting the capability area. The TL will use a disciplined approach to engage the bus... ",
        "applications": 14,
        "jobUrl": "https://www.reed.co.uk/jobs/technology-leader/41146455"
    },
    {
        "jobId": 40958779,
        "employerId": 134670,
        "employerName": "Penguin Recruitment Ltd",
        "employerProfileId": null,
        "employerProfileName": null,
        "jobTitle": "Acoustic Consultant - Bristol",
        "locationName": "Bristol",
        "minimumSalary": 20000.0,
        "maximumSalary": 30000.0,
        "currency": "GBP",
        "expirationDate": "05/11/2020",
        "date": "24/09/2020",
        "jobDescription": " An exciting opportunity has arisen within a specialist Acoustic Consultancy. Due to expansion they are currently looking for an Acoustic Consultant to join them in their offices in Bristol. To be considered for the role you must possess a minimum of a degree  in acoustics/noise and vibration (or another closely related discipline) and have fantastic communication skills with an enthusiasm to pursue a career in this thriving sector. In return... ",
        "applications": 3,
        "jobUrl": "https://www.reed.co.uk/jobs/acoustic-consultant-bristol/40958779"
    },
    {
        "jobId": 40851291,
        "employerId": 418370,
        "employerName": "Oliver Bernard",
        "employerProfileId": null,
        "employerProfileName": null,
        "jobTitle": "Software Engineer - C++",
        "locationName": "Spain",
        "minimumSalary": 40000.0,
        "maximumSalary": 45000.0,
        "currency": "EUR",
        "expirationDate": "22/10/2020",
        "date": "10/09/2020",
        "jobDescription": " Software Engineer - C&#43;&#43; - Fluent Spanish Speaker A client of ours is looking for a Software Engineer in Spain to join their highly creative team. The role will be 100% remote but they do require on the odd occasion to visit the office in Milan (once COVID settles) Their vision is to be at the core of every inspirational live world experience by establishing a strong, cooperative atmosphere in whi... ",
        "applications": 2,
        "jobUrl": "https://www.reed.co.uk/jobs/software-engineer-c/40851291"
    },
    {
        "jobId": 41152289,
        "employerId": 7802,
        "employerName": "Macildowie Recruitment and Retention",
        "employerProfileId": null,
        "employerProfileName": null,
        "jobTitle": "Associate Innovation Project Leader",
        "locationName": "Nottingham",
        "minimumSalary": 22000.0,
        "maximumSalary": 25000.0,
        "currency": "GBP",
        "expirationDate": "19/11/2020",
        "date": "08/10/2020",
        "jobDescription": " Macildowie are proud to be working with a global giant who assist technology acquisition and commercialization projects with their global clients. The role: You will be working with the company project leaders and consulting directors to execute projects as an Associate Innovation Project Leader. A PHD in chemistry, biology or materials science is a must. What does the role involve? You will be assisting the 'tech-b... ",
        "applications": 1,
        "jobUrl": "https://www.reed.co.uk/jobs/associate-innovation-project-leader/41152289"
    },
    {
        "jobId": 40877012,
        "employerId": 7802,
        "employerName": "Macildowie Recruitment and Retention",
        "employerProfileId": null,
        "employerProfileName": null,
        "jobTitle": "Associate Innovation Project Leader",
        "locationName": "Nottinghamshire",
        "minimumSalary": 22000.0,
        "maximumSalary": 25000.0,
        "currency": "GBP",
        "expirationDate": "28/10/2020",
        "date": "16/09/2020",
        "jobDescription": " Macildowie are proud to be working with a global giant who assist technology acquisition and commercialization projects with their global clients. The role: You will be working with the company project leaders and consulting directors to execute projects as an Associate Innovation Project Leader. A PHD in chemistry, biology or materials science is a must. What does the role involve? You will be assisting the 'tech-b... ",
        "applications": 2,
        "jobUrl": "https://www.reed.co.uk/jobs/associate-innovation-project-leader/40877012"
    },
    {
        "jobId": 41185247,
        "employerId": 626228,
        "employerName": "Partnership Jobs",
        "employerProfileId": null,
        "employerProfileName": null,
        "jobTitle": "Development Manager Organisations",
        "locationName": "White City",
        "minimumSalary": null,
        "maximumSalary": null,
        "currency": null,
        "expirationDate": "25/11/2020",
        "date": "14/10/2020",
        "jobDescription": "Development Manager (Organisations)&#163;36,060 - &#163;40,750 per annum including London Weighting (depending on experience)Full time (35 hours per week), PermanentRef: GS561The Guildhall School of Music &amp; Drama is a vibrant, international community of young musicians, actors and production artists in the heart of the City of ... ",
        "applications": 0,
        "jobUrl": "https://www.reed.co.uk/jobs/development-manager-organisations/41185247"
    },
    {
        "jobId": 41184729,
        "employerId": 626228,
        "employerName": "Partnership Jobs",
        "employerProfileId": null,
        "employerProfileName": null,
        "jobTitle": "Development Manager Individuals",
        "locationName": "White City",
        "minimumSalary": null,
        "maximumSalary": null,
        "currency": null,
        "expirationDate": "25/11/2020",
        "date": "14/10/2020",
        "jobDescription": "Development Manager (Individuals) &#163;36,060 - &#163;40,750 per annum including London Weighting (depending on experience)Full time (35 hours per week), PermanentRef: GS560The Guildhall School of Music &amp; Drama is a vibrant, international community of young musicians, actors and production artists in the heart of the City of L... ",
        "applications": 0,
        "jobUrl": "https://www.reed.co.uk/jobs/development-manager-individuals/41184729"
    },
    {
        "jobId": 40946401,
        "employerId": 624561,
        "employerName": "NHS Business Services Authority",
        "employerProfileId": null,
        "employerProfileName": null,
        "jobTitle": "Locum Consultant Surgeon",
        "locationName": "Ynysmaerdy",
        "minimumSalary": 91881.0,
        "maximumSalary": 91881.0,
        "currency": "GBP",
        "expirationDate": "04/11/2020",
        "date": "23/09/2020",
        "jobDescription": " Applications are invited for a Locum General Surgery Consultant Surgeon fixed term for 6 months. The successful candidate will join the existing General Surgical Department at Royal Glamorgan Hospital. The post will have a general surgical emergency ‘on call’ commitment on a 1 in 7 basis. This post will join the team of Consultants responsible for the provision of general surgical services to Cwm Taf Morgannwg, University Healt... ",
        "applications": 0,
        "jobUrl": "https://www.reed.co.uk/jobs/locum-consultant-surgeon/40946401"
    },
    {
        "jobId": 41001504,
        "employerId": 564292,
        "employerName": "NHS National Services Scotland",
        "employerProfileId": null,
        "employerProfileName": null,
        "jobTitle": "Consultant Breast Radiologist",
        "locationName": "Dundee",
        "minimumSalary": 84984.0,
        "maximumSalary": 112925.0,
        "currency": "GBP",
        "expirationDate": "12/11/2020",
        "date": "01/10/2020",
        "jobDescription": " NHS TAYSIDE  CONSULTANT BREAST RADIOLOGIST  Applications are invited for the post of Consultant Breast Radiologist, based in Ninewells Hospital Dundee with sessions in Perth Royal Infirmary. This post results from a combination of retirement and expansion of breast services   NHS Tayside manages the East of Scotland Breast Screening Programme co-located and combined wi... ",
        "applications": 1,
        "jobUrl": "https://www.reed.co.uk/jobs/consultant-breast-radiologist/41001504"
    },
    {
        "jobId": 40946469,
        "employerId": 624561,
        "employerName": "NHS Business Services Authority",
        "employerProfileId": null,
        "employerProfileName": null,
        "jobTitle": "Trust Core Trainee CT1/2 in Trauma & Orthopaedic Surgery",
        "locationName": "Hull",
        "minimumSalary": 38693.0,
        "maximumSalary": 38693.0,
        "currency": "GBP",
        "expirationDate": "04/11/2020",
        "date": "23/09/2020",
        "jobDescription": " An exciting opportunity has arisen in Orthopaedics Surgery at the Hull University Teaching Hospitals NHS Trust. We require Core Trainee level doctor to work in Trauma &amp; Orthopaedics Surgery .This post was designed with education/training in mind to prepare for MRCS exam success and also progression to middle grade status. Hull Royal Infirmary is a Major Trauma Centre and sees numerous complex orthopaedic admissions. You will ... ",
        "applications": 1,
        "jobUrl": "https://www.reed.co.uk/jobs/trust-core-trainee-ct1-2-in-trauma-orthopaedic-surgery/40946469"
    },
    {
        "jobId": 40911322,
        "employerId": 624561,
        "employerName": "NHS Business Services Authority",
        "employerProfileId": null,
        "employerProfileName": null,
        "jobTitle": "Bank Doctor - HUTH \"Remarkable Bank\"",
        "locationName": "Hull",
        "minimumSalary": 32691.0,
        "maximumSalary": 32691.0,
        "currency": "GBP",
        "expirationDate": "30/10/2020",
        "date": "18/09/2020",
        "jobDescription": " Here’s a Medical Staff Bank that really cares… Remarkable Bank is a new locum service for doctors that provides temporary cover when and where it’s needed most. Employing 9,000 staff within Hull Royal Infirmary and Castle Hill Hospital, and serving over a million people, we are a trust that works right across this extraordinary place and reflects the remarkable people it serves. We want everyone to be a ... ",
        "applications": 0,
        "jobUrl": "https://www.reed.co.uk/jobs/bank-doctor-huth-remarkable-bank/40911322"
    },
    {
        "jobId": 40882502,
        "employerId": 624561,
        "employerName": "NHS Business Services Authority",
        "employerProfileId": null,
        "employerProfileName": null,
        "jobTitle": "Neurosurgery Research Fellow",
        "locationName": "Hull",
        "minimumSalary": 49036.0,
        "maximumSalary": 49036.0,
        "currency": "GBP",
        "expirationDate": "28/10/2020",
        "date": "16/09/2020",
        "jobDescription": " The Hull and East Yorkshire Hospitals NHS Trust is looking to fill a Neurosurgery Research Fellow vacancy in Neurosurgery (Registrar level post). This post is available for two years subject to performance and may be extended by mutual consent.This posts does not hold a National Training Number.The Hull and East Yorkshire Hospitals NHS Trust provides a comprehensive range of acute services from two hospital sites. We ... ",
        "applications": 0,
        "jobUrl": "https://www.reed.co.uk/jobs/neurosurgery-research-fellow/40882502"
    },
    {
        "jobId": 40881306,
        "employerId": 624561,
        "employerName": "NHS Business Services Authority",
        "employerProfileId": null,
        "employerProfileName": null,
        "jobTitle": "Nutrition Support Head and Neck Oncology Specialist Dietitian - Ban",
        "locationName": "Lincoln",
        "minimumSalary": 31365.0,
        "maximumSalary": 37890.0,
        "currency": "GBP",
        "expirationDate": "28/10/2020",
        "date": "16/09/2020",
        "jobDescription": "Nutrition Support (Head and Neck Oncology) Specialist Dietitian Band 6 An exciting opportunity has arisen for an enthusiastic, hardworking dietitian with an interest in head and neck cancer to join the United Lincolnshire Hospitals Trust Dietetic Team. The post provides a nutritional support service to those patients diagnosed with head an neck cancer. Many of these patients will have an enteral feeding tube for part o... ",
        "applications": 0,
        "jobUrl": "https://www.reed.co.uk/jobs/nutrition-support-head-and-neck-oncology-specialist-dietitian-ban/40881306"
    },
    {
        "jobId": 40881301,
        "employerId": 624561,
        "employerName": "NHS Business Services Authority",
        "employerProfileId": null,
        "employerProfileName": null,
        "jobTitle": "Speciality Doctor in Psychiatry",
        "locationName": "Mansfield",
        "minimumSalary": 40037.0,
        "maximumSalary": 74661.0,
        "currency": "GBP",
        "expirationDate": "28/10/2020",
        "date": "16/09/2020",
        "jobDescription": " General Adult Specialty Doctors – are you looking for a change or a new challenge? An exciting opportunity has arisen for a Specialty Doctor to join a fully supported Locked Rehabilitation Unit at Bracken House, Mansfield. The Multidisciplinary Team comprises 1 Team Leader, 2 Charge Nurses, 11 Staff Nurses, 17 HCAs, 2 Full time OTs, a Peer Support Worker and a Clinical Psychologist. Medical input into the Team compris... ",
        "applications": 0,
        "jobUrl": "https://www.reed.co.uk/jobs/speciality-doctor-in-psychiatry/40881301"
    },
    {
        "jobId": 40881287,
        "employerId": 624561,
        "employerName": "NHS Business Services Authority",
        "employerProfileId": null,
        "employerProfileName": null,
        "jobTitle": "Consultant Psychiatrist in the Community",
        "locationName": "Nottingham",
        "minimumSalary": 79860.0,
        "maximumSalary": 107668.0,
        "currency": "GBP",
        "expirationDate": "28/10/2020",
        "date": "16/09/2020",
        "jobDescription": " General Adult Consultant Psychiatrists – are you looking for a change or a new challenge? An exciting opportunity has arisen to join a fully supported multidisciplinary Local Mental Health Team (LMHT) City Central at Highbury Hospital. The Local Mental Health Team comprises 2.2 WTE Consultant Psychiatrists, 17.2 WTE CPNs, 1.6 WTE Occupational Therapists, 3.8 WTE Support Workers, 1.0 WTE Employment Specialist, 1.0 WTE ... ",
        "applications": 1,
        "jobUrl": "https://www.reed.co.uk/jobs/consultant-psychiatrist-in-the-community/40881287"
    },
    {
        "jobId": 40881268,
        "employerId": 624561,
        "employerName": "NHS Business Services Authority",
        "employerProfileId": null,
        "employerProfileName": null,
        "jobTitle": "Consultant Psychiatrist in the Community",
        "locationName": "West Bridgford",
        "minimumSalary": 79860.0,
        "maximumSalary": 107668.0,
        "currency": "GBP",
        "expirationDate": "28/10/2020",
        "date": "16/09/2020",
        "jobDescription": " General Adult Consultant Psychiatrists – are you looking for a change or a new challenge? An exciting opportunity has arisen to join a fully supported multidisciplinary Local Mental Health Team (LMHT) Rushcliffe based at Musters Road, West Bridgford. The Local Mental Health Team comprises 2.2 WTE Consultant Psychiatrists, 1 WTE Advanced Clinical Practitioner, 10 WTE CPNS, 2.6 WTE Occupational Therapists, 3.8 WTE Suppo... ",
        "applications": 0,
        "jobUrl": "https://www.reed.co.uk/jobs/consultant-psychiatrist-in-the-community/40881268"
    },
    {
        "jobId": 41018859,
        "employerId": 626228,
        "employerName": "Partnership Jobs",
        "employerProfileId": null,
        "employerProfileName": null,
        "jobTitle": "Family Liaison Officer - Part-time",
        "locationName": "Dartford",
        "minimumSalary": null,
        "maximumSalary": null,
        "currency": null,
        "expirationDate": "12/11/2020",
        "date": "01/10/2020",
        "jobDescription": "Pay: KR6 Start Date: To be agreedAre you... Passionate about improving thelives of children and young people? Confident, articulate andempathetic? Committed to working together,sharing challenges and celebrating achievements? A great communicator, with a senseof humour? Come and join the team atFleetdown! We are looking f... ",
        "applications": 18,
        "jobUrl": "https://www.reed.co.uk/jobs/family-liaison-officer-part-time/41018859"
    },
    {
        "jobId": 40881274,
        "employerId": 624561,
        "employerName": "NHS Business Services Authority",
        "employerProfileId": null,
        "employerProfileName": null,
        "jobTitle": "Speciality Doctor in Psychiatry",
        "locationName": "Nottingham",
        "minimumSalary": 40037.0,
        "maximumSalary": 74661.0,
        "currency": "GBP",
        "expirationDate": "28/10/2020",
        "date": "16/09/2020",
        "jobDescription": " General Adult Specialty Doctors – are you looking for a change or a new challenge? An exciting opportunity has arisen for a Specialty Doctor to join a fully supported Psychiatric Intensive Care Unit (The Willows) at Highbury Hospital  The Willows PICU is a 10 bedded unit within Highbury Hospital. The primary function of the unit is rapid assessment and intensive management of acute mental illness and behavioural distu... ",
        "applications": 0,
        "jobUrl": "https://www.reed.co.uk/jobs/speciality-doctor-in-psychiatry/40881274"
    },
    {
        "jobId": 40881171,
        "employerId": 624561,
        "employerName": "NHS Business Services Authority",
        "employerProfileId": null,
        "employerProfileName": null,
        "jobTitle": "General Adult Consultant Psychiatrist Department of Psychological Med",
        "locationName": "Nottingham",
        "minimumSalary": 79860.0,
        "maximumSalary": 107668.0,
        "currency": "GBP",
        "expirationDate": "28/10/2020",
        "date": "16/09/2020",
        "jobDescription": " General Adult Consultant Psychiatrists – are you looking for a change or a new challenge? An exciting opportunity has arisen for 2 Consultant Psychiatrists to join a fully supported Multidisciplinary Team at the Department of Psychological Medicine,  Queen’s Medical Centre. The Multidisciplinary Team comprises 3.0 WTE Consultant Psychiatrists, 1 Associate Specialist, 1 Band 7 Team Leader, 20 Band 6 nurses, 0.5 WTE Con... ",
        "applications": 0,
        "jobUrl": "https://www.reed.co.uk/jobs/general-adult-consultant-psychiatrist-department-of-psychological-med/40881171"
    },
    {
        "jobId": 40934805,
        "employerId": 626228,
        "employerName": "Partnership Jobs",
        "employerProfileId": null,
        "employerProfileName": null,
        "jobTitle": "Digital Communications Officer",
        "locationName": "Cardiff",
        "minimumSalary": null,
        "maximumSalary": null,
        "currency": null,
        "expirationDate": "02/11/2020",
        "date": "21/09/2020",
        "jobDescription": "BackgroundNational Youth Arts Wales (NYAW) is recruiting a Digital Communications Officer. Formed in October 2017, NYAW is a not for profit, registered charity and the lead organisation now responsible for delivering the six national youth ensembles as well as developing  a sustainable year-round programme of work that also helps to promote greater access to the arts for young people across Wales, regardless of their... ",
        "applications": 22,
        "jobUrl": "https://www.reed.co.uk/jobs/digital-communications-officer/40934805"
    }
]