[
    {
        "jobId": 41130660,
        "employerId": 623473,
        "employerName": "Term Time Teachers",
        "employerProfileId": null,
        "employerProfileName": null,
        "jobTitle": "Head of Music",
        "locationName": "Sheerness",
        "minimumSalary": 24373.0,
        "maximumSalary": 40490.0,
        "currency": "GBP",
        "expirationDate": "16/11/2020",
        "date": "05/10/2020",
        "jobDescription": " Head of Music  Temporary position up until August 2021 Full MPS/UPS &#43; TLR Sheerness Required to start January 2021 Are you a Music teacher and inspirational subject leader of exceptional ability? Term Time Teachers could be able to help if you are ready to take the next step in your career! We ar... ",
        "applications": 0,
        "jobUrl": "https://www.reed.co.uk/jobs/head-of-music/41130660"
    },
    {
        "jobId": 41187177,
        "employerId": 626228,
        "employerName": "Partnership Jobs",
        "employerProfileId": null,
        "employerProfileName": null,
        "jobTitle": "Head of Music - Full-time",
        "locationName": "Sheerness",
        "minimumSalary": null,
        "maximumSalary": null,
        "currency": null,
        "expirationDate": "25/11/2020",
        "date": "14/10/2020",
        "jobDescription": "Pay: MPS/UPS &#43; TLRStart Date: December 2020/ January 2021Are you an inspirational and experienced subject leader ready to take the next step in your career?Can you inspire, support, challenge and motivate staff?Have you the desire and experience to lead a department, to raise student aspirations and attainment?If the answers are yes, then we want to meet you to discuss this exciting... ",
        "applications": 0,
        "jobUrl": "https://www.reed.co.uk/jobs/head-of-music-full-time/41187177"
    },
    {
        "jobId": 40957514,
        "employerId": 626228,
        "employerName": "Partnership Jobs",
        "employerProfileId": null,
        "employerProfileName": null,
        "jobTitle": "Head of Music - Full-time",
        "locationName": "Sheerness",
        "minimumSalary": null,
        "maximumSalary": null,
        "currency": null,
        "expirationDate": "12/11/2020",
        "date": "24/09/2020",
        "jobDescription": "Pay: MPS/UPS &#43; TLRStart Date: December 2020/ January 2021Are you an inspirational and experienced subject leader ready to take the next step in your career?Can you inspire, support, challenge and motivate staff?Have you the desire and experience to lead a department, to raise student aspirations and attainment?If the answers are yes, then we want to meet you to discuss this exciting... ",
        "applications": 1,
        "jobUrl": "https://www.reed.co.uk/jobs/head-of-music-full-time/40957514"
    }
]