[
    {
        "jobId": 41159226,
        "employerId": 416958,
        "employerName": "Ask Jules",
        "employerProfileId": null,
        "employerProfileName": null,
        "jobTitle": "Graduate Req'd: £840 pw/ Live-In PA/ Reading Uni/Speech & Language",
        "locationName": "Earley",
        "minimumSalary": 120.0,
        "maximumSalary": 120.0,
        "currency": "GBP",
        "expirationDate": "20/11/2020",
        "date": "09/10/2020",
        "jobDescription": " Graduate Req'd: &#163;840 pw/ Live-In PA/ Reading Uni/Speech &amp; Language AskJules are agents for university students with physical disabilities who choose to employ like-minded Personal Assistants (PAs) to provide their care and support.  Job Title: Live-In Personal Assistant  Our client has a vacancy for a Personal Assistant to provide her personal care, academic and personal support, and help her to make the most of... ",
        "applications": 3,
        "jobUrl": "https://www.reed.co.uk/jobs/graduate-reqd-840-pw-live-in-pa-reading-uni-speech-language/41159226"
    },
    {
        "jobId": 40871450,
        "employerId": 611914,
        "employerName": "Edgewell UK LTD",
        "employerProfileId": null,
        "employerProfileName": null,
        "jobTitle": "Digital Content Team Leader - Radio",
        "locationName": "London",
        "minimumSalary": 34000.0,
        "maximumSalary": 45000.0,
        "currency": "GBP",
        "expirationDate": "27/10/2020",
        "date": "15/09/2020",
        "jobDescription": " Digital Content Team Leader - Radio Office based in Central London &#43; some travel to Events. Permanent. &#163;34,000 - &#163;45,000 &#43; Expenses &#43; Company Benefits This is a unique opportunity to lead the Digital team at a leading Radio station working across their award winning brands. You will work closely with productions, commercial and the wider digital team as a leader in the creation of inno... ",
        "applications": 49,
        "jobUrl": "https://www.reed.co.uk/jobs/digital-content-team-leader-radio/40871450"
    },
    {
        "jobId": 41020773,
        "employerId": 619795,
        "employerName": "Digital Concrete LTD",
        "employerProfileId": null,
        "employerProfileName": null,
        "jobTitle": "Senior Event Technician - Audio Visual ",
        "locationName": "London",
        "minimumSalary": 30000.0,
        "maximumSalary": 30000.0,
        "currency": "GBP",
        "expirationDate": "12/11/2020",
        "date": "01/10/2020",
        "jobDescription": " Would you describe yourself as a tech wizard? Someone who’s able to sprinkle their magic across audio, video and live streaming technology? If you have honed your skills through working in live events, then you are the person we’re talking too.   You will be working for a leading health organisation who are determined to push the boundaries of medical knowledge and care, for everyone. Their work has changed lives and will continue to ... ",
        "applications": 22,
        "jobUrl": "https://www.reed.co.uk/jobs/senior-event-technician-audio-visual/41020773"
    },
    {
        "jobId": 40524924,
        "employerId": 424389,
        "employerName": "Creative Support Ltd",
        "employerProfileId": null,
        "employerProfileName": null,
        "jobTitle": "Team Leader",
        "locationName": "Shrewsbury",
        "minimumSalary": 23317.0,
        "maximumSalary": 23317.0,
        "currency": "GBP",
        "expirationDate": "23/11/2020",
        "date": "23/06/2020",
        "jobDescription": " Creative Support are looking for an energetic and enthusiastic individual to manage our team of similarly skilled support staff at our service in Shropshire where our group of ladies live exciting and vibrant lives. We require the applicant to have a good  understanding and experience in the field of learning disabilities and autism. You will receive guidance and support from the registered service manager to help to maintain high qua... ",
        "applications": 46,
        "jobUrl": "https://www.reed.co.uk/jobs/team-leader/40524924"
    },
    {
        "jobId": 41152059,
        "employerId": 12543,
        "employerName": "Aspire",
        "employerProfileId": null,
        "employerProfileName": null,
        "jobTitle": "Digital Platform Assistant",
        "locationName": "London",
        "minimumSalary": 23000.0,
        "maximumSalary": 26000.0,
        "currency": "GBP",
        "expirationDate": "05/11/2020",
        "date": "08/10/2020",
        "jobDescription": " Do you wish to work for an international video streaming service?  This is an unmissable opportunity for a hardworking and passionate digital native to work for a fast-paced global video streaming service, who provides easy access to a range of your favourite Live events, from sports, to music and even fitness content! You will work as part of a new product team to assist and support on the delivery of the platform's e... ",
        "applications": 47,
        "jobUrl": "https://www.reed.co.uk/jobs/digital-platform-assistant/41152059"
    },
    {
        "jobId": 40957019,
        "employerId": 576700,
        "employerName": "Ernest Gordon Recruitment Limited",
        "employerProfileId": null,
        "employerProfileName": null,
        "jobTitle": "CNC Operator",
        "locationName": "Ireland",
        "minimumSalary": 22000.0,
        "maximumSalary": 26000.0,
        "currency": "GBP",
        "expirationDate": "05/11/2020",
        "date": "24/09/2020",
        "jobDescription": " Excellent role on offer for a CNC Operator to join a progressive, market leading company who can offer ongoing training and development and the chance to progress. Do you have CNC operating skills? Do you want to work for a business where you will receive a lot of investment and be well looked after? The company design and hand manufacture bespoke and specialist products to the music industry and are making a name for themselve... ",
        "applications": 3,
        "jobUrl": "https://www.reed.co.uk/jobs/cnc-operator/40957019"
    },
    {
        "jobId": 40821174,
        "employerId": 576700,
        "employerName": "Ernest Gordon Recruitment Limited",
        "employerProfileId": null,
        "employerProfileName": null,
        "jobTitle": "CNC Operator Nights",
        "locationName": "Ireland",
        "minimumSalary": 22000.0,
        "maximumSalary": 26000.0,
        "currency": "GBP",
        "expirationDate": "15/10/2020",
        "date": "03/09/2020",
        "jobDescription": " Excellent role on offer for a CNC Operator to join a progressive, market leading company who can offer ongoing training and development and the chance to progress. Do you have CNC operating skills? Do you want to work for a business where you will receive a lot of investment and be well looked after? The company design and hand manufacture bespoke and specialist products to the music industry and are making a name for themselve... ",
        "applications": 5,
        "jobUrl": "https://www.reed.co.uk/jobs/cnc-operator-nights/40821174"
    },
    {
        "jobId": 41160455,
        "employerId": 587937,
        "employerName": "HFT",
        "employerProfileId": null,
        "employerProfileName": null,
        "jobTitle": "Support Worker",
        "locationName": "Bidford-on-Avon",
        "minimumSalary": 21043.0,
        "maximumSalary": 21043.0,
        "currency": "GBP",
        "expirationDate": "20/11/2020",
        "date": "09/10/2020",
        "jobDescription": "As a support worker at Hft you’ll be supporting adults with learning disabilities to live the best life possible. In this caring and creative role, everything you do will enable people to have choices about their own lives, creating flexible services that  meet people’s needs and always looking for the best way of doing things.Gaston and Dolphin is a registered care service for a total of seven people, based in two semi-detached hous... ",
        "applications": 3,
        "jobUrl": "https://www.reed.co.uk/jobs/support-worker/41160455"
    },
    {
        "jobId": 41153600,
        "employerId": 416813,
        "employerName": "Health & Social Care Jobs Ltd",
        "employerProfileId": null,
        "employerProfileName": null,
        "jobTitle": "Live-in Support Worker",
        "locationName": "Gateshead",
        "minimumSalary": 10.6,
        "maximumSalary": 10.6,
        "currency": "GBP",
        "expirationDate": "19/11/2020",
        "date": "08/10/2020",
        "jobDescription": " We are advertising on behalf of a gentleman who is looking for a Live-in Support Worker close to the Gateshead area of Tyne &amp; Wear. We are looking for someone with personality, who likes a laugh, who can also provide a high level of care and professionalism; this is more than a job and will feel like you’re helping a mate whilst also making a massive difference. More about the person you will be supporting….</s... ",
        "applications": 2,
        "jobUrl": "https://www.reed.co.uk/jobs/live-in-support-worker/41153600"
    },
    {
        "jobId": 40983831,
        "employerId": 451245,
        "employerName": "Badenoch & Clark",
        "employerProfileId": null,
        "employerProfileName": null,
        "jobTitle": "Support Worker",
        "locationName": "Swindon",
        "minimumSalary": 20000.0,
        "maximumSalary": 23000.0,
        "currency": "GBP",
        "expirationDate": "21/10/2020",
        "date": "30/09/2020",
        "jobDescription": "Support Worker - High NeedsSwindonFull time, 37.5 hours per weekPermanentSalary &#163;20,000 - &#163;23,000We have a rewarding opportunity for you to join a Transforming Care team for a supported living organisation. Supporting the development of their customers to live a fulfilling life in their own home within the local community. As part of the team you'll support  customers who have complex support needs, ... ",
        "applications": 2,
        "jobUrl": "https://www.reed.co.uk/jobs/support-worker/40983831"
    },
    {
        "jobId": 40970301,
        "employerId": 404651,
        "employerName": "Recruitment Genius",
        "employerProfileId": null,
        "employerProfileName": null,
        "jobTitle": "Events and Music Festivals Sales Team",
        "locationName": "London",
        "minimumSalary": 26000.0,
        "maximumSalary": 32000.0,
        "currency": "GBP",
        "expirationDate": "09/11/2020",
        "date": "28/09/2020",
        "jobDescription": "Since its establishment in 2015, this Spring Break festival has been a tradition for thousands of students year after year, and now they are on the hunt for a new addition that needs to be highly motivated, vibrant gift of the gab individual with a passion  for success to join their London office!Candidates will be joining the festival team to promote the brands run of events and festivals annually, through the university market util... ",
        "applications": 162,
        "jobUrl": "https://www.reed.co.uk/jobs/events-and-music-festivals-sales-team/40970301"
    },
    {
        "jobId": 40906160,
        "employerId": 362030,
        "employerName": "wild recruitment",
        "employerProfileId": null,
        "employerProfileName": null,
        "jobTitle": "Waitress/Waiter - Immediate start!!",
        "locationName": "Hayling Island",
        "minimumSalary": null,
        "maximumSalary": null,
        "currency": null,
        "expirationDate": "30/10/2020",
        "date": "18/09/2020",
        "jobDescription": " **Waitresses and Waiters needed** Hayling Island Hotle Restaurant  &#163;8.72 My client is situated on Hayling Island and is an exclusive inlet reached by a causeway from the Hampshire coast. A large, elegant, modern hotel on a location that was originally a health farm in the 15th Century. There's live music and entertainment every  night and the... ",
        "applications": 10,
        "jobUrl": "https://www.reed.co.uk/jobs/waitress-waiter-immediate-start/40906160"
    },
    {
        "jobId": 41138918,
        "employerId": 479156,
        "employerName": "Care First Recruitment Solutions ",
        "employerProfileId": null,
        "employerProfileName": null,
        "jobTitle": "MALE SUPPORT WORKER",
        "locationName": "Botley",
        "minimumSalary": 9.01,
        "maximumSalary": 9.01,
        "currency": "GBP",
        "expirationDate": "03/11/2020",
        "date": "06/10/2020",
        "jobDescription": " *MALE SUPPORT WORKER WE ARE CURRENTLY SOURCING APPLICANTS FOR A HIGHLY RATED&nbsp;SUPPORTED LIVING FACILITY FOR ADULTS WITH LEARNING DISABILITIES IN&nbsp;BOTLEY.&nbsp; VERY WELL MANAGED AND PROFESSIONAL LED SITE DAYS ON PERMANENT HOURS 40 HOURS AVAILABLE (&#163;9.01PH).&nbsp; CANDIDATES IDEALLY WOULD BE NEW CAREER SEEKERS LOOKING TO MOVE INTO THIS CAREER OR CARE ASSISTANTS LOOKING... ",
        "applications": 2,
        "jobUrl": "https://www.reed.co.uk/jobs/male-support-worker/41138918"
    },
    {
        "jobId": 41162145,
        "employerId": 479156,
        "employerName": "Care First Recruitment Solutions ",
        "employerProfileId": null,
        "employerProfileName": null,
        "jobTitle": "MALE SUPPORT WORKER",
        "locationName": "Southampton",
        "minimumSalary": 9.01,
        "maximumSalary": 9.01,
        "currency": "GBP",
        "expirationDate": "06/11/2020",
        "date": "09/10/2020",
        "jobDescription": " *MALE SUPPORT WORKER WE ARE CURRENTLY SOURCING APPLICANTS FOR A HIGHLY RATED&nbsp;SUPPORTED LIVING FACILITY FOR ADULTS WITH LEARNING DISABILITIES IN&nbsp;BOTLEY.&nbsp; VERY WELL MANAGED AND PROFESSIONAL LED SITE DAYS ON PERMANENT HOURS 40 HOURS AVAILABLE (&#163;9.01PH).&nbsp; CANDIDATES IDEALLY WOULD BE NEW CAREER SEEKERS LOOKING TO MOVE INTO THIS CAREER OR CARE ASSISTANTS LOOKING... ",
        "applications": 0,
        "jobUrl": "https://www.reed.co.uk/jobs/male-support-worker/41162145"
    },
    {
        "jobId": 41159628,
        "employerId": 568470,
        "employerName": "Discovery",
        "employerProfileId": null,
        "employerProfileName": null,
        "jobTitle": "Support Worker",
        "locationName": "Yeovil",
        "minimumSalary": null,
        "maximumSalary": null,
        "currency": null,
        "expirationDate": "20/11/2020",
        "date": "09/10/2020",
        "jobDescription": " Being a Support Worker with Discovery is more than just a job, it’s an opportunity! We believe that good support means to ‘do with, and not for’. Your role will be to provide support for people to do all of the things that each day in life entails, from  maintaining relationships with family and friends, managing personal finances, participating in hobbies and so much more. At Spring View in Yeovil the people we support enjoy a range ... ",
        "applications": 0,
        "jobUrl": "https://www.reed.co.uk/jobs/support-worker/41159628"
    },
    {
        "jobId": 41159613,
        "employerId": 568470,
        "employerName": "Discovery",
        "employerProfileId": null,
        "employerProfileName": null,
        "jobTitle": "Support Worker - Waking Nights",
        "locationName": "Taunton",
        "minimumSalary": null,
        "maximumSalary": null,
        "currency": null,
        "expirationDate": "20/11/2020",
        "date": "09/10/2020",
        "jobDescription": " Do you share our values?  Ambition - helping people to be the best they can beCourage – being brave enough to make a differenceIntegrity – being honest and fair in all the things we doPartnership – working with other people to make a bigger differenceRespect – treating everyone fairly and knowing that everyone’s voice is importantIf the answer is YES, we’d ... ",
        "applications": 0,
        "jobUrl": "https://www.reed.co.uk/jobs/support-worker-waking-nights/41159613"
    },
    {
        "jobId": 40990332,
        "employerId": 604364,
        "employerName": "Enable Scotland",
        "employerProfileId": null,
        "employerProfileName": null,
        "jobTitle": "Care Support Worker Personal Assistant - Female",
        "locationName": "Kirkwall",
        "minimumSalary": 10.92,
        "maximumSalary": 10.92,
        "currency": "GBP",
        "expirationDate": "11/11/2020",
        "date": "30/09/2020",
        "jobDescription": " Care Support Worker (Personal Assistant) - Female  Location: Kirkwall, OrkneySalary: &#163;10.92 (&#163;9.30 &#43; &#163;1.62 DIA*) per hourContract: Part time, 16 hours per week &#43; Sleepovers (Paid at &#163;9.30 per hour) Personal Assistants have the most important role within ENABLE Scotland by making a positive difference every day to the live... ",
        "applications": 1,
        "jobUrl": "https://www.reed.co.uk/jobs/care-support-worker-personal-assistant-female/40990332"
    },
    {
        "jobId": 40979498,
        "employerId": 416813,
        "employerName": "Health & Social Care Jobs Ltd",
        "employerProfileId": null,
        "employerProfileName": null,
        "jobTitle": "Dementia Friend & Companion",
        "locationName": "Dawlish",
        "minimumSalary": 9.3,
        "maximumSalary": 10.3,
        "currency": "GBP",
        "expirationDate": "10/11/2020",
        "date": "29/09/2020",
        "jobDescription": " We are looking for compassionate Dementia Friends &amp; Companions in the Dawlish area of Teignbridge, Devon. Previous experience is not required as full training is provided. It is essential that you are a car driver. We welcome applications from all ages (with no upper limit). Maybe you have worked in a different sector, or maybe you have had personal experience of caring for a loved one, it does not matter what job you have done in... ",
        "applications": 2,
        "jobUrl": "https://www.reed.co.uk/jobs/dementia-friend-companion/40979498"
    },
    {
        "jobId": 40063547,
        "employerId": 404311,
        "employerName": "Caretech",
        "employerProfileId": null,
        "employerProfileName": null,
        "jobTitle": "Support Worker",
        "locationName": "Rickmansworth",
        "minimumSalary": 8.72,
        "maximumSalary": 9.72,
        "currency": "GBP",
        "expirationDate": "28/10/2020",
        "date": "02/03/2020",
        "jobDescription": " Benefits  &#163;8.72ph - Weekdays, &#163;9.72 - WeekendsWelcome Bonus of &#163;500* (T&amp;Cs Apply)35 hours per week (various hours and shifts available to suit your lifestyle)20 days holiday &#43; bank holidaysFlexible Additional Holiday Purchase SchemeDBS check paid by CareTech prior to starting with usFull induction programme to Care Certi... ",
        "applications": 29,
        "jobUrl": "https://www.reed.co.uk/jobs/support-worker/40063547"
    },
    {
        "jobId": 40531471,
        "employerId": 424389,
        "employerName": "Creative Support Ltd",
        "employerProfileId": null,
        "employerProfileName": null,
        "jobTitle": "Support Worker",
        "locationName": "Shrewsbury",
        "minimumSalary": 9.0,
        "maximumSalary": 9.0,
        "currency": "GBP",
        "expirationDate": "17/11/2020",
        "date": "24/06/2020",
        "jobDescription": " Creative Support are looking for a compassionate, positive and creative individual to join our supportive and dedicated team! We would love to hear from people who have the genuine passion and drive to want to make a positive difference in people’s lives.  We welcome people with a wide range of previous experience or no experience at all, as our superb training and induction process will give all successful applicants the best, appropriate l... ",
        "applications": 2,
        "jobUrl": "https://www.reed.co.uk/jobs/support-worker/40531471"
    },
    {
        "jobId": 40524968,
        "employerId": 424389,
        "employerName": "Creative Support Ltd",
        "employerProfileId": null,
        "employerProfileName": null,
        "jobTitle": "Support Worker",
        "locationName": "Pontesbury",
        "minimumSalary": 9.0,
        "maximumSalary": 9.0,
        "currency": "GBP",
        "expirationDate": "17/11/2020",
        "date": "23/06/2020",
        "jobDescription": " Creative Support are looking for a compassionate, positive and creative individual to join our supportive and dedicated team! We would love to hear from people who have the genuine passion and drive to want to make a positive difference in people’s lives.  We welcome people with a wide range of previous experience or no experience at all, as our superb training and induction process will give all successful applicants the best, appropriate l... ",
        "applications": 14,
        "jobUrl": "https://www.reed.co.uk/jobs/support-worker/40524968"
    },
    {
        "jobId": 40524965,
        "employerId": 424389,
        "employerName": "Creative Support Ltd",
        "employerProfileId": null,
        "employerProfileName": null,
        "jobTitle": "Support Worker",
        "locationName": "Shrewsbury",
        "minimumSalary": 9.0,
        "maximumSalary": 9.0,
        "currency": "GBP",
        "expirationDate": "17/11/2020",
        "date": "23/06/2020",
        "jobDescription": " Creative Support are looking for a compassionate, positive and creative individual to join our supportive and dedicated team! We would love to hear from people who have the genuine passion and drive to want to make a positive difference in people’s lives.  We welcome people with a wide range of previous experience or no experience at all, as our superb training and induction process will give all successful applicants the best, appropriate l... ",
        "applications": 26,
        "jobUrl": "https://www.reed.co.uk/jobs/support-worker/40524965"
    },
    {
        "jobId": 41157512,
        "employerId": 563845,
        "employerName": "Adecco ",
        "employerProfileId": null,
        "employerProfileName": null,
        "jobTitle": "Warehouse Operative",
        "locationName": "St. Neots",
        "minimumSalary": 8.72,
        "maximumSalary": 10.0,
        "currency": "GBP",
        "expirationDate": "20/11/2020",
        "date": "09/10/2020",
        "jobDescription": " Warehouse Operative Immediate Start - temp ongoing until April 2021 Day &amp; Nights - Assembling face shields. PE19 Postcode - must live local or commute under 1 hour We currently have multiple opportunities for a large client based in St. Neots. No previous experience required! Ideal for those looking to join a fantastic company in a fri... ",
        "applications": 5,
        "jobUrl": "https://www.reed.co.uk/jobs/warehouse-operative/41157512"
    },
    {
        "jobId": 41170621,
        "employerId": 613133,
        "employerName": "United Response",
        "employerProfileId": null,
        "employerProfileName": null,
        "jobTitle": "Support Worker",
        "locationName": "Totnes",
        "minimumSalary": 8.72,
        "maximumSalary": 8.72,
        "currency": "GBP",
        "expirationDate": "23/11/2020",
        "date": "12/10/2020",
        "jobDescription": "  Role: Support Worker Salary: &#163;8.72 per hour Location: Totnes Are you looking for a role with great job satisfaction? Do you want to make a difference to peoples’ lives? Good news! United Response is looking for Support Workers in Totnes. What are we looking for? For us it’s as simple as finding someone who cares and is willing to learn. ... ",
        "applications": 0,
        "jobUrl": "https://www.reed.co.uk/jobs/support-worker/41170621"
    },
    {
        "jobId": 41167859,
        "employerId": 568470,
        "employerName": "Discovery",
        "employerProfileId": null,
        "employerProfileName": null,
        "jobTitle": "Better Practice Lead Support Worker Coach",
        "locationName": "Bishops Lydeard",
        "minimumSalary": null,
        "maximumSalary": null,
        "currency": null,
        "expirationDate": "23/11/2020",
        "date": "12/10/2020",
        "jobDescription": " Greenway Cottages is home to four gentlemen with learning disabilities and autism set in rural Bishop’s Lydeard near Taunton. We have great links to the local village community and regularly visit the local shops, cafes and pubs. The gentlemen who live here at Greenway Cottages love getting out and about, taking daily walks into the village or surrounding countryside, going on drives or just sitting in the local beer garden for a pub ... ",
        "applications": 1,
        "jobUrl": "https://www.reed.co.uk/jobs/better-practice-lead-support-worker-coach/41167859"
    },
    {
        "jobId": 41164911,
        "employerId": 434252,
        "employerName": "Randstad Education",
        "employerProfileId": null,
        "employerProfileName": null,
        "jobTitle": "Music Technology Teacher",
        "locationName": "Exeter",
        "minimumSalary": 0.0,
        "maximumSalary": 0.0,
        "currency": "GBP",
        "expirationDate": "23/11/2020",
        "date": "12/10/2020",
        "jobDescription": " Sometimes real super heroes live in the hearts of young people fighting big battles. Every student has the ability to learn, just not on the same day, or in the same way. We are currently looking to recruit a teacher of Music Technology to support young people placed in a secure residential home. Are you passionate about making music and looking to help improve the lives of young people? I am looking for a fun, kind and caring  teache... ",
        "applications": 0,
        "jobUrl": "https://www.reed.co.uk/jobs/music-technology-teacher/41164911"
    },
    {
        "jobId": 41164508,
        "employerId": 424389,
        "employerName": "Creative Support Ltd",
        "employerProfileId": null,
        "employerProfileName": null,
        "jobTitle": "Relief Support Worker",
        "locationName": "Newbury",
        "minimumSalary": 9.25,
        "maximumSalary": 9.25,
        "currency": "GBP",
        "expirationDate": "23/11/2020",
        "date": "12/10/2020",
        "jobDescription": " Creative Support is a national not-for-profit organisation, we are looking to recruit warm, person centred individuals locally to provide the highest standards of service to the people we support. We have 20 years of experience of helping individuals with  a wide range of support needs to live independent and fulfilling lives, ensuring that individuals enjoy opportunities for personal development and growth, community engagement, personal he... ",
        "applications": 0,
        "jobUrl": "https://www.reed.co.uk/jobs/relief-support-worker/41164508"
    },
    {
        "jobId": 40936714,
        "employerId": 563845,
        "employerName": "Adecco ",
        "employerProfileId": null,
        "employerProfileName": null,
        "jobTitle": "Warehouse Operative",
        "locationName": "St. Neots",
        "minimumSalary": 8.72,
        "maximumSalary": 10.0,
        "currency": "GBP",
        "expirationDate": "02/11/2020",
        "date": "21/09/2020",
        "jobDescription": " Warehouse Operative Immediate Start - temp ongoing until April 2021 Day &amp; Nights - Assembling face shields. PE19 Postcode - must live local or commute under 1 hour We currently have multiple opportunities for a large client based in St. Neots. No previous experience required! Ideal for those looking to join a fantastic company in a fri... ",
        "applications": 7,
        "jobUrl": "https://www.reed.co.uk/jobs/warehouse-operative/40936714"
    },
    {
        "jobId": 40932198,
        "employerId": 491692,
        "employerName": "Highfield Professional Solutions",
        "employerProfileId": null,
        "employerProfileName": null,
        "jobTitle": "Senior Mechanical Engineer - Hampshire",
        "locationName": "Hampshire",
        "minimumSalary": 40000.0,
        "maximumSalary": 55000.0,
        "currency": "GBP",
        "expirationDate": "02/11/2020",
        "date": "21/09/2020",
        "jobDescription": " The company  A modern firm, focused on creating innovative and sustainable design solutions and building long lasting relationships with their clients, are currently recruiting for a Senior Mechanical Building Services Design Engineer to join their Head Office, located  between the two historic cities of Southampton and Portsmouth. As Building Services Design specialists who have been established for many years... ",
        "applications": 5,
        "jobUrl": "https://www.reed.co.uk/jobs/senior-mechanical-engineer-hampshire/40932198"
    },
    {
        "jobId": 40932194,
        "employerId": 491692,
        "employerName": "Highfield Professional Solutions",
        "employerProfileId": null,
        "employerProfileName": null,
        "jobTitle": "Mechanical Engineer - Hampshire",
        "locationName": "Hampshire",
        "minimumSalary": 25000.0,
        "maximumSalary": 35000.0,
        "currency": "GBP",
        "expirationDate": "02/11/2020",
        "date": "21/09/2020",
        "jobDescription": " The company  A modern firm, focused on creating innovative and sustainable design solutions and building long lasting relationships with their clients, are currently recruiting for a Intermediate Mechanical Building Services Design Engineer to join their Head Office,  located between the two historic cities of Southampton and Portsmouth. As Building Services Design specialists who have been established for many... ",
        "applications": 5,
        "jobUrl": "https://www.reed.co.uk/jobs/mechanical-engineer-hampshire/40932194"
    },
    {
        "jobId": 40901730,
        "employerId": 382251,
        "employerName": "Reeson Education",
        "employerProfileId": null,
        "employerProfileName": null,
        "jobTitle": "Psychology Teacher",
        "locationName": "London",
        "minimumSalary": 29915.0,
        "maximumSalary": 44290.0,
        "currency": "GBP",
        "expirationDate": "16/10/2020",
        "date": "18/09/2020",
        "jobDescription": " Psychology Teacher   Hackney, East LondonMPS &#43; Inner London WeightingJanuary 2021 - Or soonerFull time Psychology Teacher / Subject LeadExcellent rates of payStrong Senior Leadership Team About the Psychology Teacher post: We are seeking a Psychology Teacher who is totally aligned to our values of Hard Work, Integrity and Kindne... ",
        "applications": 8,
        "jobUrl": "https://www.reed.co.uk/jobs/psychology-teacher/40901730"
    },
    {
        "jobId": 40901716,
        "employerId": 382251,
        "employerName": "Reeson Education",
        "employerProfileId": null,
        "employerProfileName": null,
        "jobTitle": "Drama Teacher",
        "locationName": "London",
        "minimumSalary": 29915.0,
        "maximumSalary": 44290.0,
        "currency": "GBP",
        "expirationDate": "16/10/2020",
        "date": "18/09/2020",
        "jobDescription": " Drama Teacher   Hackney, East LondonMPS &#43; Inner London WeightingJanuary 2021Full time Drama Teacher positionExcellent rates of payStrong Senior Leadership Team About the Drama post: We are seeking a Drama Teacher who is totally aligned to our values of Hard Work, Integrity and Kindness, and completely committed to our mission: t... ",
        "applications": 10,
        "jobUrl": "https://www.reed.co.uk/jobs/drama-teacher/40901716"
    },
    {
        "jobId": 40851758,
        "employerId": 593269,
        "employerName": "Brook Street",
        "employerProfileId": null,
        "employerProfileName": null,
        "jobTitle": "Care Assistant - Edinburgh",
        "locationName": "Edinburgh",
        "minimumSalary": 15909.0,
        "maximumSalary": 16000.0,
        "currency": "GBP",
        "expirationDate": "22/10/2020",
        "date": "10/09/2020",
        "jobDescription": " ******Are You a Care Assistant with or without experience? ******I have a fantastic opportunity for a Care Assistant in a well-established company based in Edinburgh.The client provides care up to 35 older people, some with dementia, who can no longer live independently. All staff play a central role in creating a positive culture where residents' rights are promoted, ensuring they are active participants in care decisions.... ",
        "applications": 9,
        "jobUrl": "https://www.reed.co.uk/jobs/care-assistant-edinburgh/40851758"
    },
    {
        "jobId": 40817749,
        "employerId": 563845,
        "employerName": "Adecco ",
        "employerProfileId": null,
        "employerProfileName": null,
        "jobTitle": "Warehouse Operative",
        "locationName": "Peterborough",
        "minimumSalary": 8.72,
        "maximumSalary": 10.0,
        "currency": "GBP",
        "expirationDate": "15/10/2020",
        "date": "03/09/2020",
        "jobDescription": " Warehouse Operative Immediate Start - temp ongoing Day &amp; Nights PE19 Postcode - must live local or commute under 1 hour We currently have multiple opportunities for a large client based in PE19. No previous experience required! Ideal for those looking to join a fantastic company with great longer term opportunities. Located in St. Neots PE19, your role will to assemble face shields. Sitting at your own ... ",
        "applications": 4,
        "jobUrl": "https://www.reed.co.uk/jobs/warehouse-operative/40817749"
    },
    {
        "jobId": 41191610,
        "employerId": 493219,
        "employerName": "Signature Senior Lifestyle Ltd",
        "employerProfileId": null,
        "employerProfileName": null,
        "jobTitle": "Night Care Assistant",
        "locationName": "Camberley",
        "minimumSalary": 8.77,
        "maximumSalary": 9.77,
        "currency": "GBP",
        "expirationDate": "12/11/2020",
        "date": "15/10/2020",
        "jobDescription": " You’ll be part of a caring, supportive team with exciting career development opportunities, and flexible full and part-time hours, when you join Signature Senior Lifestyle as a Care Assistant at our luxury care and nursing home in Camberley. What Signature Offer  Up to &#163;9.77 per hour with company pension schemeWe pay a minimum of &#163;8.20 per hour regardless of your ageFor Care Assistants, up to &#... ",
        "applications": 0,
        "jobUrl": "https://www.reed.co.uk/jobs/night-care-assistant/41191610"
    },
    {
        "jobId": 41177536,
        "employerId": 493219,
        "employerName": "Signature Senior Lifestyle Ltd",
        "employerProfileId": null,
        "employerProfileName": null,
        "jobTitle": "Night Care Assistant",
        "locationName": "Hindhead",
        "minimumSalary": 8.2,
        "maximumSalary": 11.0,
        "currency": "GBP",
        "expirationDate": "10/11/2020",
        "date": "13/10/2020",
        "jobDescription": " You’ll be part of a caring, supportive team with exciting career development opportunities, and flexible full and part-time hours, when you join Signature Senior Lifestyle as a Care Assistant at our luxury care and nursing home in Hindhead. What Signature Offer  Up to &#163;11.00 per hour with company pension schemeWe pay a minimum of &#163;8.20 per hour regardless of your ageFor Care Assistants, up to &#... ",
        "applications": 0,
        "jobUrl": "https://www.reed.co.uk/jobs/night-care-assistant/41177536"
    },
    {
        "jobId": 41177098,
        "employerId": 617477,
        "employerName": "Computer Futures",
        "employerProfileId": null,
        "employerProfileName": null,
        "jobTitle": "IT Events - Event Technician",
        "locationName": "London",
        "minimumSalary": 150.0,
        "maximumSalary": 200.0,
        "currency": "GBP",
        "expirationDate": "24/11/2020",
        "date": "13/10/2020",
        "jobDescription": " Computer Futures are working with a global media company who are currently recruiting for an experienced AV Technician. Working in Corporate events, this is a global role and you must be comfortable to travel internationally to many of the client offices worldwide. You should have a strong background of covering corporate Media events (more so than Live events - music or sports)</strong... ",
        "applications": 13,
        "jobUrl": "https://www.reed.co.uk/jobs/it-events-event-technician/41177098"
    },
    {
        "jobId": 41175644,
        "employerId": 493219,
        "employerName": "Signature Senior Lifestyle Ltd",
        "employerProfileId": null,
        "employerProfileName": null,
        "jobTitle": "Care Assistant",
        "locationName": "Hertford",
        "minimumSalary": 8.5,
        "maximumSalary": 9.72,
        "currency": "GBP",
        "expirationDate": "10/11/2020",
        "date": "13/10/2020",
        "jobDescription": " You’ll be part of a caring, supportive team with exciting career development opportunities, and flexible full and part-time hours, when you join Signature Senior Lifestyle as a Care Assistant at our luxury care and nursing home in Hertford. What Signature Offer  Up to &#163;9.72 per hour with company pension schemeWe pay a minimum of &#163;8.20 per hour regardless of your ageFor Care Assistants, up to &#1... ",
        "applications": 1,
        "jobUrl": "https://www.reed.co.uk/jobs/care-assistant/41175644"
    },
    {
        "jobId": 41166556,
        "employerId": 493219,
        "employerName": "Signature Senior Lifestyle Ltd",
        "employerProfileId": null,
        "employerProfileName": null,
        "jobTitle": "Care Assistant",
        "locationName": "Brentwood",
        "minimumSalary": 8.2,
        "maximumSalary": 8.72,
        "currency": "GBP",
        "expirationDate": "09/11/2020",
        "date": "12/10/2020",
        "jobDescription": " You’ll be part of a caring, supportive team with exciting career development opportunities, and flexible full and part-time hours, when you join Signature Senior Lifestyle as a Care Assistant at our luxury care and nursing home in Essex. What Signature Offer  Up to &#163;8.72 per hour with company pension schemeWe pay a minimum of &#163;8.20 per hour regardless of your ageFor Care Assistants, up to &#163;... ",
        "applications": 4,
        "jobUrl": "https://www.reed.co.uk/jobs/care-assistant/41166556"
    },
    {
        "jobId": 41166504,
        "employerId": 493219,
        "employerName": "Signature Senior Lifestyle Ltd",
        "employerProfileId": null,
        "employerProfileName": null,
        "jobTitle": "Night Care Assistant",
        "locationName": "Reigate",
        "minimumSalary": 8.2,
        "maximumSalary": 9.5,
        "currency": "GBP",
        "expirationDate": "09/11/2020",
        "date": "12/10/2020",
        "jobDescription": " You’ll be part of a caring, supportive team with exciting career development opportunities, and flexible full and part-time hours, when you join Signature Senior Lifestyle as a Care Assistant at our luxury care and nursing home in Reigate.&nbsp; What Signature Offer  Up to &#163;9.50&nbsp;per hour with company pension schemeWe pay a minimum of &#163;8.20 per hour regardless of your ageFor Care Assistants,... ",
        "applications": 2,
        "jobUrl": "https://www.reed.co.uk/jobs/night-care-assistant/41166504"
    },
    {
        "jobId": 41166440,
        "employerId": 493219,
        "employerName": "Signature Senior Lifestyle Ltd",
        "employerProfileId": null,
        "employerProfileName": null,
        "jobTitle": "Care Assistant",
        "locationName": "Reigate",
        "minimumSalary": 8.2,
        "maximumSalary": 9.5,
        "currency": "GBP",
        "expirationDate": "09/11/2020",
        "date": "12/10/2020",
        "jobDescription": " You’ll be part of a caring, supportive team with exciting career development opportunities, and flexible full and part-time hours, when you join Signature Senior Lifestyle as a Care Assistant at our luxury care and nursing home in Reigate. What Signature Offer  Up to &#163;9.50 per hour with company pension schemeWe pay a minimum of &#163;8.20 per hour regardless of your ageFor Care Assistants, up to &#16... ",
        "applications": 1,
        "jobUrl": "https://www.reed.co.uk/jobs/care-assistant/41166440"
    },
    {
        "jobId": 41166408,
        "employerId": 493219,
        "employerName": "Signature Senior Lifestyle Ltd",
        "employerProfileId": null,
        "employerProfileName": null,
        "jobTitle": "Night Care Assistant",
        "locationName": "Chertsey",
        "minimumSalary": 8.2,
        "maximumSalary": 9.5,
        "currency": "GBP",
        "expirationDate": "09/11/2020",
        "date": "12/10/2020",
        "jobDescription": " You’ll be part of a caring, supportive team with exciting career development opportunities, and flexible full and part-time hours, when you join Signature Senior Lifestyle as a Care Assistant at our luxury care and nursing home in Chertsey. What Signature Offer  Up to &#163;9.50 per hour with company pension schemeWe pay a minimum of &#163;8.20 per hour regardless of your ageFor Care Assistants, up to &#1... ",
        "applications": 0,
        "jobUrl": "https://www.reed.co.uk/jobs/night-care-assistant/41166408"
    },
    {
        "jobId": 41166359,
        "employerId": 493219,
        "employerName": "Signature Senior Lifestyle Ltd",
        "employerProfileId": null,
        "employerProfileName": null,
        "jobTitle": "Care Assistant",
        "locationName": "Chertsey",
        "minimumSalary": 8.2,
        "maximumSalary": 9.5,
        "currency": "GBP",
        "expirationDate": "09/11/2020",
        "date": "12/10/2020",
        "jobDescription": " You’ll be part of a caring, supportive team with exciting career development opportunities, and flexible full and part-time hours, when you join Signature Senior Lifestyle as a Care Assistant at our luxury care and nursing home in Chertsey. What Signature Offer  Up to &#163;9.50 per hour with company pension schemeWe pay a minimum of &#163;8.20 per hour regardless of your ageFor Care Assistants, up to &#1... ",
        "applications": 0,
        "jobUrl": "https://www.reed.co.uk/jobs/care-assistant/41166359"
    },
    {
        "jobId": 41166225,
        "employerId": 493219,
        "employerName": "Signature Senior Lifestyle Ltd",
        "employerProfileId": null,
        "employerProfileName": null,
        "jobTitle": "Care Assistant",
        "locationName": "Hindhead",
        "minimumSalary": 8.2,
        "maximumSalary": 11.0,
        "currency": "GBP",
        "expirationDate": "09/11/2020",
        "date": "12/10/2020",
        "jobDescription": " You’ll be part of a caring, supportive team with exciting career development opportunities, and flexible full and part-time hours, when you join Signature Senior Lifestyle as a Care Assistant at our luxury care and nursing home in Hindhead. What Signature Offer  Up to &#163;11.00 per hour with company pension schemeWe pay a minimum of &#163;8.20 per hour regardless of your ageFor Care Assistants, up to &#... ",
        "applications": 1,
        "jobUrl": "https://www.reed.co.uk/jobs/care-assistant/41166225"
    },
    {
        "jobId": 41165664,
        "employerId": 493219,
        "employerName": "Signature Senior Lifestyle Ltd",
        "employerProfileId": null,
        "employerProfileName": null,
        "jobTitle": "Care Assistant",
        "locationName": "Camberley",
        "minimumSalary": 8.87,
        "maximumSalary": 9.0,
        "currency": "GBP",
        "expirationDate": "09/11/2020",
        "date": "12/10/2020",
        "jobDescription": " You’ll be part of a caring, supportive team with exciting career development opportunities, and flexible full and part-time hours, when you join Signature Senior Lifestyle as a Care Assistant at our luxury care and nursing home in Camberley. What Signature Offer  Up to &#163;9.00&nbsp;per hour with company pension schemeWe pay a minimum of &#163;8.20 per hour regardless of your ageFor Care Assistants, up ... ",
        "applications": 2,
        "jobUrl": "https://www.reed.co.uk/jobs/care-assistant/41165664"
    },
    {
        "jobId": 41165609,
        "employerId": 493219,
        "employerName": "Signature Senior Lifestyle Ltd",
        "employerProfileId": null,
        "employerProfileName": null,
        "jobTitle": "Care Assistant",
        "locationName": "Bushey",
        "minimumSalary": 9.0,
        "maximumSalary": 10.5,
        "currency": "GBP",
        "expirationDate": "09/11/2020",
        "date": "12/10/2020",
        "jobDescription": " You’ll be part of a caring, supportive team with exciting career development opportunities, and flexible full and part-time hours, when you join Signature Senior Lifestyle as a Care Assistant at our luxury care and nursing home in Bushey. What Signature Offer  Up to &#163;10.50 per hour with company pension schemeWe pay a minimum of &#163;8.20 per hour regardless of your ageFor Care Assistants, up to &#16... ",
        "applications": 9,
        "jobUrl": "https://www.reed.co.uk/jobs/care-assistant/41165609"
    },
    {
        "jobId": 41165567,
        "employerId": 493219,
        "employerName": "Signature Senior Lifestyle Ltd",
        "employerProfileId": null,
        "employerProfileName": null,
        "jobTitle": "Care Assistant",
        "locationName": "Kingston Upon Thames",
        "minimumSalary": 8.2,
        "maximumSalary": 9.5,
        "currency": "GBP",
        "expirationDate": "09/11/2020",
        "date": "12/10/2020",
        "jobDescription": " You’ll be part of a caring, supportive team with exciting career development opportunities, and flexible full and part-time hours, when you join Signature Senior Lifestyle as a Care Assistant at our luxury care and nursing home in Kingston upon Thames. What Signature Offer  Up to &#163;9.50 per hour with company pension schemeWe pay a minimum of &#163;8.20 per hour regardless of your ageFor Care Assistant... ",
        "applications": 5,
        "jobUrl": "https://www.reed.co.uk/jobs/care-assistant/41165567"
    },
    {
        "jobId": 41165504,
        "employerId": 493219,
        "employerName": "Signature Senior Lifestyle Ltd",
        "employerProfileId": null,
        "employerProfileName": null,
        "jobTitle": "Care Assistant",
        "locationName": "Hertford",
        "minimumSalary": 8.5,
        "maximumSalary": 9.72,
        "currency": "GBP",
        "expirationDate": "09/11/2020",
        "date": "12/10/2020",
        "jobDescription": " You’ll be part of a caring, supportive team with exciting career development opportunities, and flexible full and part-time hours, when you join Signature Senior Lifestyle as a Care Assistant at our luxury care and nursing home in Hertford. What Signature Offer  Up to &#163;9.72 per hour with company pension schemeWe pay a minimum of &#163;8.20 per hour regardless of your ageFor Care Assistants, up to &#1... ",
        "applications": 0,
        "jobUrl": "https://www.reed.co.uk/jobs/care-assistant/41165504"
    },
    {
        "jobId": 41165423,
        "employerId": 493219,
        "employerName": "Signature Senior Lifestyle Ltd",
        "employerProfileId": null,
        "employerProfileName": null,
        "jobTitle": "Night Care Assistant",
        "locationName": "Ascot",
        "minimumSalary": 8.2,
        "maximumSalary": 9.5,
        "currency": "GBP",
        "expirationDate": "09/11/2020",
        "date": "12/10/2020",
        "jobDescription": " You’ll be part of a caring, supportive team with exciting career development opportunities, and flexible full and part-time hours, when you join Signature Senior Lifestyle as a Care Assistant at our luxury care and nursing home in Ascot. What Signature Offer  Up to &#163;9.50 per hour with company pension schemeWe pay a minimum of &#163;8.20 per hour regardless of your ageFor Care Assistants, up to &#163;... ",
        "applications": 2,
        "jobUrl": "https://www.reed.co.uk/jobs/night-care-assistant/41165423"
    },
    {
        "jobId": 41165375,
        "employerId": 493219,
        "employerName": "Signature Senior Lifestyle Ltd",
        "employerProfileId": null,
        "employerProfileName": null,
        "jobTitle": "Care Assistant",
        "locationName": "Epsom",
        "minimumSalary": 9.0,
        "maximumSalary": 11.0,
        "currency": "GBP",
        "expirationDate": "09/11/2020",
        "date": "12/10/2020",
        "jobDescription": " You’ll be part of a caring, supportive team with exciting career development opportunities, and flexible full and part-time hours, when you join Signature Senior Lifestyle as a Care Assistant at our luxury care and nursing home in Epsom.&nbsp; What Signature Offer  Up to &#163;11.00 per hour with company pension schemeWe pay a minimum of &#163;8.20 per hour regardless of your ageFor Care Assistants, up to... ",
        "applications": 5,
        "jobUrl": "https://www.reed.co.uk/jobs/care-assistant/41165375"
    }
]