[
    {
        "jobId": 41175909,
        "employerId": 628702,
        "employerName": "Gymboree Play & Music Tunbridge Wells ",
        "employerProfileId": null,
        "employerProfileName": null,
        "jobTitle": "Gymboree Play and Music Teacher ",
        "locationName": "Tunbridge Wells",
        "minimumSalary": 18000.0,
        "maximumSalary": 18000.0,
        "currency": "GBP",
        "expirationDate": "30/10/2020",
        "date": "13/10/2020",
        "jobDescription": "  Job Vacancy - Full time teacher Gymboree Play &amp; Music Tunbridge Wells - Royal Victoria Place Tunbridge Wells      Are you an energetic, person who wants a career working with children &amp; their families? Do you enjoy making a difference to the early year’s development of babies and young children? Do you like to entertain and have great customer service skills? If the  answer to either of these questions is yes, then Gymboree P... ",
        "applications": 1,
        "jobUrl": "https://www.reed.co.uk/jobs/gymboree-play-and-music-teacher/41175909"
    },
    {
        "jobId": 40965236,
        "employerId": 429606,
        "employerName": "Harper May Ltd",
        "employerProfileId": null,
        "employerProfileName": null,
        "jobTitle": "Finance Director",
        "locationName": "London",
        "minimumSalary": 100000.0,
        "maximumSalary": 110000.0,
        "currency": "GBP",
        "expirationDate": "06/11/2020",
        "date": "25/09/2020",
        "jobDescription": " Harper May is currently working with a state of the art music and events venue who are actively seeking a Finance Director to join their team based in Central London. The group has ambitious expansion plans including a brand new site coming soon to London.  The role would be directly responsible for their largest site. The successful candidate will be fully qualified and must come from a Venues/Events/Premium brand background. <strong... ",
        "applications": 95,
        "jobUrl": "https://www.reed.co.uk/jobs/finance-director/40965236"
    },
    {
        "jobId": 40952705,
        "employerId": 429606,
        "employerName": "Harper May Ltd",
        "employerProfileId": null,
        "employerProfileName": null,
        "jobTitle": "Finance Director",
        "locationName": "London",
        "minimumSalary": 10000.0,
        "maximumSalary": 110000.0,
        "currency": "GBP",
        "expirationDate": "04/11/2020",
        "date": "23/09/2020",
        "jobDescription": " Harper May is currently working with a state of the art music and events venue who are actively seeking a Finance Director to join their team based in Central London. The group has ambitious expansion plans including a brand new site coming soon to London.  The role would be directly responsible for their largest site. The successful candidate will be fully qualified and must come from a Venues/Events/Premium brand background. <strong... ",
        "applications": 86,
        "jobUrl": "https://www.reed.co.uk/jobs/finance-director/40952705"
    },
    {
        "jobId": 40940731,
        "employerId": 359549,
        "employerName": "Smart Teachers",
        "employerProfileId": null,
        "employerProfileName": null,
        "jobTitle": "Music Teacher",
        "locationName": "Redbridge",
        "minimumSalary": 150.0,
        "maximumSalary": 180.0,
        "currency": "GBP",
        "expirationDate": "20/10/2020",
        "date": "22/09/2020",
        "jobDescription": " Smart Teachers is recruiting for a specialist Music Teacher, specialising in teaching ages 3- 13 years of age. The successful Music Teacher will join a fantastic team of staff in a reputable Independent school in the London borough of Redbridge. Beautifully  located just off of a desirable and cosmopolitan high street in an idyllic setting, candidates seeking immediate employment are encouraged to apply (this role may become permanent). The ... ",
        "applications": 5,
        "jobUrl": "https://www.reed.co.uk/jobs/music-teacher/40940731"
    },
    {
        "jobId": 40835864,
        "employerId": 382251,
        "employerName": "Reeson Education",
        "employerProfileId": null,
        "employerProfileName": null,
        "jobTitle": "TA",
        "locationName": "London",
        "minimumSalary": 19000.0,
        "maximumSalary": 22000.0,
        "currency": "GBP",
        "expirationDate": "19/10/2020",
        "date": "07/09/2020",
        "jobDescription": " TA September start for an experienced TA, in a superb mixed mainstream school in South London. The essential requirements for this TA will be a University Degree, as well as a GCSE grade in C in both Maths and English. This TA post is suitable for you if you an experienced TA or recent Graduate. Responsibilities for this TA position will be to work alongside other members of the school to support ... ",
        "applications": 21,
        "jobUrl": "https://www.reed.co.uk/jobs/ta/40835864"
    },
    {
        "jobId": 40835847,
        "employerId": 382251,
        "employerName": "Reeson Education",
        "employerProfileId": null,
        "employerProfileName": null,
        "jobTitle": "Cover Supervisor",
        "locationName": "London",
        "minimumSalary": 22520.0,
        "maximumSalary": 32001.0,
        "currency": "GBP",
        "expirationDate": "19/10/2020",
        "date": "07/09/2020",
        "jobDescription": " Cover Supervisor Immediate start for a Cover Supervisor, in a superb mixed mainstream school in South London. The essential requirements for this Cover Supervisor position will be a University Degree, as well as a GCSE grade in C in both Maths and English. This Cover Supervisor post is suitable for you if you an experienced Cover Supervisor or recent Graduate. Responsibilities for this Cover Super... ",
        "applications": 31,
        "jobUrl": "https://www.reed.co.uk/jobs/cover-supervisor/40835847"
    },
    {
        "jobId": 40989834,
        "employerId": 626228,
        "employerName": "Partnership Jobs",
        "employerProfileId": null,
        "employerProfileName": null,
        "jobTitle": "IMPACT SCOTLAND - TRUSTEES",
        "locationName": "Edinburgh",
        "minimumSalary": null,
        "maximumSalary": null,
        "currency": null,
        "expirationDate": "11/11/2020",
        "date": "30/09/2020",
        "jobDescription": "IMPACT Scotland seeks to appoint additional Trustees to expand the breadth of skills, experience and diversity of its Board, as it realises its ambition to increase access to the arts in Scotland through the provision of a world-class centre for music  and performance in the heart of Edinburgh.The Dunard Centre will be the first purpose-designed venue of its kind built in Edinburgh for over a century and one of the boldest ventures i... ",
        "applications": 0,
        "jobUrl": "https://www.reed.co.uk/jobs/impact-scotland-trustees/40989834"
    }
]