[
    {
        "jobId": 41041419,
        "employerId": 524744,
        "employerName": "Hays Specialist Recruitment Limited",
        "employerProfileId": null,
        "employerProfileName": null,
        "jobTitle": "Music Teacher",
        "locationName": "London",
        "minimumSalary": null,
        "maximumSalary": null,
        "currency": null,
        "expirationDate": "13/11/2020",
        "date": "02/10/2020",
        "jobDescription": " Music Teacher | Westminster | October 2020 | Long Term Hays Education is currently seeking to recruit Qualified Secondary Music Teachers. We are on the lookout for individuals who are available for both short-term and long-term placements in the London borough of Westminster. We also welcome those with Newly Qualified  Teacher status.Your New Role: You will be teaching across Key Stages 3 &amp; 4, with some A Le... ",
        "applications": 4,
        "jobUrl": "https://www.reed.co.uk/jobs/music-teacher/41041419"
    },
    {
        "jobId": 40883114,
        "employerId": 432060,
        "employerName": "Academics ",
        "employerProfileId": null,
        "employerProfileName": null,
        "jobTitle": "Therapeutic Teaching Assistant",
        "locationName": "London",
        "minimumSalary": 70.0,
        "maximumSalary": 90.0,
        "currency": "GBP",
        "expirationDate": "28/10/2020",
        "date": "16/09/2020",
        "jobDescription": "  Therapeutic Teaching Assistant&#163;70&#43; per dayFull time position, Monday to FridayTo Start ASAPOFSTED rated GoodLocation: Newham Do you have a background in therapy? Are passionate about working with vulnerable pupils with SEMH Needs? I'm currently recruiting for a confident and capable Therapeutic Teaching Assistant to join this developing school in Newham. A backgr... ",
        "applications": 13,
        "jobUrl": "https://www.reed.co.uk/jobs/therapeutic-teaching-assistant/40883114"
    },
    {
        "jobId": 40856365,
        "employerId": 427940,
        "employerName": "Tradewind Recruitment",
        "employerProfileId": null,
        "employerProfileName": null,
        "jobTitle": "Music Teacher",
        "locationName": "Northwich",
        "minimumSalary": null,
        "maximumSalary": null,
        "currency": null,
        "expirationDate": "23/10/2020",
        "date": "11/09/2020",
        "jobDescription": "Are you a passionate Teacher of Music looking for your next Teaching position? If so Tradewind would like to hear from you! Tradewind are currently recruiting on behalf of one of our client schools in the Cheshire area who are looking to appoint a Music Teacher for a long-term maternity position starting after October half-term. This position will be covering a maternity leave and  could continue until the end of the academic year. T... ",
        "applications": 4,
        "jobUrl": "https://www.reed.co.uk/jobs/music-teacher/40856365"
    },
    {
        "jobId": 41140151,
        "employerId": 364714,
        "employerName": "Prospero Teaching",
        "employerProfileId": null,
        "employerProfileName": null,
        "jobTitle": "Female PE Teacher",
        "locationName": "London",
        "minimumSalary": 15000.0,
        "maximumSalary": 40000.0,
        "currency": "GBP",
        "expirationDate": "17/11/2020",
        "date": "06/10/2020",
        "jobDescription": " PROSPERO TEACHING IS LOOKING FOR AN EXPERIENCED SECONDARY SCHOOL PE TEACHER TO FILL A PE POSITION IN AN OUTSTANDING SCHOOL IN THE BOROUGH OF NEWHAM, EAST LONDON. THE POSITION CAN BEGIN AS SOON AS POSSIBLE.Would you like to work in a school where your opinion counts? are you looking for a job where you're not overloaded with work?The right PE teacher will be:* Experienced with the UK curriculum* Confi... ",
        "applications": 2,
        "jobUrl": "https://www.reed.co.uk/jobs/female-pe-teacher/41140151"
    },
    {
        "jobId": 41184089,
        "employerId": 382251,
        "employerName": "Reeson Education",
        "employerProfileId": null,
        "employerProfileName": null,
        "jobTitle": "Primary PPA Teacher",
        "locationName": "Wembley",
        "minimumSalary": 130.0,
        "maximumSalary": 170.0,
        "currency": "GBP",
        "expirationDate": "25/11/2020",
        "date": "14/10/2020",
        "jobDescription": " PPA Primary Teacher | ASAP Start | Brent An &quot;Outstanding&quot; Primary School in the Borough of Brent are on the hunt for a PPA Primary Teacher for an ASAP start. This is a full time role. What will you be doing as a PPA Primary Teacher?  Covering lessons in Year 2 and Year 3Following the current Primary curriculum, but adapting it to your own needsSome planni... ",
        "applications": 2,
        "jobUrl": "https://www.reed.co.uk/jobs/primary-ppa-teacher/41184089"
    },
    {
        "jobId": 41153253,
        "employerId": 575264,
        "employerName": "REED",
        "employerProfileId": null,
        "employerProfileName": null,
        "jobTitle": "Qualified Music Teachers Wanted in Northamptonshire Schools!",
        "locationName": "Northamptonshire",
        "minimumSalary": 25714.0,
        "maximumSalary": 41604.0,
        "currency": "GBP",
        "expirationDate": "08/11/2020",
        "date": "08/10/2020",
        "jobDescription": " Music Secondary School Teacher We are looking for a qualified and enthusiastic Teacher of Music to join our team. This is an excellent opportunity for an imaginative and inspiring teacher to work in a supportive and energetic school where students are making significant and sustained progress.As a Teacher of Music you will work in an IT rich environment and be confident in using integrated technology in ... ",
        "applications": 0,
        "jobUrl": "https://www.reed.co.uk/jobs/qualified-music-teachers-wanted-in-northamptonshire-schools/41153253"
    },
    {
        "jobId": 41153249,
        "employerId": 575264,
        "employerName": "REED",
        "employerProfileId": null,
        "employerProfileName": null,
        "jobTitle": "Qualified Music Teachers Wanted in Northamptonshire Schools!",
        "locationName": "Northamptonshire",
        "minimumSalary": 25714.0,
        "maximumSalary": 41604.0,
        "currency": "GBP",
        "expirationDate": "08/11/2020",
        "date": "08/10/2020",
        "jobDescription": " Music Secondary School Teacher We are looking for a qualified and enthusiastic Teacher of Music to join our team. This is an excellent opportunity for an imaginative and inspiring teacher to work in a supportive and energetic school where students are making significant and sustained progress.As a Teacher of Music you will work in an IT rich environment and be confident in using integrated technology in ... ",
        "applications": 1,
        "jobUrl": "https://www.reed.co.uk/jobs/qualified-music-teachers-wanted-in-northamptonshire-schools/41153249"
    },
    {
        "jobId": 40872839,
        "employerId": 419301,
        "employerName": "Future Education",
        "employerProfileId": null,
        "employerProfileName": null,
        "jobTitle": "Media Studies Teacher (MPS or UPS)",
        "locationName": "Rainham",
        "minimumSalary": 140.0,
        "maximumSalary": 175.0,
        "currency": "GBP",
        "expirationDate": "27/10/2020",
        "date": "15/09/2020",
        "jobDescription": " Ofsted rated 'Good’ Mainstream Secondary School located in Rainham is recruiting for a full-time maternity cover Media Studies Teacher / Teacher of Media Studies (MPS or UPS). This is to start in January 2021! Focused and dedicated Headteacher who has great vision and clear aspirations. Strong and supportive school and team. Teaching at this school is a minimum of a &quot;Good&quot; and all new teachers who join must be able to demons... ",
        "applications": 1,
        "jobUrl": "https://www.reed.co.uk/jobs/media-studies-teacher-mps-or-ups/40872839"
    },
    {
        "jobId": 40869171,
        "employerId": 364714,
        "employerName": "Prospero Teaching",
        "employerProfileId": null,
        "employerProfileName": null,
        "jobTitle": "MATHS TEACHER - LIVERPOOL - SEPTEMBER START",
        "locationName": "Liverpool",
        "minimumSalary": 120.0,
        "maximumSalary": 170.0,
        "currency": "GBP",
        "expirationDate": "26/10/2020",
        "date": "14/09/2020",
        "jobDescription": " Prospero Teaching are Seeking an Maths Teacher for a September 2020 start at a fantastic Liverpool School. The school are open to consider both Experienced Maths Teachers as well as Newly Qualified Maths Teachers.  Maths Teacher LiverpoolSeptember 2020 - July 2021Interviewing from 18th September 2020Exceptional and ongoing CPD to better your teaching skillsVery Centrally Located - easily... ",
        "applications": 5,
        "jobUrl": "https://www.reed.co.uk/jobs/maths-teacher-liverpool-september-start/40869171"
    },
    {
        "jobId": 40869080,
        "employerId": 364714,
        "employerName": "Prospero Teaching",
        "employerProfileId": null,
        "employerProfileName": null,
        "jobTitle": "ENGLISH TEACHER - LIVERPOOL - SEPTEMBER START",
        "locationName": "Liverpool",
        "minimumSalary": 120.0,
        "maximumSalary": 170.0,
        "currency": "GBP",
        "expirationDate": "26/10/2020",
        "date": "14/09/2020",
        "jobDescription": " Prospero Teaching are Seeking an English Teacher for a September 2020 start at a fantastic Liverpool School. The school are open to consider both Experienced English Teachers as well as Newly Qualified English Teachers.  English Teacher LiverpoolSeptember 2020 - July 2021Interviewing from 18th September 2020Exceptional and ongoing CPD to better your teaching skillsVery Centrally Located ... ",
        "applications": 5,
        "jobUrl": "https://www.reed.co.uk/jobs/english-teacher-liverpool-september-start/40869080"
    },
    {
        "jobId": 40821445,
        "employerId": 364714,
        "employerName": "Prospero Teaching",
        "employerProfileId": null,
        "employerProfileName": null,
        "jobTitle": "EYFS Level 3 Teaching Assistant",
        "locationName": "Salford",
        "minimumSalary": 64.0,
        "maximumSalary": 70.0,
        "currency": "GBP",
        "expirationDate": "15/10/2020",
        "date": "03/09/2020",
        "jobDescription": " Level 3 Early Years Teaching Assistant | Salford, Greater Manchester | Immediate Start Job Reference: GHEYFSTASAL0309 Job Start Date: Immediate startPosition Type: Ongoing- Sector: Primary SchoolRole: Early Years Teaching AssistantQualification required: Level 3 Teaching Assistant Location: Salford, Greater Manchester About the job Prospero Teaching is looking for an Early Year... ",
        "applications": 9,
        "jobUrl": "https://www.reed.co.uk/jobs/eyfs-level-3-teaching-assistant/40821445"
    },
    {
        "jobId": 40988431,
        "employerId": 364714,
        "employerName": "Prospero Teaching",
        "employerProfileId": null,
        "employerProfileName": null,
        "jobTitle": "Year 6 Teacher",
        "locationName": "Manchester",
        "minimumSalary": 120.0,
        "maximumSalary": 160.0,
        "currency": "GBP",
        "expirationDate": "11/11/2020",
        "date": "30/09/2020",
        "jobDescription": " Year 6 TEACHER | Manchester | OCTOBER 2020 to APRIL 2021 Job Reference: GHMANQTSY63009 Job Start Date: October 2020Position Type: Full time, long-term - Sector: Key Stage 2 Role: Experienced Teacher, who has worked in Year 6Subject: Year 6 Location: Manchester About the job Prospero Teaching is looking for an experienced Year 6 teacher to fill a teaching positi... ",
        "applications": 1,
        "jobUrl": "https://www.reed.co.uk/jobs/year-6-teacher/40988431"
    },
    {
        "jobId": 41190505,
        "employerId": 427940,
        "employerName": "Tradewind Recruitment",
        "employerProfileId": null,
        "employerProfileName": null,
        "jobTitle": "SEMH Specialist",
        "locationName": "Barking",
        "minimumSalary": 70.0,
        "maximumSalary": 90.0,
        "currency": "GBP",
        "expirationDate": "26/11/2020",
        "date": "15/10/2020",
        "jobDescription": "Person Specification: *Do you have Special Needs Experience and want to become a SEMH Specialist? *Are you looking for a career in Teaching within an Outstanding working environment? *Do you have good access to Barking &amp; Dagenham, East London? *Are you adaptable, flexible and nurturing? ---The position is for a Full Time, Long Term SEMH Specialist. The school is based in Barking &amp; Dagenham, East London... ",
        "applications": 0,
        "jobUrl": "https://www.reed.co.uk/jobs/semh-specialist/41190505"
    },
    {
        "jobId": 41143271,
        "employerId": 427940,
        "employerName": "Tradewind Recruitment",
        "employerProfileId": null,
        "employerProfileName": null,
        "jobTitle": "SEN TA",
        "locationName": "London",
        "minimumSalary": 70.0,
        "maximumSalary": 80.0,
        "currency": "GBP",
        "expirationDate": "18/11/2020",
        "date": "07/10/2020",
        "jobDescription": "Tradewind are currently recruiting for a TA to support 2 young ladies in year 10 with SPLD. One the students has Dyslexia and the other struggles with ADHD. The school are seeking a TA that can work on a 1:1 basis with both students and build on their  confidence. Ideally a TA with a strong Literature and comprehension background who has also worked with pupils with SEN in a Secondary setting. The role is full time, Monday to Friday, 08:15-15:30... ",
        "applications": 1,
        "jobUrl": "https://www.reed.co.uk/jobs/sen-ta/41143271"
    },
    {
        "jobId": 41050025,
        "employerId": 427940,
        "employerName": "Tradewind Recruitment",
        "employerProfileId": null,
        "employerProfileName": null,
        "jobTitle": "SEN Teaching Assistant",
        "locationName": "Oldham",
        "minimumSalary": 65.0,
        "maximumSalary": 75.0,
        "currency": "GBP",
        "expirationDate": "13/11/2020",
        "date": "02/10/2020",
        "jobDescription": "Does a Special School environment get your passions interested? Does working with fantastic children on a 1-1 basis motivate you?I am very proud to be working with an OFSTED 'Good' rated school in Oldham, who are looking for a dedicated, SEN Teaching Assistant to start in October.The school is a Primary aged Special School with 110 children aged 3 to 11. They look after pupils with Autistic Spectrum Condition, Severe Lear... ",
        "applications": 15,
        "jobUrl": "https://www.reed.co.uk/jobs/sen-teaching-assistant/41050025"
    },
    {
        "jobId": 41131848,
        "employerId": 400060,
        "employerName": "Education World Ltd",
        "employerProfileId": null,
        "employerProfileName": null,
        "jobTitle": "SEND Teaching Assistant",
        "locationName": "Sheffield",
        "minimumSalary": 60.0,
        "maximumSalary": 75.0,
        "currency": "GBP",
        "expirationDate": "16/11/2020",
        "date": "05/10/2020",
        "jobDescription": " South Yorkshire is home to this fantastic and innovative school that caters for young people aged 11-19 who have special needs. They are looking for specialist teaching assistants to become part of their school and make a difference to the lives of these  education thirsty young people.  The school caters for a wide range of needs including autism, profound and multiple needs, complex disabilities, speach and language and behavioural ... ",
        "applications": 5,
        "jobUrl": "https://www.reed.co.uk/jobs/send-teaching-assistant/41131848"
    },
    {
        "jobId": 41005164,
        "employerId": 427940,
        "employerName": "Tradewind Recruitment",
        "employerProfileId": null,
        "employerProfileName": null,
        "jobTitle": "SEN Teaching Assistant",
        "locationName": "London",
        "minimumSalary": 70.0,
        "maximumSalary": 80.0,
        "currency": "GBP",
        "expirationDate": "12/11/2020",
        "date": "01/10/2020",
        "jobDescription": "Tradewind are currently recruiting for a TA to support a young man in year 8 with ADHD. Specifically he struggles with keeping on task within the mainstream class, so you will be required to work on a 1:1 basis to keep his attention.The boy has been known to try and leave the class and school so an active individual is required so ensure his safety. Experience with manual handling would be desirable. The role is full time, Monday to ... ",
        "applications": 18,
        "jobUrl": "https://www.reed.co.uk/jobs/sen-teaching-assistant/41005164"
    },
    {
        "jobId": 41153835,
        "employerId": 427940,
        "employerName": "Tradewind Recruitment",
        "employerProfileId": null,
        "employerProfileName": null,
        "jobTitle": "SEN Teaching Assistant",
        "locationName": "Rochdale",
        "minimumSalary": 65.0,
        "maximumSalary": 75.0,
        "currency": "GBP",
        "expirationDate": "19/11/2020",
        "date": "08/10/2020",
        "jobDescription": "Does a Special School environment get your passions interested? Does working with fantastic children on a 1-1 basis motivate you?I am very proud to be working with an OFSTED 'Good' rated school in Rochdale, who are looking for a dedicated, SEN Teaching Assistant to start in October.The school is a Primary aged Special School with 110 children aged 3 to 11. They look after pupils with Autistic Spectrum Condition, Severe Le... ",
        "applications": 2,
        "jobUrl": "https://www.reed.co.uk/jobs/sen-teaching-assistant/41153835"
    },
    {
        "jobId": 41150193,
        "employerId": 364714,
        "employerName": "Prospero Teaching",
        "employerProfileId": null,
        "employerProfileName": null,
        "jobTitle": "Graduate Teacher Training Programme -  January 2021",
        "locationName": "Harrow",
        "minimumSalary": 80.0,
        "maximumSalary": 95.0,
        "currency": "GBP",
        "expirationDate": "19/11/2020",
        "date": "08/10/2020",
        "jobDescription": " Graduate Teacher Training Programme - GRADUATE CONSIDERING TEACHING? Are you a recent graduate or due to graduate this upcoming summer? Are you a recent graduate with a determination to become a secondary Teacher? If you will be graduating this year (2020) and are passionate about helping children achieve their potential, our Prospero Teacher Training Programme is for you. A successful teacher ... ",
        "applications": 14,
        "jobUrl": "https://www.reed.co.uk/jobs/graduate-teacher-training-programme-january-2021/41150193"
    },
    {
        "jobId": 41147004,
        "employerId": 364714,
        "employerName": "Prospero Teaching",
        "employerProfileId": null,
        "employerProfileName": null,
        "jobTitle": "Behaviour Mentor",
        "locationName": "Salford",
        "minimumSalary": 72.0,
        "maximumSalary": 80.0,
        "currency": "GBP",
        "expirationDate": "18/11/2020",
        "date": "07/10/2020",
        "jobDescription": " Behaviour mentor, KS2 | Manchester | OCTOBER START Job Reference: GHKS2TASAL0710 Job Start Date: October 2020Position Type: Ongoing cover to July 2021- Sector: Primary SchoolRole: Key Stage 2 Behaviour Mentor supporting an SEN child within mainstream schoolExperience required: 1:1 support with SEN, including autism Location: Salford About the job Prospero Teaching is looking fo... ",
        "applications": 1,
        "jobUrl": "https://www.reed.co.uk/jobs/behaviour-mentor/41147004"
    },
    {
        "jobId": 40978111,
        "employerId": 363367,
        "employerName": "Teaching Personnel",
        "employerProfileId": null,
        "employerProfileName": null,
        "jobTitle": "KS2 Teacher",
        "locationName": "Cardiff",
        "minimumSalary": 127.72,
        "maximumSalary": 150.0,
        "currency": "GBP",
        "expirationDate": "27/10/2020",
        "date": "29/09/2020",
        "jobDescription": " Role: KS2 Teacher&nbsp; Location: Cardiff&nbsp; Employment Dates:&nbsp;5th October&nbsp;- TBC Pay: Minimum GBP127.72 - 150.00 per day Are you a Qualified Teacher looking for an opportunity to work with a Key Stage 2 class?&nbsp; Teaching Personnel are currently looking for&nbsp;a&nbsp;Teacher for a maternity cover in the Cardiff area. This ... ",
        "applications": 2,
        "jobUrl": "https://www.reed.co.uk/jobs/ks2-teacher/40978111"
    },
    {
        "jobId": 40968531,
        "employerId": 364714,
        "employerName": "Prospero Teaching",
        "employerProfileId": null,
        "employerProfileName": null,
        "jobTitle": "1:1 Teaching Assistant - Christchurch",
        "locationName": "Christchurch",
        "minimumSalary": 65.0,
        "maximumSalary": 85.0,
        "currency": "GBP",
        "expirationDate": "09/11/2020",
        "date": "28/09/2020",
        "jobDescription": " About the job Prospero Teaching are recruiting for a Teaching Assistant to work on a 1:1 basis with a child in KS1 in a vibrant primary school in Christchurch. The position is to support the child with managing their behaviour, and with social interaction, communication  and academic development. The position is to begin in September/October on a fixed-term basis subject to funding. The school has high expectations for the chil... ",
        "applications": 3,
        "jobUrl": "https://www.reed.co.uk/jobs/11-teaching-assistant-christchurch/40968531"
    },
    {
        "jobId": 40966681,
        "employerId": 427940,
        "employerName": "Tradewind Recruitment",
        "employerProfileId": null,
        "employerProfileName": null,
        "jobTitle": "SEN Teaching Assistant",
        "locationName": "Rochdale",
        "minimumSalary": 65.0,
        "maximumSalary": 75.0,
        "currency": "GBP",
        "expirationDate": "08/11/2020",
        "date": "27/09/2020",
        "jobDescription": "Does a Special School environment get your passions interested? Does working with fantastic children on a 1-1 basis motivate you?I am very proud to be working with an OFSTED 'Good' rated school in Rochdale, who are looking for a dedicated, SEN Teaching Assistant to start in September.The school is a Primary aged Special School with 110 children aged 3 to 11. They look after pupils with Autistic Spectrum Condition, Severe ... ",
        "applications": 13,
        "jobUrl": "https://www.reed.co.uk/jobs/sen-teaching-assistant/40966681"
    },
    {
        "jobId": 40965477,
        "employerId": 575264,
        "employerName": "REED",
        "employerProfileId": null,
        "employerProfileName": null,
        "jobTitle": "Learning Mentors - Creative Industries (art & design, media, music).",
        "locationName": "Kingston Upon Thames",
        "minimumSalary": 11.43,
        "maximumSalary": 11.43,
        "currency": "GBP",
        "expirationDate": "06/11/2020",
        "date": "25/09/2020",
        "jobDescription": " Job Title: - Learning Mentors - Creative Industries (art &amp; design, media, music).Location: - Kingston Upon ThamesPay rate: - &#163;11.43 p/hHours:- VariableDuration: - Temporary ongoing Our REED Education FE branch are currently working with a great college on an exciting new role in the Kingston area. Starting in the new a... ",
        "applications": 36,
        "jobUrl": "https://www.reed.co.uk/jobs/learning-mentors-creative-industries-art-design-media-music/40965477"
    },
    {
        "jobId": 40954567,
        "employerId": 427940,
        "employerName": "Tradewind Recruitment",
        "employerProfileId": null,
        "employerProfileName": null,
        "jobTitle": "PPA Teacher",
        "locationName": "Wandsworth",
        "minimumSalary": null,
        "maximumSalary": null,
        "currency": null,
        "expirationDate": "22/10/2020",
        "date": "24/09/2020",
        "jobDescription": "PPA Teacher COVID-19 notice: We're continuing to recruit education staff throughout these unprecedented times, as we can still get you registered and cleared ready for when schools re-open. Instead of face-to-face meetings, all interviews will be via phone and we can guide  you through submitting your documents online.PPA Teacher - &quot;Good&quot; Ofsted - 2 form entry - Community School- Wandsworth, South West London - ... ",
        "applications": 2,
        "jobUrl": "https://www.reed.co.uk/jobs/ppa-teacher/40954567"
    },
    {
        "jobId": 40948187,
        "employerId": 427940,
        "employerName": "Tradewind Recruitment",
        "employerProfileId": null,
        "employerProfileName": null,
        "jobTitle": "SEN TA",
        "locationName": "London",
        "minimumSalary": 75.0,
        "maximumSalary": 85.0,
        "currency": "GBP",
        "expirationDate": "04/11/2020",
        "date": "23/09/2020",
        "jobDescription": "Tradewind are recruiting! Are you an open-minded SEN Teaching Assistant in the Harringay area of East London?Tradewind are currently recruiting for a TA to support a young man in year 7 with epilepsy and low mobility. The pupil in question has a lovely nature about him and really requires a nurturing individual to support him socially and emotionally. This will be  a 1:1 role working within a mainstream setting. Ideally a TA with exp... ",
        "applications": 3,
        "jobUrl": "https://www.reed.co.uk/jobs/sen-ta/40948187"
    },
    {
        "jobId": 40946993,
        "employerId": 364714,
        "employerName": "Prospero Teaching",
        "employerProfileId": null,
        "employerProfileName": null,
        "jobTitle": "Speech and Language Teaching Assistant / Graduate - CAMDEN",
        "locationName": "London",
        "minimumSalary": 85.0,
        "maximumSalary": 120.0,
        "currency": "GBP",
        "expirationDate": "04/11/2020",
        "date": "23/09/2020",
        "jobDescription": " Speech and Language Teaching Assistant / Speech and Language Graduate Prospero Teaching are working with a lovely and well established Secondary School in Edgware. The school are looking for a Speech and Language Teaching Assistant or Speech and Language Graduate to start asapPsychology/Speech and Language/Linguistics Graduate Required Centrally located in Edmonton Ideal experience for a future Speech and Langua... ",
        "applications": 31,
        "jobUrl": "https://www.reed.co.uk/jobs/speech-and-language-teaching-assistant-graduate-camden/40946993"
    },
    {
        "jobId": 40946990,
        "employerId": 364714,
        "employerName": "Prospero Teaching",
        "employerProfileId": null,
        "employerProfileName": null,
        "jobTitle": "GRADUATE TEACHING ASSISTANT - INITIAL TEACHER TRAINING",
        "locationName": "Enfield",
        "minimumSalary": 80.0,
        "maximumSalary": 100.0,
        "currency": "GBP",
        "expirationDate": "04/11/2020",
        "date": "23/09/2020",
        "jobDescription": " ***NO PREVIOUS EXPERIENCE REQUIRED - JUST A PASSION FOR EDUCATION***** GRADUATE TEACHING ASSISTANT - INITIAL TEACHER TRAINING - Edmonton - ASAP Start ARE YOU A RECENT GRADUATE LOOKING TO BEGIN YOUR INITIAL TEACHER TRAINING WITHIN AN OUTSTANDING SCHOOL? Would you like to gain more experience in a forward thinking and very accomplished state of the art Secondary School? A Teaching School in Edmon... ",
        "applications": 33,
        "jobUrl": "https://www.reed.co.uk/jobs/graduate-teaching-assistant-initial-teacher-training/40946990"
    },
    {
        "jobId": 40946989,
        "employerId": 364714,
        "employerName": "Prospero Teaching",
        "employerProfileId": null,
        "employerProfileName": null,
        "jobTitle": "Science Teacher/ NQT  -  Grammar School - September 2020 START",
        "locationName": "London",
        "minimumSalary": 27890.0,
        "maximumSalary": 43580.0,
        "currency": "GBP",
        "expirationDate": "04/11/2020",
        "date": "23/09/2020",
        "jobDescription": " Science Teacher/ NQT - Central London Grammar School - September 2020 START Prospero Teaching are Seeking a Science Teacher/ NQT to start immediatley at one of London's leading grammar schools! The school are open to consider both Experienced Science Teachers as well as Newly Qualified Science Teachers. Science Teacher CamdenINNER LONDON SALARY - MPS/UPS &#43;Possible TLR Leading High Performin... ",
        "applications": 2,
        "jobUrl": "https://www.reed.co.uk/jobs/science-teacher-nqt--grammar-school-september-2020-start/40946989"
    },
    {
        "jobId": 40936402,
        "employerId": 427940,
        "employerName": "Tradewind Recruitment",
        "employerProfileId": null,
        "employerProfileName": null,
        "jobTitle": "English Teacher",
        "locationName": "Swindon",
        "minimumSalary": 100.0,
        "maximumSalary": 160.0,
        "currency": "GBP",
        "expirationDate": "02/11/2020",
        "date": "21/09/2020",
        "jobDescription": "Are you an English Teacher looking for a new role?Tradewind are recruiting for an English Teacher to work in a lovely school in Swindon. This role would be starting in November on-going until the end of the year on a full time basis. This teacher would be expected to plan, prep and mark to KS3 &amp; 4 mixed ability  groups.The ideal candidate will be a qualified English teacher who is passionate about their subject and is... ",
        "applications": 5,
        "jobUrl": "https://www.reed.co.uk/jobs/english-teacher/40936402"
    },
    {
        "jobId": 40934636,
        "employerId": 427940,
        "employerName": "Tradewind Recruitment",
        "employerProfileId": null,
        "employerProfileName": null,
        "jobTitle": "SEN/SEMH Science Teacher",
        "locationName": "Oldham",
        "minimumSalary": 110.0,
        "maximumSalary": 115.0,
        "currency": "GBP",
        "expirationDate": "02/11/2020",
        "date": "21/09/2020",
        "jobDescription": "Tradewind Manchester are recruiting! Do you have a passion for Special Education Needs (SEN)? Does a new challenge in a Special School in Manchester excite you?Tradewind Manchester is currently looking for an enthusiastic and passionate SEN/SEMH Science Teacher, to join an outstanding and successful school in Manchester, to start in September 2020. This is a full time, long-term role, with the potential of a permanent  contract, payi... ",
        "applications": 2,
        "jobUrl": "https://www.reed.co.uk/jobs/sen-semh-science-teacher/40934636"
    },
    {
        "jobId": 40905834,
        "employerId": 575264,
        "employerName": "REED",
        "employerProfileId": null,
        "employerProfileName": null,
        "jobTitle": "Music Teacher",
        "locationName": "Waltham Forest",
        "minimumSalary": 130.0,
        "maximumSalary": 180.0,
        "currency": "GBP",
        "expirationDate": "18/10/2020",
        "date": "18/09/2020",
        "jobDescription": " Music&nbsp;Teacher Needed&nbsp;for September&nbsp;ASAP&nbsp; Reed&nbsp;Education&nbsp;are currently working&nbsp;with a great school&nbsp;on an exciting new role in the&nbsp;Waltham Forest (Leyton).&nbsp; We are looking for a Music teacher&nbsp;for Long- term&nbsp;position&nbsp;to get involved with the community of the school. The School: A “good” school dedicated to teaching student through life experience and... ",
        "applications": 9,
        "jobUrl": "https://www.reed.co.uk/jobs/music-teacher/40905834"
    },
    {
        "jobId": 40905816,
        "employerId": 575264,
        "employerName": "REED",
        "employerProfileId": null,
        "employerProfileName": null,
        "jobTitle": "Music Teacher",
        "locationName": "Waltham Forest",
        "minimumSalary": 130.0,
        "maximumSalary": 180.0,
        "currency": "GBP",
        "expirationDate": "18/10/2020",
        "date": "18/09/2020",
        "jobDescription": " Music&nbsp;Teacher Needed&nbsp;for September&nbsp;ASAP&nbsp; Reed&nbsp;Education&nbsp;are currently working&nbsp;with a great school&nbsp;on an exciting new role in the&nbsp;Waltham Forest (Leyton).&nbsp; We are looking for a Music teacher&nbsp;for Long- term&nbsp;position&nbsp;to get involved with the community of the school. The School: A “good” school dedicated to teaching student through life experience and... ",
        "applications": 7,
        "jobUrl": "https://www.reed.co.uk/jobs/music-teacher/40905816"
    },
    {
        "jobId": 40901387,
        "employerId": 427940,
        "employerName": "Tradewind Recruitment",
        "employerProfileId": null,
        "employerProfileName": null,
        "jobTitle": "SEN Teaching Assistant",
        "locationName": "Rochdale",
        "minimumSalary": 65.0,
        "maximumSalary": 75.0,
        "currency": "GBP",
        "expirationDate": "30/10/2020",
        "date": "18/09/2020",
        "jobDescription": "Does a Special School environment get your passions interested? Does working with fantastic children on a 1-1 basis motivate you?I am very proud to be working with an OFSTED 'Good' rated school in Rochdale, who are looking for a dedicated, SEN Teaching Assistant to start in September.The school is a Primary aged Special School with 110 children aged 3 to 11. They look after pupils with Autistic Spectrum Condition, Severe ... ",
        "applications": 3,
        "jobUrl": "https://www.reed.co.uk/jobs/sen-teaching-assistant/40901387"
    },
    {
        "jobId": 40891731,
        "employerId": 364714,
        "employerName": "Prospero Teaching",
        "employerProfileId": null,
        "employerProfileName": null,
        "jobTitle": "Maths teaching job, Haringey ASAP",
        "locationName": "London",
        "minimumSalary": 25000.0,
        "maximumSalary": 36000.0,
        "currency": "GBP",
        "expirationDate": "29/10/2020",
        "date": "17/09/2020",
        "jobDescription": " A high-attaining, mixed foundation Ofsted 'outstanding' secondary school based in Haringey is seeking an Maths teacher to join team starting October 2020.  The ideal Maths teacher will be qualified, have a degree related to Maths and be a passionate educator who can teach Maths to a high standard. ABOUT THE SCHOOL AND MATHS TEACHING CONTRACT: Students receive a... ",
        "applications": 6,
        "jobUrl": "https://www.reed.co.uk/jobs/maths-teaching-job-haringey-asap/40891731"
    },
    {
        "jobId": 40890949,
        "employerId": 427940,
        "employerName": "Tradewind Recruitment",
        "employerProfileId": null,
        "employerProfileName": null,
        "jobTitle": "SEN Teaching Assistant",
        "locationName": "London",
        "minimumSalary": 70.0,
        "maximumSalary": 80.0,
        "currency": "GBP",
        "expirationDate": "29/10/2020",
        "date": "17/09/2020",
        "jobDescription": "COVID-19 notice: We're continuing to recruit education staff throughout these unprecedented times, as we can still get you registered and cleared ready for when schools re-open. Instead of face-to-face meetings, all interviews will be via phone and we  can guide you through submitting your documents online.Are you an experienced SEN Teaching Assistant and with a passion for Drama? Or a Drama graduate with an interest in working with ... ",
        "applications": 5,
        "jobUrl": "https://www.reed.co.uk/jobs/sen-teaching-assistant/40890949"
    },
    {
        "jobId": 40876981,
        "employerId": 427940,
        "employerName": "Tradewind Recruitment",
        "employerProfileId": null,
        "employerProfileName": null,
        "jobTitle": "SEN TA",
        "locationName": "London",
        "minimumSalary": 70.0,
        "maximumSalary": 80.0,
        "currency": "GBP",
        "expirationDate": "28/10/2020",
        "date": "16/09/2020",
        "jobDescription": "COVID-19 notice: We're continuing to recruit education staff throughout these unprecedented times, as we can still get you registered and cleared, ready for when schools re-open. Instead of face-to-face meetings, all initial interviews will be via telephone  and we can guide you through submitting your documents online.Tradewind are currently recruiting for a TA to support a young lady in year 8 with SPLD. Specifically she struggles ... ",
        "applications": 3,
        "jobUrl": "https://www.reed.co.uk/jobs/sen-ta/40876981"
    },
    {
        "jobId": 40870693,
        "employerId": 364714,
        "employerName": "Prospero Teaching",
        "employerProfileId": null,
        "employerProfileName": null,
        "jobTitle": "1:1 Teaching Assistant - Christchurch",
        "locationName": "Christchurch",
        "minimumSalary": 60.0,
        "maximumSalary": 70.0,
        "currency": "GBP",
        "expirationDate": "27/10/2020",
        "date": "15/09/2020",
        "jobDescription": " Prospero Teaching are recruiting for a Teaching Assistant to work on a 1:1 basis with a child in KS2 in a vibrant primary school in Christchurch. The position is to support the child with managing their behaviour, and with social interaction, communication  and academic development. The position is to begin in October 2020 or sooner and will continue until the end of the academic year for the successful applicant. The school has high ... ",
        "applications": 6,
        "jobUrl": "https://www.reed.co.uk/jobs/11-teaching-assistant-christchurch/40870693"
    },
    {
        "jobId": 40867109,
        "employerId": 427940,
        "employerName": "Tradewind Recruitment",
        "employerProfileId": null,
        "employerProfileName": null,
        "jobTitle": "Teacher of Music",
        "locationName": "Liverpool",
        "minimumSalary": 95.0,
        "maximumSalary": 185.0,
        "currency": "GBP",
        "expirationDate": "26/10/2020",
        "date": "14/09/2020",
        "jobDescription": "Tradewind are acting on behalf of a North Liverpool secondary school who are seeking a Teacher of Music to deliver the curriculum to Key Stage 3 and Key Stage 4. The role is temporary with an immediate start and will continue on an ongoing basis.You will benefit from a supportive and dedicated senior leadership team whose aim is for every student to thrive and flourish as well as ensuring teachers deliver consistently high quality le... ",
        "applications": 1,
        "jobUrl": "https://www.reed.co.uk/jobs/teacher-of-music/40867109"
    },
    {
        "jobId": 40855905,
        "employerId": 427940,
        "employerName": "Tradewind Recruitment",
        "employerProfileId": null,
        "employerProfileName": null,
        "jobTitle": "SEN Teaching Assistant",
        "locationName": "Stockport",
        "minimumSalary": 65.0,
        "maximumSalary": 75.0,
        "currency": "GBP",
        "expirationDate": "23/10/2020",
        "date": "11/09/2020",
        "jobDescription": "Does a Special School environment get your passions interested? Does working with fantastic children on a 1-1 basis motivate you?I am very proud to be working with an OFSTED 'Good' rated school in Stockport, who are looking for a dedicated, SEN Teaching Assistant to start in September.The school is a Primary aged Special School with 110 children aged 3 to 11. They look after pupils with Autistic Spectrum Condition, Severe... ",
        "applications": 5,
        "jobUrl": "https://www.reed.co.uk/jobs/sen-teaching-assistant/40855905"
    },
    {
        "jobId": 40855407,
        "employerId": 427940,
        "employerName": "Tradewind Recruitment",
        "employerProfileId": null,
        "employerProfileName": null,
        "jobTitle": "SEN Teaching Assistant",
        "locationName": "Rochdale",
        "minimumSalary": 65.0,
        "maximumSalary": 75.0,
        "currency": "GBP",
        "expirationDate": "23/10/2020",
        "date": "11/09/2020",
        "jobDescription": "Does a Special School environment get your passions interested? Does working with fantastic children on a 1-1 basis motivate you?I am very proud to be working with an OFSTED 'Good' rated school in Rochdale, who are looking for a dedicated, SEN Teaching Assistant to start in September.The school is a Primary aged Special School with 110 children aged 3 to 11. They look after pupils with Autistic Spectrum Condition, Severe ... ",
        "applications": 7,
        "jobUrl": "https://www.reed.co.uk/jobs/sen-teaching-assistant/40855407"
    },
    {
        "jobId": 40849798,
        "employerId": 432060,
        "employerName": "Academics ",
        "employerProfileId": null,
        "employerProfileName": null,
        "jobTitle": "Teaching Assistants - Aspiring Teachers - Guildford",
        "locationName": "Guildford",
        "minimumSalary": 60.0,
        "maximumSalary": 75.0,
        "currency": "GBP",
        "expirationDate": "22/10/2020",
        "date": "10/09/2020",
        "jobDescription": " Teaching Assistants - Aspiring Teachers Graduate Teaching Assistant Guildford We may not be absolutely certain when schools will re-open, BUT one thing we are making sure of is that you are prepared, ahead of the curve, and ready for the day they do open. The Question: Would you like to gain experience in the classroom? Are you looking at a career in teaching? The Focus: Teaching assistants su... ",
        "applications": 11,
        "jobUrl": "https://www.reed.co.uk/jobs/teaching-assistants-aspiring-teachers-guildford/40849798"
    },
    {
        "jobId": 40842566,
        "employerId": 434252,
        "employerName": "Randstad Education",
        "employerProfileId": null,
        "employerProfileName": null,
        "jobTitle": "SEN Teaching Assistant",
        "locationName": "Manchester",
        "minimumSalary": 65.0,
        "maximumSalary": 80.0,
        "currency": "GBP",
        "expirationDate": "21/10/2020",
        "date": "09/09/2020",
        "jobDescription": " Do you have experience working with pupils with complex needs?Do you want to help support pupils in a Special Educational Needs (SEN) school?We are looking for a dedicated and experienced teaching assistant to work with pupils with complexneeds. All students have a statement of special educational needs for moderate to severe andprofound and multiple learning difficulties. Some students have additional com... ",
        "applications": 4,
        "jobUrl": "https://www.reed.co.uk/jobs/sen-teaching-assistant/40842566"
    },
    {
        "jobId": 40834509,
        "employerId": 364714,
        "employerName": "Prospero Teaching",
        "employerProfileId": null,
        "employerProfileName": null,
        "jobTitle": "1:1 - Teaching Assistant - Andover",
        "locationName": "Andover",
        "minimumSalary": 60.0,
        "maximumSalary": 75.0,
        "currency": "GBP",
        "expirationDate": "19/10/2020",
        "date": "07/09/2020",
        "jobDescription": " About the job Prospero Teaching are recruiting for a Teaching Assistant to work on a 1:1 basis with a child in KS1 in a vibrant primary school on the outskirts of Andover. The position is to support the child with managing their behaviour, and with social interaction,  communication and academic development. The position is to begin in September on a fixed-term basis subject to funding. The school has high expectations for the ... ",
        "applications": 3,
        "jobUrl": "https://www.reed.co.uk/jobs/11-teaching-assistant-andover/40834509"
    },
    {
        "jobId": 41191859,
        "employerId": 473844,
        "employerName": "Harris Federation",
        "employerProfileId": null,
        "employerProfileName": null,
        "jobTitle": "Learning Support Assistant",
        "locationName": "Peckham",
        "minimumSalary": 19421.0,
        "maximumSalary": 22608.0,
        "currency": "GBP",
        "expirationDate": "26/11/2020",
        "date": "15/10/2020",
        "jobDescription": " &nbsp;Harris Primary Academy Peckham Park is currently looking to appoint a&nbsp;Learning Support Assistant to join its team of specialists. Your opportunity As Learning Support Assistant, you will:&nbsp;  Liaise with appropriate external SEND or health professionals to ensure that advice on provision for individual SEND pupils is effectively implemented;Attend to the pupil's personal needs... ",
        "applications": 1,
        "jobUrl": "https://www.reed.co.uk/jobs/learning-support-assistant/41191859"
    },
    {
        "jobId": 41190697,
        "employerId": 473844,
        "employerName": "Harris Federation",
        "employerProfileId": null,
        "employerProfileName": null,
        "jobTitle": "Class Teacher",
        "locationName": "Peckham",
        "minimumSalary": 34157.0,
        "maximumSalary": 43792.0,
        "currency": "GBP",
        "expirationDate": "26/11/2020",
        "date": "15/10/2020",
        "jobDescription": " We are looking for a creative and dynamic qualified&nbsp;teacher who will be able to contribute to the development of the little learners at Harris Primary Academy Peckham Park. Your opportunity At Harris Primary Academy Peckham Park, we are committed to delivering an enriched, engaging educational experience to all our little learners. If you share the same passion for inspiring young people, apply now.&nbsp;<... ",
        "applications": 2,
        "jobUrl": "https://www.reed.co.uk/jobs/class-teacher/41190697"
    },
    {
        "jobId": 41049451,
        "employerId": 473844,
        "employerName": "Harris Federation",
        "employerProfileId": null,
        "employerProfileName": null,
        "jobTitle": "Key Stage 2 Teacher",
        "locationName": "Peckham",
        "minimumSalary": 32480.0,
        "maximumSalary": 42673.0,
        "currency": "GBP",
        "expirationDate": "13/11/2020",
        "date": "02/10/2020",
        "jobDescription": " Harris Primary Academy Peckham Park is currently&nbsp;looking for an enthusiastic, motivated, qualified Key Stage 2 Teacher&nbsp;to join their school. Your opportunity At Harris Primary Academy Peckham Park, we are committed to delivering an enriched, engaging educational experience to all our little learners. If you share the same passion for inspiring young&nbsp;people, apply now.&nbsp; You will have r... ",
        "applications": 11,
        "jobUrl": "https://www.reed.co.uk/jobs/key-stage-2-teacher/41049451"
    },
    {
        "jobId": 41046664,
        "employerId": 427940,
        "employerName": "Tradewind Recruitment",
        "employerProfileId": null,
        "employerProfileName": null,
        "jobTitle": "Year 3 Teacher",
        "locationName": "London",
        "minimumSalary": null,
        "maximumSalary": null,
        "currency": null,
        "expirationDate": "30/10/2020",
        "date": "02/10/2020",
        "jobDescription": "Are you a primary teacher with QTS seeking a role as a Year 3 teacher? Do you enjoy the challenge of helping children achieve their full potential?This community primary school near London Bridge caters for children aged 3-11. They arecurrently recruiting for a Year 3 teacher. The position is paying an equivalent annual salary of up to &#163;43,000.The school is a three-form entry primary school in the London ... ",
        "applications": 2,
        "jobUrl": "https://www.reed.co.uk/jobs/year-3-teacher/41046664"
    },
    {
        "jobId": 41139081,
        "employerId": 427940,
        "employerName": "Tradewind Recruitment",
        "employerProfileId": null,
        "employerProfileName": null,
        "jobTitle": "KS2 Teacher - Romily, Stockport",
        "locationName": "Stockport",
        "minimumSalary": null,
        "maximumSalary": null,
        "currency": null,
        "expirationDate": "17/11/2020",
        "date": "06/10/2020",
        "jobDescription": "Are you looking to demonstrate your creative flair in a KS2 setting? Do you want to join a team of fantastic educators and make a positive impact in a high performing school? Tradewind are recruiting!On behalf of our client school, Tradewind is looking to appoint an outstanding KS2 teach for a long-term position at a high achieving school in Romily, Stockport. The job will start in October 2020 and will run until July 2021 with the potenti... ",
        "applications": 0,
        "jobUrl": "https://www.reed.co.uk/jobs/ks2-teacher-romily-stockport/41139081"
    },
    {
        "jobId": 41180578,
        "employerId": 427940,
        "employerName": "Tradewind Recruitment",
        "employerProfileId": null,
        "employerProfileName": null,
        "jobTitle": "Secondary School Mentor",
        "locationName": "London",
        "minimumSalary": 70.0,
        "maximumSalary": 90.0,
        "currency": "GBP",
        "expirationDate": "25/11/2020",
        "date": "14/10/2020",
        "jobDescription": "Person Specification: *Do you have Teaching Assistant Experience? *Are you looking for a career in Teaching within an Outstanding working environment? *Do you have good access to Waltham Forest, North East London? *Are you adaptable, flexible and nurturing? -If so, then you need look no further, as this may be the role that is the start of a wonderful career. -Tradewind are now working in Partnersh... ",
        "applications": 1,
        "jobUrl": "https://www.reed.co.uk/jobs/secondary-school-mentor/41180578"
    },
    {
        "jobId": 41180570,
        "employerId": 427940,
        "employerName": "Tradewind Recruitment",
        "employerProfileId": null,
        "employerProfileName": null,
        "jobTitle": "Behaviour Mentor",
        "locationName": "Barking",
        "minimumSalary": 70.0,
        "maximumSalary": 90.0,
        "currency": "GBP",
        "expirationDate": "25/11/2020",
        "date": "14/10/2020",
        "jobDescription": "Person Specification: *Do you have Teaching Assistant Experience? *Are you looking for a career in Teaching within an Outstanding working environment? *Do you have good access to Barking and Dagenham, East London? *Are you adaptable, flexible and nurturing? -If so, then you need look no further, as this may be the role that is the start of a wonderful career. -Tradewind are now working in Partnersh... ",
        "applications": 1,
        "jobUrl": "https://www.reed.co.uk/jobs/behaviour-mentor/41180570"
    },
    {
        "jobId": 41162009,
        "employerId": 427940,
        "employerName": "Tradewind Recruitment",
        "employerProfileId": null,
        "employerProfileName": null,
        "jobTitle": "SEN Teaching Assistant",
        "locationName": "North West England",
        "minimumSalary": null,
        "maximumSalary": null,
        "currency": null,
        "expirationDate": "20/11/2020",
        "date": "09/10/2020",
        "jobDescription": "The role will entail working 1-2-1 with a pupil with a diagnosis of ASD. The pupil does have an Educational Healthcare Plan in place. The pupil is verbal, high functioning with a love for Art and Music. The role will involve*Supporting a pupil in KS2 - managing behaviour and supporting the learning.*Work alongside the KS2 team to plan and prepare engaging, enjoyable sessions for small groups of learners.... ",
        "applications": 1,
        "jobUrl": "https://www.reed.co.uk/jobs/sen-teaching-assistant/41162009"
    },
    {
        "jobId": 41007510,
        "employerId": 363367,
        "employerName": "Teaching Personnel",
        "employerProfileId": null,
        "employerProfileName": null,
        "jobTitle": "NQT Foundation Phase",
        "locationName": "Cardiff",
        "minimumSalary": 127.72,
        "maximumSalary": 150.89,
        "currency": "GBP",
        "expirationDate": "29/10/2020",
        "date": "01/10/2020",
        "jobDescription": " Role:&nbsp;NQT Foundation Phase Location:&nbsp;Cardiff&nbsp;(City Centre) Employment Dates:&nbsp;5th&nbsp;October&nbsp;– TBC Pay:&nbsp;GBP 127.72 Per Day: Teaching Personnel are committed to making contributions to National Insurance and Pensions. We are looking for a Newly Qualified Teacher to take on an exciting teaching position in a thriving F... ",
        "applications": 0,
        "jobUrl": "https://www.reed.co.uk/jobs/nqt-foundation-phase/41007510"
    },
    {
        "jobId": 41109180,
        "employerId": 427940,
        "employerName": "Tradewind Recruitment",
        "employerProfileId": null,
        "employerProfileName": null,
        "jobTitle": "English Teacher",
        "locationName": "Manchester",
        "minimumSalary": 110.0,
        "maximumSalary": 170.0,
        "currency": "GBP",
        "expirationDate": "15/11/2020",
        "date": "04/10/2020",
        "jobDescription": "Tradewind are recruiting! Are you a creative and innovative Teacher of English, looking for a new opportunity in a large academy school in Tameside?Tradewind Recruitment is currently looking for an enthusiastic and passionate Teacher of English, to join a large secondary academy, to start ASAP. This is a full time, long term role, with the potential of a permanent contract, paying up to &#163;170 a day.We are recruiting o... ",
        "applications": 3,
        "jobUrl": "https://www.reed.co.uk/jobs/english-teacher/41109180"
    },
    {
        "jobId": 41150152,
        "employerId": 364714,
        "employerName": "Prospero Teaching",
        "employerProfileId": null,
        "employerProfileName": null,
        "jobTitle": "Maths Teacher - November 2020 - Interviewing NOW! Camden",
        "locationName": "London",
        "minimumSalary": 160.0,
        "maximumSalary": 250.0,
        "currency": "GBP",
        "expirationDate": "19/11/2020",
        "date": "08/10/2020",
        "jobDescription": " Maths teacher  Ofsted GOOD School - Camden November 2020 start, fast track to interview No filling out application forms! A popular school located in Camden, North West London is interested in securing an Maths teacher starting this November 2020. The ideal Maths teacher will be qualified, have a degree related to Maths teacher an... ",
        "applications": 2,
        "jobUrl": "https://www.reed.co.uk/jobs/maths-teacher-november-2020-interviewing-now-camden/41150152"
    },
    {
        "jobId": 40958058,
        "employerId": 427940,
        "employerName": "Tradewind Recruitment",
        "employerProfileId": null,
        "employerProfileName": null,
        "jobTitle": "SEN Teaching Assistant",
        "locationName": "London",
        "minimumSalary": 70.0,
        "maximumSalary": 90.0,
        "currency": "GBP",
        "expirationDate": "05/11/2020",
        "date": "24/09/2020",
        "jobDescription": "Are you a graduate looking for an opportunity to gain experience and to develop a range of essential skills within a school which offers support throughout prior to applying for teacher training? This paid role could be the experience you have been looking  for! We offer an enthusiastic and driven team of teachers and support staff together support from our SLT at all times. Tradewind Recruitment are now working with a Secondary and Second... ",
        "applications": 4,
        "jobUrl": "https://www.reed.co.uk/jobs/sen-teaching-assistant/40958058"
    },
    {
        "jobId": 40956952,
        "employerId": 427940,
        "employerName": "Tradewind Recruitment",
        "employerProfileId": null,
        "employerProfileName": null,
        "jobTitle": "Autism Teaching Assistant 1-1",
        "locationName": "Nottingham",
        "minimumSalary": 63.51,
        "maximumSalary": 70.0,
        "currency": "GBP",
        "expirationDate": "05/11/2020",
        "date": "24/09/2020",
        "jobDescription": "Role - Autism 1-1 Teaching AssistantStart Date: ASAP Hours - Full timeArea - Nottingham City CentreMy client is currently looking to recruit an Autism specialist to work 1-1 with a child who also needs support with personal care. The school is a much larger than average Primary school and they was rated 'good' in their most recent Ofsted review.The school is a happy, stimulating and caring place they exp... ",
        "applications": 5,
        "jobUrl": "https://www.reed.co.uk/jobs/autism-teaching-assistant-1-1/40956952"
    },
    {
        "jobId": 40950461,
        "employerId": 434252,
        "employerName": "Randstad Education",
        "employerProfileId": null,
        "employerProfileName": null,
        "jobTitle": "HLTA support to a preparatory School",
        "locationName": "Preston",
        "minimumSalary": 70.0,
        "maximumSalary": 80.0,
        "currency": "GBP",
        "expirationDate": "04/11/2020",
        "date": "23/09/2020",
        "jobDescription": " Are you a qualified HLTA? Do you have experience leading a classroom as a HLTA and supporting as a TA? Have you worked with EYFS and primary pupils? Are you committed to the attainment of pupils from the age of reception? And are you looking for a new role  in an amazing school from October 2020? If so please see below! I am currently recruiting on behalf of a client located in fulwood, Preston. At the moment they are foreseeing requi... ",
        "applications": 3,
        "jobUrl": "https://www.reed.co.uk/jobs/hlta-support-to-a-preparatory-school/40950461"
    },
    {
        "jobId": 40942923,
        "employerId": 427940,
        "employerName": "Tradewind Recruitment",
        "employerProfileId": null,
        "employerProfileName": null,
        "jobTitle": "SEN Teaching Assistant",
        "locationName": "London",
        "minimumSalary": 70.0,
        "maximumSalary": 90.0,
        "currency": "GBP",
        "expirationDate": "03/11/2020",
        "date": "22/09/2020",
        "jobDescription": "This paid role could be the experience you have been looking for! We offer an enthusiastic and driven team of teachers and support staff together support from our SLT at all times. Tradewind Recruitment are now working with a Secondary and Primary special school for students with Moderate Learning Difficulties in Waltham Forest, North East London. The school is a large, split site, over-subscribed 5-18, mixed, multi-ethnic school who  are ... ",
        "applications": 6,
        "jobUrl": "https://www.reed.co.uk/jobs/sen-teaching-assistant/40942923"
    },
    {
        "jobId": 40898416,
        "employerId": 364714,
        "employerName": "Prospero Teaching",
        "employerProfileId": null,
        "employerProfileName": null,
        "jobTitle": "Support Worker, Kingsbury, Hendon, Immediate Start",
        "locationName": "Barnet",
        "minimumSalary": 9.0,
        "maximumSalary": 13.0,
        "currency": "GBP",
        "expirationDate": "29/10/2020",
        "date": "17/09/2020",
        "jobDescription": " Support Worker School: Secondary school  Key stages: Key Stage 4  Location: Kingsbury Start date: Immediate Start Prospero Teaching are actively seeking Support Workers for a Special Needs School based in Kingsbury, to support Key Stage 4 with moderate to severe learning disabilities and complex behaviours. The diver... ",
        "applications": 15,
        "jobUrl": "https://www.reed.co.uk/jobs/support-worker-kingsbury-hendon-immediate-start/40898416"
    },
    {
        "jobId": 40895615,
        "employerId": 427940,
        "employerName": "Tradewind Recruitment",
        "employerProfileId": null,
        "employerProfileName": null,
        "jobTitle": "Behaviour Mentor",
        "locationName": "London",
        "minimumSalary": 70.0,
        "maximumSalary": 90.0,
        "currency": "GBP",
        "expirationDate": "29/10/2020",
        "date": "17/09/2020",
        "jobDescription": "Are you a Mentor looking for an opportunity to gain experience and to develop a range of essential skills within a school which offers support throughout prior to applying for teacher training? This paid role could be the experience you have been looking  for! We offer an enthusiastic and driven team of teachers and support staff together support from our SLT at all times. Tradewind Recruitment are now working with a Secondary and Primary ... ",
        "applications": 3,
        "jobUrl": "https://www.reed.co.uk/jobs/behaviour-mentor/40895615"
    },
    {
        "jobId": 40870293,
        "employerId": 427940,
        "employerName": "Tradewind Recruitment",
        "employerProfileId": null,
        "employerProfileName": null,
        "jobTitle": "Music Teacher",
        "locationName": "Nottingham",
        "minimumSalary": 110.0,
        "maximumSalary": 180.0,
        "currency": "GBP",
        "expirationDate": "27/10/2020",
        "date": "15/09/2020",
        "jobDescription": "Tradewind Recruitment is working with a long established secondary school in Derby. Tradewind are working hard to recruit a full-time Music Teacher to join them on an ongoing basis.Pay is based on the Main Pay Scale.NQT's are welcome to apply with fantastic induction opportunities available. Unqualified Teachers with strong experience able to apply.Our staff thoroughly enjoy working at this Derby school and pr... ",
        "applications": 5,
        "jobUrl": "https://www.reed.co.uk/jobs/music-teacher/40870293"
    },
    {
        "jobId": 40859604,
        "employerId": 427940,
        "employerName": "Tradewind Recruitment",
        "employerProfileId": null,
        "employerProfileName": null,
        "jobTitle": "Teaching Assistant",
        "locationName": "London",
        "minimumSalary": null,
        "maximumSalary": null,
        "currency": null,
        "expirationDate": "23/10/2020",
        "date": "11/09/2020",
        "jobDescription": "The deputy headteacher and SENCo of this wonderful outstanding primary school in Ealing are looking to appoint a Teaching Assistant to help support in a year 3 class. You as a Teaching Assistant will be working with two pupils who have learning difficulties.  The pupils have difficulties in accessing the literacy curriculum therefore you must have sound knowledge in English and good UK curriculum overall. There is no behaviour attached to these ... ",
        "applications": 7,
        "jobUrl": "https://www.reed.co.uk/jobs/teaching-assistant/40859604"
    },
    {
        "jobId": 40855686,
        "employerId": 427940,
        "employerName": "Tradewind Recruitment",
        "employerProfileId": null,
        "employerProfileName": null,
        "jobTitle": "SEN Learning Support Assistant",
        "locationName": "Oldham",
        "minimumSalary": 65.0,
        "maximumSalary": 75.0,
        "currency": "GBP",
        "expirationDate": "23/10/2020",
        "date": "11/09/2020",
        "jobDescription": "Tradewind Manchester are recruiting! Do you have a passion for Special Education Needs (SEN)? Does a new challenge in a Special School in Manchester excite you?Tradewind Manchester is currently looking for an enthusiastic and passionate SEN Learning Support Assistant, to join an outstanding and successful school in Oldham, to start in September 2020. This is a full time, long-term role, with the potential of a permanent  contract, pa... ",
        "applications": 8,
        "jobUrl": "https://www.reed.co.uk/jobs/sen-learning-support-assistant/40855686"
    },
    {
        "jobId": 40849200,
        "employerId": 427940,
        "employerName": "Tradewind Recruitment",
        "employerProfileId": null,
        "employerProfileName": null,
        "jobTitle": "SEN Teaching Assistant",
        "locationName": "London",
        "minimumSalary": 70.0,
        "maximumSalary": 90.0,
        "currency": "GBP",
        "expirationDate": "22/10/2020",
        "date": "10/09/2020",
        "jobDescription": "Are you a graduate looking for an opportunity to gain experience and to develop a range of essential skills within a school which offers support throughout prior to applying for teacher training? This paid role could be the experience you have been looking  for! We offer an enthusiastic and driven team of teachers and support staff together support from our SLT at all times. Tradewind Recruitment are now working with a Secondary and Primar... ",
        "applications": 18,
        "jobUrl": "https://www.reed.co.uk/jobs/sen-teaching-assistant/40849200"
    },
    {
        "jobId": 40841564,
        "employerId": 427940,
        "employerName": "Tradewind Recruitment",
        "employerProfileId": null,
        "employerProfileName": null,
        "jobTitle": "Teaching Assistant",
        "locationName": "Buckingham",
        "minimumSalary": 70.0,
        "maximumSalary": 80.0,
        "currency": "GBP",
        "expirationDate": "20/10/2020",
        "date": "08/09/2020",
        "jobDescription": "This averaged sized secondary school are currently looking for an enthusiastic and devoted Teaching Assistant to join their excellent team. The position starts ASAP and pays a daily rate of between &#163;70 - &#163;80 per day, depending on your level of experience.The school is a continuously improving school, with improvements seen across all key areas such as teaching and learning, curriculum and examination results. This excellenc... ",
        "applications": 4,
        "jobUrl": "https://www.reed.co.uk/jobs/teaching-assistant/40841564"
    },
    {
        "jobId": 40826885,
        "employerId": 427940,
        "employerName": "Tradewind Recruitment",
        "employerProfileId": null,
        "employerProfileName": null,
        "jobTitle": "Learning Support Assistant",
        "locationName": "North West England",
        "minimumSalary": null,
        "maximumSalary": null,
        "currency": null,
        "expirationDate": "16/10/2020",
        "date": "04/09/2020",
        "jobDescription": "The school are looking for a candidate who will commit to the role for the full academic year on a full-time basis. Working hours for this role will be 8:30am - 4:00pm, Monday to Friday.The four-form entry primary school located in Brent have places for pupils aged 3-11 years of age. They have excellent on site facilities including large sports hall, music and IT suites. The school is surrounded by extensive playing grounds and... ",
        "applications": 2,
        "jobUrl": "https://www.reed.co.uk/jobs/learning-support-assistant/40826885"
    },
    {
        "jobId": 40826162,
        "employerId": 427940,
        "employerName": "Tradewind Recruitment",
        "employerProfileId": null,
        "employerProfileName": null,
        "jobTitle": "Teaching Assistant",
        "locationName": "Stevenage",
        "minimumSalary": 75.0,
        "maximumSalary": 85.0,
        "currency": "GBP",
        "expirationDate": "16/10/2020",
        "date": "04/09/2020",
        "jobDescription": "This larger than average 3-form entry primary school are currently looking for a dedicated Teaching Assistant to join their team. The position starts ASAP and pays a daily rate of between &#163;75 - &#163;85 per day depending on your level of experience.The school has a rich history and has welcomed Hertfordshire students since it was originally founded in 1949. They are a happy and successful school that strives for excellence; ensu... ",
        "applications": 12,
        "jobUrl": "https://www.reed.co.uk/jobs/teaching-assistant/40826162"
    },
    {
        "jobId": 40825908,
        "employerId": 418346,
        "employerName": "SANZA Teaching Agency",
        "employerProfileId": null,
        "employerProfileName": null,
        "jobTitle": "Primary School Learning Mentor",
        "locationName": "London",
        "minimumSalary": 90.0,
        "maximumSalary": 102.0,
        "currency": "GBP",
        "expirationDate": "16/10/2020",
        "date": "04/09/2020",
        "jobDescription": "Primary School Learning MentorSeptember 2020 - July 2021Daily Rate &#163;90 - &#163;102 Sanza Teaching Agency are working exclusively with a Special Educational Needs School in Hackney who are looking for an ambitious Learning Mentor to join their team from September. The successful candidate will have a proven track record of working with children  with SEN and disabilities along with a commitment to inclusion.This... ",
        "applications": 7,
        "jobUrl": "https://www.reed.co.uk/jobs/primary-school-learning-mentor/40825908"
    },
    {
        "jobId": 41177555,
        "employerId": 473844,
        "employerName": "Harris Federation",
        "employerProfileId": null,
        "employerProfileName": null,
        "jobTitle": "Class Teacher",
        "locationName": "London",
        "minimumSalary": 34157.0,
        "maximumSalary": 43792.0,
        "currency": "GBP",
        "expirationDate": "24/11/2020",
        "date": "13/10/2020",
        "jobDescription": " We are looking for a Class Teacher to support individuals and groups of students to enable access to learning, contributing to the development and maintenance of a purposeful, nurturing learning environment. Your opportunity Inspire the little learners&nbsp;at Harris Primary Free School Peckham.&nbsp;This is a great opportunity to help children from a wide range of backgrounds gain the academic skills, social s... ",
        "applications": 3,
        "jobUrl": "https://www.reed.co.uk/jobs/class-teacher/41177555"
    },
    {
        "jobId": 40933912,
        "employerId": 427940,
        "employerName": "Tradewind Recruitment",
        "employerProfileId": null,
        "employerProfileName": null,
        "jobTitle": "Year 3 Primary Teacher - Stockport",
        "locationName": "Stockport",
        "minimumSalary": 125.0,
        "maximumSalary": 185.0,
        "currency": "GBP",
        "expirationDate": "02/11/2020",
        "date": "21/09/2020",
        "jobDescription": "Are you committed to raising standards with a drive for outstanding pupil attainment and progress? Tradewind are recruiting an outstanding Year 3 practitioner who will be responsible for a class of 30 children within a three-form entry school. This is a mixed ability class and experience with SEN will be hugely advantageous to the role. You will also be  joined by a full time 1:1 learning support assistant. The role will commence October 2... ",
        "applications": 1,
        "jobUrl": "https://www.reed.co.uk/jobs/year-3-primary-teacher-stockport/40933912"
    },
    {
        "jobId": 41186271,
        "employerId": 626228,
        "employerName": "Partnership Jobs",
        "employerProfileId": null,
        "employerProfileName": null,
        "jobTitle": "Visiting Music Teacher - Piano",
        "locationName": "Highgate",
        "minimumSalary": null,
        "maximumSalary": null,
        "currency": null,
        "expirationDate": "25/11/2020",
        "date": "14/10/2020",
        "jobDescription": "THE ROLEWe are seeking an enthusiastic and experienced piano teacher to join our thriving department from January 2021. The successful candidate will be initially teaching one-to-one lessons to pupils in the Junior School, from Year 3 to Year 6, although there may  be eventual scope to teach in the Senior School. There is currently approximately a full day of teaching available on an employed basis.In ord... ",
        "applications": 1,
        "jobUrl": "https://www.reed.co.uk/jobs/visiting-music-teacher-piano/41186271"
    },
    {
        "jobId": 41187111,
        "employerId": 626228,
        "employerName": "Partnership Jobs",
        "employerProfileId": null,
        "employerProfileName": null,
        "jobTitle": "Therapeutic Teaching Assistant",
        "locationName": "Newham",
        "minimumSalary": null,
        "maximumSalary": null,
        "currency": null,
        "expirationDate": "25/11/2020",
        "date": "14/10/2020",
        "jobDescription": "  Therapeutic Teaching Assistant&#163;70&#43; per dayFull time position, Monday to FridayTo Start ASAPOFSTED rated GoodLocation: Newham Do you have a background in therapy? Are passionate about working with vulnerable pupils with SEMH Needs?I'm currently recruiting for a confident and capable Therapeutic Teaching Assistant to join this developing school in Newham. A... ",
        "applications": 0,
        "jobUrl": "https://www.reed.co.uk/jobs/therapeutic-teaching-assistant/41187111"
    },
    {
        "jobId": 40935139,
        "employerId": 626228,
        "employerName": "Partnership Jobs",
        "employerProfileId": null,
        "employerProfileName": null,
        "jobTitle": "Therapeutic Teaching Assistant",
        "locationName": "Newham",
        "minimumSalary": null,
        "maximumSalary": null,
        "currency": null,
        "expirationDate": "12/11/2020",
        "date": "21/09/2020",
        "jobDescription": "  Therapeutic Teaching Assistant&#163;70&#43; per dayFull time position, Monday to FridayTo Start ASAPOFSTED rated GoodLocation: Newham Do you have a background in therapy? Are passionate about working with vulnerable pupils with SEMH Needs?I'm currently recruiting for a confident and capable Therapeutic Teaching Assistant to join this developing school in Newham. A... ",
        "applications": 3,
        "jobUrl": "https://www.reed.co.uk/jobs/therapeutic-teaching-assistant/40935139"
    },
    {
        "jobId": 41187498,
        "employerId": 626228,
        "employerName": "Partnership Jobs",
        "employerProfileId": null,
        "employerProfileName": null,
        "jobTitle": "Head of Music",
        "locationName": "Sittingbourne",
        "minimumSalary": null,
        "maximumSalary": null,
        "currency": null,
        "expirationDate": "25/11/2020",
        "date": "14/10/2020",
        "jobDescription": "Are you a Head of Music, 2ic Music, or Teacher of Music seeking a position of responsibility? Would you like to lead the Music department in Mixed Comprehensive Secondary school on the Isle of Sheppey starting in January? We could have the perfect role  for you. Head of MusicIsle Of Sheppey - KentJanuary StartPermanent Role We are working with a fa... ",
        "applications": 0,
        "jobUrl": "https://www.reed.co.uk/jobs/head-of-music/41187498"
    },
    {
        "jobId": 40967071,
        "employerId": 626228,
        "employerName": "Partnership Jobs",
        "employerProfileId": null,
        "employerProfileName": null,
        "jobTitle": "Head of Music",
        "locationName": "Sittingbourne",
        "minimumSalary": null,
        "maximumSalary": null,
        "currency": null,
        "expirationDate": "12/11/2020",
        "date": "27/09/2020",
        "jobDescription": "Are you a Head of Music, 2ic Music, or Teacher of Music seeking a position of responsibility? Would you like to lead the Music department in Mixed Comprehensive Secondary school on the Isle of Sheppey starting in January? We could have the perfect role  for you. Head of MusicIsle Of Sheppey - KentJanuary StartPermanent Role We are working with a fa... ",
        "applications": 0,
        "jobUrl": "https://www.reed.co.uk/jobs/head-of-music/40967071"
    },
    {
        "jobId": 41186189,
        "employerId": 626228,
        "employerName": "Partnership Jobs",
        "employerProfileId": null,
        "employerProfileName": null,
        "jobTitle": "Primary Teacher  Foundation TLR",
        "locationName": "Tower Hamlets",
        "minimumSalary": null,
        "maximumSalary": null,
        "currency": null,
        "expirationDate": "25/11/2020",
        "date": "14/10/2020",
        "jobDescription": "Primary Teacher &#43; Foundation TLR | Outstanding Primary School | Tower HamletsAn &quot;Outstanding&quot; Primary School in the Borough of Tower Hamlets are on the hunt for multiple Primary Teachers for a January 2021 start. This is a full-time post, with the contract being issued via the School.This fantastic Primary School is led by a brilliant Head Teacher who has grown the School from strength to st... ",
        "applications": 0,
        "jobUrl": "https://www.reed.co.uk/jobs/primary-teacher-foundation-tlr/41186189"
    },
    {
        "jobId": 41187487,
        "employerId": 626228,
        "employerName": "Partnership Jobs",
        "employerProfileId": null,
        "employerProfileName": null,
        "jobTitle": "PPA Primary Teacher - £130 per day",
        "locationName": "Tower Hamlets",
        "minimumSalary": null,
        "maximumSalary": null,
        "currency": null,
        "expirationDate": "25/11/2020",
        "date": "14/10/2020",
        "jobDescription": "PPA Primary Teacher | ASAP Start | Tower HamletsAn &quot;Outstanding&quot; Primary School in the Borough of Tower Hamlets are on the hunt for a PPA Primary Teacher for an ASAP start. This is a full time, and long term post (permanent contract guaranteed in September 2021)What will you be doing as a PPA Primary Teacher? Covering lessons across all year groups - ye... ",
        "applications": 0,
        "jobUrl": "https://www.reed.co.uk/jobs/ppa-primary-teacher-130-per-day/41187487"
    },
    {
        "jobId": 41187475,
        "employerId": 626228,
        "employerName": "Partnership Jobs",
        "employerProfileId": null,
        "employerProfileName": null,
        "jobTitle": "Early Years / EYFS Primary Teacher NQT",
        "locationName": "Newham",
        "minimumSalary": null,
        "maximumSalary": null,
        "currency": null,
        "expirationDate": "25/11/2020",
        "date": "14/10/2020",
        "jobDescription": "Early Years / EYFS Teacher (NQT) | ASAP Start | NewhamA fantastic, creative Early Years / EYFS School in the Borough of Newham are on the hunt for an Early Years / EYFS Teacher (NQT) for an ASAP start. This is a permanent, and full-time post.The School is led by a phenomenal Head Teacher that puts her staff first and promotes CPD throughout. She takes pride in taking ALL Early Years / EYFS Teachers onboar... ",
        "applications": 0,
        "jobUrl": "https://www.reed.co.uk/jobs/early-years-eyfs-primary-teacher-nqt/41187475"
    },
    {
        "jobId": 41186306,
        "employerId": 626228,
        "employerName": "Partnership Jobs",
        "employerProfileId": null,
        "employerProfileName": null,
        "jobTitle": "PPA Primary Teacher - £130 per day",
        "locationName": "Newham",
        "minimumSalary": null,
        "maximumSalary": null,
        "currency": null,
        "expirationDate": "25/11/2020",
        "date": "14/10/2020",
        "jobDescription": "PPA Primary Teacher | ASAP Start | NewhamAn &quot;Outstanding&quot; Primary School in the Borough of Newham are on the hunt for a PPA Primary Teacher for an ASAP start. This is a full time, and permanent post-paid via the School.What will you be doing as a PPA Primary Teacher? Covering lessons across all year groups - year 2 being a main focusFollo... ",
        "applications": 0,
        "jobUrl": "https://www.reed.co.uk/jobs/ppa-primary-teacher-130-per-day/41186306"
    },
    {
        "jobId": 41186173,
        "employerId": 626228,
        "employerName": "Partnership Jobs",
        "employerProfileId": null,
        "employerProfileName": null,
        "jobTitle": "Nursery / Reception Teacher NQT",
        "locationName": "Newham",
        "minimumSalary": null,
        "maximumSalary": null,
        "currency": null,
        "expirationDate": "25/11/2020",
        "date": "14/10/2020",
        "jobDescription": "Nursery / Reception Teacher (NQT) | ASAP Start | NewhamA fantastic, creative Nursery / Reception School in the Borough of Newham are on the hunt for a Nursery / Reception Teacher (NQT) for an ASAP start. This is a permanent, and full-time post.The School is led by a phenomenal Head Teacher that puts her staff first and promotes CPD throughout. She takes pride in taking ALL Nursery / Reception Teachers onb... ",
        "applications": 0,
        "jobUrl": "https://www.reed.co.uk/jobs/nursery-reception-teacher-nqt/41186173"
    },
    {
        "jobId": 41185821,
        "employerId": 626228,
        "employerName": "Partnership Jobs",
        "employerProfileId": null,
        "employerProfileName": null,
        "jobTitle": "Primary Teacher NQT",
        "locationName": "Newham",
        "minimumSalary": null,
        "maximumSalary": null,
        "currency": null,
        "expirationDate": "25/11/2020",
        "date": "14/10/2020",
        "jobDescription": "Primary Teacher (NQT) | ASAP Start | NewhamA fantastic, creative Primary School in the Borough of Newham are on the hunt for a Primary Teacher (NQT) for an ASAP start. This is a permanent, and full-time post.The School is led by a phenomenal Head Teacher that puts her staff first and promotes CPD throughout. She takes pride in taking ALL Primary Teachers onboard and the school are on their way to achievin... ",
        "applications": 0,
        "jobUrl": "https://www.reed.co.uk/jobs/primary-teacher-nqt/41185821"
    },
    {
        "jobId": 40979260,
        "employerId": 626228,
        "employerName": "Partnership Jobs",
        "employerProfileId": null,
        "employerProfileName": null,
        "jobTitle": "Nursery / Reception Teacher NQT",
        "locationName": "Newham",
        "minimumSalary": null,
        "maximumSalary": null,
        "currency": null,
        "expirationDate": "10/11/2020",
        "date": "29/09/2020",
        "jobDescription": "Nursery / Reception Teacher (NQT) | ASAP Start | NewhamA fantastic, creative Nursery / Reception School in the Borough of Newham are on the hunt for a Nursery / Reception Teacher (NQT) for an ASAP start. This is a permanent, and full-time post.The School is led by a phenomenal Head Teacher that puts her staff first and promotes CPD throughout. She takes pride in taking ALL Nursery / Reception Teachers onb... ",
        "applications": 1,
        "jobUrl": "https://www.reed.co.uk/jobs/nursery-reception-teacher-nqt/40979260"
    },
    {
        "jobId": 40979158,
        "employerId": 626228,
        "employerName": "Partnership Jobs",
        "employerProfileId": null,
        "employerProfileName": null,
        "jobTitle": "Early Years / EYFS Primary Teacher NQT",
        "locationName": "Newham",
        "minimumSalary": null,
        "maximumSalary": null,
        "currency": null,
        "expirationDate": "10/11/2020",
        "date": "29/09/2020",
        "jobDescription": "Early Years / EYFS Teacher (NQT) | ASAP Start | NewhamA fantastic, creative Early Years / EYFS School in the Borough of Newham are on the hunt for an Early Years / EYFS Teacher (NQT) for an ASAP start. This is a permanent, and full-time post.The School is led by a phenomenal Head Teacher that puts her staff first and promotes CPD throughout. She takes pride in taking ALL Early Years / EYFS Teachers onboar... ",
        "applications": 0,
        "jobUrl": "https://www.reed.co.uk/jobs/early-years-eyfs-primary-teacher-nqt/40979158"
    },
    {
        "jobId": 40979066,
        "employerId": 626228,
        "employerName": "Partnership Jobs",
        "employerProfileId": null,
        "employerProfileName": null,
        "jobTitle": "Primary Teacher NQT",
        "locationName": "Newham",
        "minimumSalary": null,
        "maximumSalary": null,
        "currency": null,
        "expirationDate": "10/11/2020",
        "date": "29/09/2020",
        "jobDescription": "Primary Teacher (NQT) | ASAP Start | NewhamA fantastic, creative Primary School in the Borough of Newham are on the hunt for a Primary Teacher (NQT) for an ASAP start. This is a permanent, and full-time post.The School is led by a phenomenal Head Teacher that puts her staff first and promotes CPD throughout. She takes pride in taking ALL Primary Teachers onboard and the school are on their way to achievin... ",
        "applications": 1,
        "jobUrl": "https://www.reed.co.uk/jobs/primary-teacher-nqt/40979066"
    },
    {
        "jobId": 41185606,
        "employerId": 626228,
        "employerName": "Partnership Jobs",
        "employerProfileId": null,
        "employerProfileName": null,
        "jobTitle": "Key Stage 2 Teacher",
        "locationName": "Peckham",
        "minimumSalary": null,
        "maximumSalary": null,
        "currency": null,
        "expirationDate": "25/11/2020",
        "date": "14/10/2020",
        "jobDescription": "Harris Primary Academy Peckham Park is currently looking for an enthusiastic, motivated, qualified Key Stage 2 Teacher to join their school.Your opportunityAt Harris Primary Academy Peckham Park, we are committed to delivering an enriched, engaging educational experience to all our little learners. If you share the same passion for inspiring young people, apply now. You will have responsibilit... ",
        "applications": 0,
        "jobUrl": "https://www.reed.co.uk/jobs/key-stage-2-teacher/41185606"
    },
    {
        "jobId": 40935153,
        "employerId": 626228,
        "employerName": "Partnership Jobs",
        "employerProfileId": null,
        "employerProfileName": null,
        "jobTitle": "Art Teacher - Part-time",
        "locationName": "Broadstairs",
        "minimumSalary": null,
        "maximumSalary": null,
        "currency": null,
        "expirationDate": "12/11/2020",
        "date": "21/09/2020",
        "jobDescription": "Pay: MPSStart Date: January 2021Creativity is at the heart of all we do at St Peter's and there is the rare opportunity for an inspiring Art Teacher (0.4FTE, all day Wednesday and Thursday each week) to join our team from January. You must know that you are already a great art teacher who  wants to develop into a truly inspirational one in the next phase of your development.You will work alongside our Arts tea... ",
        "applications": 4,
        "jobUrl": "https://www.reed.co.uk/jobs/art-teacher-part-time/40935153"
    }
]