applications,currency,date,employerId,employerName,employerProfileId,employerProfileName,expirationDate,jobDescription,jobId,jobTitle,jobUrl,locationName,maximumSalary,minimumSalary
4,,2020-02-10,524744,Hays Specialist Recruitment Limited,,,13/11/2020," Music Teacher | Westminster | October 2020 | Long Term Hays Education is currently seeking to recruit Qualified Secondary Music Teachers. We are on the lookout for individuals who are available for both short-term and long-term placements in the London borough of Westminster. We also welcome those with Newly Qualified  Teacher status.Your New Role: You will be teaching across Key Stages 3 &amp; 4, with some A Le... ",41041419,Music Teacher,https://www.reed.co.uk/jobs/music-teacher/41041419,London,,
13,GBP,2020-09-16,432060,Academics ,,,28/10/2020,"  Therapeutic Teaching Assistant&#163;70&#43; per dayFull time position, Monday to FridayTo Start ASAPOFSTED rated GoodLocation: Newham Do you have a background in therapy? Are passionate about working with vulnerable pupils with SEMH Needs? I'm currently recruiting for a confident and capable Therapeutic Teaching Assistant to join this developing school in Newham. A backgr... ",40883114,Therapeutic Teaching Assistant,https://www.reed.co.uk/jobs/therapeutic-teaching-assistant/40883114,London,90.0,70.0
4,,2020-11-09,427940,Tradewind Recruitment,,,23/10/2020,Are you a passionate Teacher of Music looking for your next Teaching position? If so Tradewind would like to hear from you! Tradewind are currently recruiting on behalf of one of our client schools in the Cheshire area who are looking to appoint a Music Teacher for a long-term maternity position starting after October half-term. This position will be covering a maternity leave and  could continue until the end of the academic year. T... ,40856365,Music Teacher,https://www.reed.co.uk/jobs/music-teacher/40856365,Northwich,,
2,GBP,2020-06-10,364714,Prospero Teaching,,,17/11/2020," PROSPERO TEACHING IS LOOKING FOR AN EXPERIENCED SECONDARY SCHOOL PE TEACHER TO FILL A PE POSITION IN AN OUTSTANDING SCHOOL IN THE BOROUGH OF NEWHAM, EAST LONDON. THE POSITION CAN BEGIN AS SOON AS POSSIBLE.Would you like to work in a school where your opinion counts? are you looking for a job where you're not overloaded with work?The right PE teacher will be:* Experienced with the UK curriculum* Confi... ",41140151,Female PE Teacher,https://www.reed.co.uk/jobs/female-pe-teacher/41140151,London,40000.0,15000.0
2,GBP,2020-10-14,382251,Reeson Education,,,25/11/2020," PPA Primary Teacher | ASAP Start | Brent An &quot;Outstanding&quot; Primary School in the Borough of Brent are on the hunt for a PPA Primary Teacher for an ASAP start. This is a full time role. What will you be doing as a PPA Primary Teacher?  Covering lessons in Year 2 and Year 3Following the current Primary curriculum, but adapting it to your own needsSome planni... ",41184089,Primary PPA Teacher,https://www.reed.co.uk/jobs/primary-ppa-teacher/41184089,Wembley,170.0,130.0
0,GBP,2020-08-10,575264,REED,,,08/11/2020, Music Secondary School Teacher We are looking for a qualified and enthusiastic Teacher of Music to join our team. This is an excellent opportunity for an imaginative and inspiring teacher to work in a supportive and energetic school where students are making significant and sustained progress.As a Teacher of Music you will work in an IT rich environment and be confident in using integrated technology in ... ,41153253,Qualified Music Teachers Wanted in Northamptonshire Schools!,https://www.reed.co.uk/jobs/qualified-music-teachers-wanted-in-northamptonshire-schools/41153253,Northamptonshire,41604.0,25714.0
1,GBP,2020-08-10,575264,REED,,,08/11/2020, Music Secondary School Teacher We are looking for a qualified and enthusiastic Teacher of Music to join our team. This is an excellent opportunity for an imaginative and inspiring teacher to work in a supportive and energetic school where students are making significant and sustained progress.As a Teacher of Music you will work in an IT rich environment and be confident in using integrated technology in ... ,41153249,Qualified Music Teachers Wanted in Northamptonshire Schools!,https://www.reed.co.uk/jobs/qualified-music-teachers-wanted-in-northamptonshire-schools/41153249,Northamptonshire,41604.0,25714.0
1,GBP,2020-09-15,419301,Future Education,,,27/10/2020, Ofsted rated 'Good’ Mainstream Secondary School located in Rainham is recruiting for a full-time maternity cover Media Studies Teacher / Teacher of Media Studies (MPS or UPS). This is to start in January 2021! Focused and dedicated Headteacher who has great vision and clear aspirations. Strong and supportive school and team. Teaching at this school is a minimum of a &quot;Good&quot; and all new teachers who join must be able to demons... ,40872839,Media Studies Teacher (MPS or UPS),https://www.reed.co.uk/jobs/media-studies-teacher-mps-or-ups/40872839,Rainham,175.0,140.0
5,GBP,2020-09-14,364714,Prospero Teaching,,,26/10/2020, Prospero Teaching are Seeking an Maths Teacher for a September 2020 start at a fantastic Liverpool School. The school are open to consider both Experienced Maths Teachers as well as Newly Qualified Maths Teachers.  Maths Teacher LiverpoolSeptember 2020 - July 2021Interviewing from 18th September 2020Exceptional and ongoing CPD to better your teaching skillsVery Centrally Located - easily... ,40869171,MATHS TEACHER - LIVERPOOL - SEPTEMBER START,https://www.reed.co.uk/jobs/maths-teacher-liverpool-september-start/40869171,Liverpool,170.0,120.0
5,GBP,2020-09-14,364714,Prospero Teaching,,,26/10/2020, Prospero Teaching are Seeking an English Teacher for a September 2020 start at a fantastic Liverpool School. The school are open to consider both Experienced English Teachers as well as Newly Qualified English Teachers.  English Teacher LiverpoolSeptember 2020 - July 2021Interviewing from 18th September 2020Exceptional and ongoing CPD to better your teaching skillsVery Centrally Located ... ,40869080,ENGLISH TEACHER - LIVERPOOL - SEPTEMBER START,https://www.reed.co.uk/jobs/english-teacher-liverpool-september-start/40869080,Liverpool,170.0,120.0
9,GBP,2020-03-09,364714,Prospero Teaching,,,15/10/2020," Level 3 Early Years Teaching Assistant | Salford, Greater Manchester | Immediate Start Job Reference: GHEYFSTASAL0309 Job Start Date: Immediate startPosition Type: Ongoing- Sector: Primary SchoolRole: Early Years Teaching AssistantQualification required: Level 3 Teaching Assistant Location: Salford, Greater Manchester About the job Prospero Teaching is looking for an Early Year... ",40821445,EYFS Level 3 Teaching Assistant,https://www.reed.co.uk/jobs/eyfs-level-3-teaching-assistant/40821445,Salford,70.0,64.0
1,GBP,2020-09-30,364714,Prospero Teaching,,,11/11/2020," Year 6 TEACHER | Manchester | OCTOBER 2020 to APRIL 2021 Job Reference: GHMANQTSY63009 Job Start Date: October 2020Position Type: Full time, long-term - Sector: Key Stage 2 Role: Experienced Teacher, who has worked in Year 6Subject: Year 6 Location: Manchester About the job Prospero Teaching is looking for an experienced Year 6 teacher to fill a teaching positi... ",40988431,Year 6 Teacher,https://www.reed.co.uk/jobs/year-6-teacher/40988431,Manchester,160.0,120.0
0,GBP,2020-10-15,427940,Tradewind Recruitment,,,26/11/2020,"Person Specification: *Do you have Special Needs Experience and want to become a SEMH Specialist? *Are you looking for a career in Teaching within an Outstanding working environment? *Do you have good access to Barking &amp; Dagenham, East London? *Are you adaptable, flexible and nurturing? ---The position is for a Full Time, Long Term SEMH Specialist. The school is based in Barking &amp; Dagenham, East London... ",41190505,SEMH Specialist,https://www.reed.co.uk/jobs/semh-specialist/41190505,Barking,90.0,70.0
1,GBP,2020-07-10,427940,Tradewind Recruitment,,,18/11/2020,"Tradewind are currently recruiting for a TA to support 2 young ladies in year 10 with SPLD. One the students has Dyslexia and the other struggles with ADHD. The school are seeking a TA that can work on a 1:1 basis with both students and build on their  confidence. Ideally a TA with a strong Literature and comprehension background who has also worked with pupils with SEN in a Secondary setting. The role is full time, Monday to Friday, 08:15-15:30... ",41143271,SEN TA,https://www.reed.co.uk/jobs/sen-ta/41143271,London,80.0,70.0
15,GBP,2020-02-10,427940,Tradewind Recruitment,,,13/11/2020,"Does a Special School environment get your passions interested? Does working with fantastic children on a 1-1 basis motivate you?I am very proud to be working with an OFSTED 'Good' rated school in Oldham, who are looking for a dedicated, SEN Teaching Assistant to start in October.The school is a Primary aged Special School with 110 children aged 3 to 11. They look after pupils with Autistic Spectrum Condition, Severe Lear... ",41050025,SEN Teaching Assistant,https://www.reed.co.uk/jobs/sen-teaching-assistant/41050025,Oldham,75.0,65.0
5,GBP,2020-05-10,400060,Education World Ltd,,,16/11/2020," South Yorkshire is home to this fantastic and innovative school that caters for young people aged 11-19 who have special needs. They are looking for specialist teaching assistants to become part of their school and make a difference to the lives of these  education thirsty young people.  The school caters for a wide range of needs including autism, profound and multiple needs, complex disabilities, speach and language and behavioural ... ",41131848,SEND Teaching Assistant,https://www.reed.co.uk/jobs/send-teaching-assistant/41131848,Sheffield,75.0,60.0
18,GBP,2020-01-10,427940,Tradewind Recruitment,,,12/11/2020,"Tradewind are currently recruiting for a TA to support a young man in year 8 with ADHD. Specifically he struggles with keeping on task within the mainstream class, so you will be required to work on a 1:1 basis to keep his attention.The boy has been known to try and leave the class and school so an active individual is required so ensure his safety. Experience with manual handling would be desirable. The role is full time, Monday to ... ",41005164,SEN Teaching Assistant,https://www.reed.co.uk/jobs/sen-teaching-assistant/41005164,London,80.0,70.0
2,GBP,2020-08-10,427940,Tradewind Recruitment,,,19/11/2020,"Does a Special School environment get your passions interested? Does working with fantastic children on a 1-1 basis motivate you?I am very proud to be working with an OFSTED 'Good' rated school in Rochdale, who are looking for a dedicated, SEN Teaching Assistant to start in October.The school is a Primary aged Special School with 110 children aged 3 to 11. They look after pupils with Autistic Spectrum Condition, Severe Le... ",41153835,SEN Teaching Assistant,https://www.reed.co.uk/jobs/sen-teaching-assistant/41153835,Rochdale,75.0,65.0
14,GBP,2020-08-10,364714,Prospero Teaching,,,19/11/2020," Graduate Teacher Training Programme - GRADUATE CONSIDERING TEACHING? Are you a recent graduate or due to graduate this upcoming summer? Are you a recent graduate with a determination to become a secondary Teacher? If you will be graduating this year (2020) and are passionate about helping children achieve their potential, our Prospero Teacher Training Programme is for you. A successful teacher ... ",41150193,Graduate Teacher Training Programme -  January 2021,https://www.reed.co.uk/jobs/graduate-teacher-training-programme-january-2021/41150193,Harrow,95.0,80.0
1,GBP,2020-07-10,364714,Prospero Teaching,,,18/11/2020," Behaviour mentor, KS2 | Manchester | OCTOBER START Job Reference: GHKS2TASAL0710 Job Start Date: October 2020Position Type: Ongoing cover to July 2021- Sector: Primary SchoolRole: Key Stage 2 Behaviour Mentor supporting an SEN child within mainstream schoolExperience required: 1:1 support with SEN, including autism Location: Salford About the job Prospero Teaching is looking fo... ",41147004,Behaviour Mentor,https://www.reed.co.uk/jobs/behaviour-mentor/41147004,Salford,80.0,72.0
2,GBP,2020-09-29,363367,Teaching Personnel,,,27/10/2020, Role: KS2 Teacher&nbsp; Location: Cardiff&nbsp; Employment Dates:&nbsp;5th October&nbsp;- TBC Pay: Minimum GBP127.72 - 150.00 per day Are you a Qualified Teacher looking for an opportunity to work with a Key Stage 2 class?&nbsp; Teaching Personnel are currently looking for&nbsp;a&nbsp;Teacher for a maternity cover in the Cardiff area. This ... ,40978111,KS2 Teacher,https://www.reed.co.uk/jobs/ks2-teacher/40978111,Cardiff,150.0,127.72
3,GBP,2020-09-28,364714,Prospero Teaching,,,09/11/2020," About the job Prospero Teaching are recruiting for a Teaching Assistant to work on a 1:1 basis with a child in KS1 in a vibrant primary school in Christchurch. The position is to support the child with managing their behaviour, and with social interaction, communication  and academic development. The position is to begin in September/October on a fixed-term basis subject to funding. The school has high expectations for the chil... ",40968531,1:1 Teaching Assistant - Christchurch,https://www.reed.co.uk/jobs/11-teaching-assistant-christchurch/40968531,Christchurch,85.0,65.0
13,GBP,2020-09-27,427940,Tradewind Recruitment,,,08/11/2020,"Does a Special School environment get your passions interested? Does working with fantastic children on a 1-1 basis motivate you?I am very proud to be working with an OFSTED 'Good' rated school in Rochdale, who are looking for a dedicated, SEN Teaching Assistant to start in September.The school is a Primary aged Special School with 110 children aged 3 to 11. They look after pupils with Autistic Spectrum Condition, Severe ... ",40966681,SEN Teaching Assistant,https://www.reed.co.uk/jobs/sen-teaching-assistant/40966681,Rochdale,75.0,65.0
36,GBP,2020-09-25,575264,REED,,,06/11/2020," Job Title: - Learning Mentors - Creative Industries (art &amp; design, media, music).Location: - Kingston Upon ThamesPay rate: - &#163;11.43 p/hHours:- VariableDuration: - Temporary ongoing Our REED Education FE branch are currently working with a great college on an exciting new role in the Kingston area. Starting in the new a... ",40965477,"Learning Mentors - Creative Industries (art & design, media, music).",https://www.reed.co.uk/jobs/learning-mentors-creative-industries-art-design-media-music/40965477,Kingston Upon Thames,11.43,11.43
2,,2020-09-24,427940,Tradewind Recruitment,,,22/10/2020,"PPA Teacher COVID-19 notice: We're continuing to recruit education staff throughout these unprecedented times, as we can still get you registered and cleared ready for when schools re-open. Instead of face-to-face meetings, all interviews will be via phone and we can guide  you through submitting your documents online.PPA Teacher - &quot;Good&quot; Ofsted - 2 form entry - Community School- Wandsworth, South West London - ... ",40954567,PPA Teacher,https://www.reed.co.uk/jobs/ppa-teacher/40954567,Wandsworth,,
3,GBP,2020-09-23,427940,Tradewind Recruitment,,,04/11/2020,Tradewind are recruiting! Are you an open-minded SEN Teaching Assistant in the Harringay area of East London?Tradewind are currently recruiting for a TA to support a young man in year 7 with epilepsy and low mobility. The pupil in question has a lovely nature about him and really requires a nurturing individual to support him socially and emotionally. This will be  a 1:1 role working within a mainstream setting. Ideally a TA with exp... ,40948187,SEN TA,https://www.reed.co.uk/jobs/sen-ta/40948187,London,85.0,75.0
31,GBP,2020-09-23,364714,Prospero Teaching,,,04/11/2020, Speech and Language Teaching Assistant / Speech and Language Graduate Prospero Teaching are working with a lovely and well established Secondary School in Edgware. The school are looking for a Speech and Language Teaching Assistant or Speech and Language Graduate to start asapPsychology/Speech and Language/Linguistics Graduate Required Centrally located in Edmonton Ideal experience for a future Speech and Langua... ,40946993,Speech and Language Teaching Assistant / Graduate - CAMDEN,https://www.reed.co.uk/jobs/speech-and-language-teaching-assistant-graduate-camden/40946993,London,120.0,85.0
33,GBP,2020-09-23,364714,Prospero Teaching,,,04/11/2020, ***NO PREVIOUS EXPERIENCE REQUIRED - JUST A PASSION FOR EDUCATION***** GRADUATE TEACHING ASSISTANT - INITIAL TEACHER TRAINING - Edmonton - ASAP Start ARE YOU A RECENT GRADUATE LOOKING TO BEGIN YOUR INITIAL TEACHER TRAINING WITHIN AN OUTSTANDING SCHOOL? Would you like to gain more experience in a forward thinking and very accomplished state of the art Secondary School? A Teaching School in Edmon... ,40946990,GRADUATE TEACHING ASSISTANT - INITIAL TEACHER TRAINING,https://www.reed.co.uk/jobs/graduate-teaching-assistant-initial-teacher-training/40946990,Enfield,100.0,80.0
2,GBP,2020-09-23,364714,Prospero Teaching,,,04/11/2020, Science Teacher/ NQT - Central London Grammar School - September 2020 START Prospero Teaching are Seeking a Science Teacher/ NQT to start immediatley at one of London's leading grammar schools! The school are open to consider both Experienced Science Teachers as well as Newly Qualified Science Teachers. Science Teacher CamdenINNER LONDON SALARY - MPS/UPS &#43;Possible TLR Leading High Performin... ,40946989,Science Teacher/ NQT  -  Grammar School - September 2020 START,https://www.reed.co.uk/jobs/science-teacher-nqt--grammar-school-september-2020-start/40946989,London,43580.0,27890.0
5,GBP,2020-09-21,427940,Tradewind Recruitment,,,02/11/2020,"Are you an English Teacher looking for a new role?Tradewind are recruiting for an English Teacher to work in a lovely school in Swindon. This role would be starting in November on-going until the end of the year on a full time basis. This teacher would be expected to plan, prep and mark to KS3 &amp; 4 mixed ability  groups.The ideal candidate will be a qualified English teacher who is passionate about their subject and is... ",40936402,English Teacher,https://www.reed.co.uk/jobs/english-teacher/40936402,Swindon,160.0,100.0
2,GBP,2020-09-21,427940,Tradewind Recruitment,,,02/11/2020,"Tradewind Manchester are recruiting! Do you have a passion for Special Education Needs (SEN)? Does a new challenge in a Special School in Manchester excite you?Tradewind Manchester is currently looking for an enthusiastic and passionate SEN/SEMH Science Teacher, to join an outstanding and successful school in Manchester, to start in September 2020. This is a full time, long-term role, with the potential of a permanent  contract, payi... ",40934636,SEN/SEMH Science Teacher,https://www.reed.co.uk/jobs/sen-semh-science-teacher/40934636,Oldham,115.0,110.0
9,GBP,2020-09-18,575264,REED,,,18/10/2020, Music&nbsp;Teacher Needed&nbsp;for September&nbsp;ASAP&nbsp; Reed&nbsp;Education&nbsp;are currently working&nbsp;with a great school&nbsp;on an exciting new role in the&nbsp;Waltham Forest (Leyton).&nbsp; We are looking for a Music teacher&nbsp;for Long- term&nbsp;position&nbsp;to get involved with the community of the school. The School: A “good” school dedicated to teaching student through life experience and... ,40905834,Music Teacher,https://www.reed.co.uk/jobs/music-teacher/40905834,Waltham Forest,180.0,130.0
7,GBP,2020-09-18,575264,REED,,,18/10/2020, Music&nbsp;Teacher Needed&nbsp;for September&nbsp;ASAP&nbsp; Reed&nbsp;Education&nbsp;are currently working&nbsp;with a great school&nbsp;on an exciting new role in the&nbsp;Waltham Forest (Leyton).&nbsp; We are looking for a Music teacher&nbsp;for Long- term&nbsp;position&nbsp;to get involved with the community of the school. The School: A “good” school dedicated to teaching student through life experience and... ,40905816,Music Teacher,https://www.reed.co.uk/jobs/music-teacher/40905816,Waltham Forest,180.0,130.0
3,GBP,2020-09-18,427940,Tradewind Recruitment,,,30/10/2020,"Does a Special School environment get your passions interested? Does working with fantastic children on a 1-1 basis motivate you?I am very proud to be working with an OFSTED 'Good' rated school in Rochdale, who are looking for a dedicated, SEN Teaching Assistant to start in September.The school is a Primary aged Special School with 110 children aged 3 to 11. They look after pupils with Autistic Spectrum Condition, Severe ... ",40901387,SEN Teaching Assistant,https://www.reed.co.uk/jobs/sen-teaching-assistant/40901387,Rochdale,75.0,65.0
6,GBP,2020-09-17,364714,Prospero Teaching,,,29/10/2020," A high-attaining, mixed foundation Ofsted 'outstanding' secondary school based in Haringey is seeking an Maths teacher to join team starting October 2020.  The ideal Maths teacher will be qualified, have a degree related to Maths and be a passionate educator who can teach Maths to a high standard. ABOUT THE SCHOOL AND MATHS TEACHING CONTRACT: Students receive a... ",40891731,"Maths teaching job, Haringey ASAP",https://www.reed.co.uk/jobs/maths-teaching-job-haringey-asap/40891731,London,36000.0,25000.0
5,GBP,2020-09-17,427940,Tradewind Recruitment,,,29/10/2020,"COVID-19 notice: We're continuing to recruit education staff throughout these unprecedented times, as we can still get you registered and cleared ready for when schools re-open. Instead of face-to-face meetings, all interviews will be via phone and we  can guide you through submitting your documents online.Are you an experienced SEN Teaching Assistant and with a passion for Drama? Or a Drama graduate with an interest in working with ... ",40890949,SEN Teaching Assistant,https://www.reed.co.uk/jobs/sen-teaching-assistant/40890949,London,80.0,70.0
3,GBP,2020-09-16,427940,Tradewind Recruitment,,,28/10/2020,"COVID-19 notice: We're continuing to recruit education staff throughout these unprecedented times, as we can still get you registered and cleared, ready for when schools re-open. Instead of face-to-face meetings, all initial interviews will be via telephone  and we can guide you through submitting your documents online.Tradewind are currently recruiting for a TA to support a young lady in year 8 with SPLD. Specifically she struggles ... ",40876981,SEN TA,https://www.reed.co.uk/jobs/sen-ta/40876981,London,80.0,70.0
6,GBP,2020-09-15,364714,Prospero Teaching,,,27/10/2020," Prospero Teaching are recruiting for a Teaching Assistant to work on a 1:1 basis with a child in KS2 in a vibrant primary school in Christchurch. The position is to support the child with managing their behaviour, and with social interaction, communication  and academic development. The position is to begin in October 2020 or sooner and will continue until the end of the academic year for the successful applicant. The school has high ... ",40870693,1:1 Teaching Assistant - Christchurch,https://www.reed.co.uk/jobs/11-teaching-assistant-christchurch/40870693,Christchurch,70.0,60.0
1,GBP,2020-09-14,427940,Tradewind Recruitment,,,26/10/2020,Tradewind are acting on behalf of a North Liverpool secondary school who are seeking a Teacher of Music to deliver the curriculum to Key Stage 3 and Key Stage 4. The role is temporary with an immediate start and will continue on an ongoing basis.You will benefit from a supportive and dedicated senior leadership team whose aim is for every student to thrive and flourish as well as ensuring teachers deliver consistently high quality le... ,40867109,Teacher of Music,https://www.reed.co.uk/jobs/teacher-of-music/40867109,Liverpool,185.0,95.0
5,GBP,2020-11-09,427940,Tradewind Recruitment,,,23/10/2020,"Does a Special School environment get your passions interested? Does working with fantastic children on a 1-1 basis motivate you?I am very proud to be working with an OFSTED 'Good' rated school in Stockport, who are looking for a dedicated, SEN Teaching Assistant to start in September.The school is a Primary aged Special School with 110 children aged 3 to 11. They look after pupils with Autistic Spectrum Condition, Severe... ",40855905,SEN Teaching Assistant,https://www.reed.co.uk/jobs/sen-teaching-assistant/40855905,Stockport,75.0,65.0
7,GBP,2020-11-09,427940,Tradewind Recruitment,,,23/10/2020,"Does a Special School environment get your passions interested? Does working with fantastic children on a 1-1 basis motivate you?I am very proud to be working with an OFSTED 'Good' rated school in Rochdale, who are looking for a dedicated, SEN Teaching Assistant to start in September.The school is a Primary aged Special School with 110 children aged 3 to 11. They look after pupils with Autistic Spectrum Condition, Severe ... ",40855407,SEN Teaching Assistant,https://www.reed.co.uk/jobs/sen-teaching-assistant/40855407,Rochdale,75.0,65.0
11,GBP,2020-10-09,432060,Academics ,,,22/10/2020," Teaching Assistants - Aspiring Teachers Graduate Teaching Assistant Guildford We may not be absolutely certain when schools will re-open, BUT one thing we are making sure of is that you are prepared, ahead of the curve, and ready for the day they do open. The Question: Would you like to gain experience in the classroom? Are you looking at a career in teaching? The Focus: Teaching assistants su... ",40849798,Teaching Assistants - Aspiring Teachers - Guildford,https://www.reed.co.uk/jobs/teaching-assistants-aspiring-teachers-guildford/40849798,Guildford,75.0,60.0
4,GBP,2020-09-09,434252,Randstad Education,,,21/10/2020, Do you have experience working with pupils with complex needs?Do you want to help support pupils in a Special Educational Needs (SEN) school?We are looking for a dedicated and experienced teaching assistant to work with pupils with complexneeds. All students have a statement of special educational needs for moderate to severe andprofound and multiple learning difficulties. Some students have additional com... ,40842566,SEN Teaching Assistant,https://www.reed.co.uk/jobs/sen-teaching-assistant/40842566,Manchester,80.0,65.0
3,GBP,2020-07-09,364714,Prospero Teaching,,,19/10/2020," About the job Prospero Teaching are recruiting for a Teaching Assistant to work on a 1:1 basis with a child in KS1 in a vibrant primary school on the outskirts of Andover. The position is to support the child with managing their behaviour, and with social interaction,  communication and academic development. The position is to begin in September on a fixed-term basis subject to funding. The school has high expectations for the ... ",40834509,1:1 - Teaching Assistant - Andover,https://www.reed.co.uk/jobs/11-teaching-assistant-andover/40834509,Andover,75.0,60.0
1,GBP,2020-10-15,473844,Harris Federation,,,26/11/2020," &nbsp;Harris Primary Academy Peckham Park is currently looking to appoint a&nbsp;Learning Support Assistant to join its team of specialists. Your opportunity As Learning Support Assistant, you will:&nbsp;  Liaise with appropriate external SEND or health professionals to ensure that advice on provision for individual SEND pupils is effectively implemented;Attend to the pupil's personal needs... ",41191859,Learning Support Assistant,https://www.reed.co.uk/jobs/learning-support-assistant/41191859,Peckham,22608.0,19421.0
2,GBP,2020-10-15,473844,Harris Federation,,,26/11/2020," We are looking for a creative and dynamic qualified&nbsp;teacher who will be able to contribute to the development of the little learners at Harris Primary Academy Peckham Park. Your opportunity At Harris Primary Academy Peckham Park, we are committed to delivering an enriched, engaging educational experience to all our little learners. If you share the same passion for inspiring young people, apply now.&nbsp;<... ",41190697,Class Teacher,https://www.reed.co.uk/jobs/class-teacher/41190697,Peckham,43792.0,34157.0
11,GBP,2020-02-10,473844,Harris Federation,,,13/11/2020," Harris Primary Academy Peckham Park is currently&nbsp;looking for an enthusiastic, motivated, qualified Key Stage 2 Teacher&nbsp;to join their school. Your opportunity At Harris Primary Academy Peckham Park, we are committed to delivering an enriched, engaging educational experience to all our little learners. If you share the same passion for inspiring young&nbsp;people, apply now.&nbsp; You will have r... ",41049451,Key Stage 2 Teacher,https://www.reed.co.uk/jobs/key-stage-2-teacher/41049451,Peckham,42673.0,32480.0
2,,2020-02-10,427940,Tradewind Recruitment,,,30/10/2020,"Are you a primary teacher with QTS seeking a role as a Year 3 teacher? Do you enjoy the challenge of helping children achieve their full potential?This community primary school near London Bridge caters for children aged 3-11. They arecurrently recruiting for a Year 3 teacher. The position is paying an equivalent annual salary of up to &#163;43,000.The school is a three-form entry primary school in the London ... ",41046664,Year 3 Teacher,https://www.reed.co.uk/jobs/year-3-teacher/41046664,London,,
0,,2020-06-10,427940,Tradewind Recruitment,,,17/11/2020,"Are you looking to demonstrate your creative flair in a KS2 setting? Do you want to join a team of fantastic educators and make a positive impact in a high performing school? Tradewind are recruiting!On behalf of our client school, Tradewind is looking to appoint an outstanding KS2 teach for a long-term position at a high achieving school in Romily, Stockport. The job will start in October 2020 and will run until July 2021 with the potenti... ",41139081,"KS2 Teacher - Romily, Stockport",https://www.reed.co.uk/jobs/ks2-teacher-romily-stockport/41139081,Stockport,,
1,GBP,2020-10-14,427940,Tradewind Recruitment,,,25/11/2020,"Person Specification: *Do you have Teaching Assistant Experience? *Are you looking for a career in Teaching within an Outstanding working environment? *Do you have good access to Waltham Forest, North East London? *Are you adaptable, flexible and nurturing? -If so, then you need look no further, as this may be the role that is the start of a wonderful career. -Tradewind are now working in Partnersh... ",41180578,Secondary School Mentor,https://www.reed.co.uk/jobs/secondary-school-mentor/41180578,London,90.0,70.0
1,GBP,2020-10-14,427940,Tradewind Recruitment,,,25/11/2020,"Person Specification: *Do you have Teaching Assistant Experience? *Are you looking for a career in Teaching within an Outstanding working environment? *Do you have good access to Barking and Dagenham, East London? *Are you adaptable, flexible and nurturing? -If so, then you need look no further, as this may be the role that is the start of a wonderful career. -Tradewind are now working in Partnersh... ",41180570,Behaviour Mentor,https://www.reed.co.uk/jobs/behaviour-mentor/41180570,Barking,90.0,70.0
1,,2020-09-10,427940,Tradewind Recruitment,,,20/11/2020,"The role will entail working 1-2-1 with a pupil with a diagnosis of ASD. The pupil does have an Educational Healthcare Plan in place. The pupil is verbal, high functioning with a love for Art and Music. The role will involve*Supporting a pupil in KS2 - managing behaviour and supporting the learning.*Work alongside the KS2 team to plan and prepare engaging, enjoyable sessions for small groups of learners.... ",41162009,SEN Teaching Assistant,https://www.reed.co.uk/jobs/sen-teaching-assistant/41162009,North West England,,
0,GBP,2020-01-10,363367,Teaching Personnel,,,29/10/2020, Role:&nbsp;NQT Foundation Phase Location:&nbsp;Cardiff&nbsp;(City Centre) Employment Dates:&nbsp;5th&nbsp;October&nbsp;– TBC Pay:&nbsp;GBP 127.72 Per Day: Teaching Personnel are committed to making contributions to National Insurance and Pensions. We are looking for a Newly Qualified Teacher to take on an exciting teaching position in a thriving F... ,41007510,NQT Foundation Phase,https://www.reed.co.uk/jobs/nqt-foundation-phase/41007510,Cardiff,150.89,127.72
3,GBP,2020-04-10,427940,Tradewind Recruitment,,,15/11/2020,"Tradewind are recruiting! Are you a creative and innovative Teacher of English, looking for a new opportunity in a large academy school in Tameside?Tradewind Recruitment is currently looking for an enthusiastic and passionate Teacher of English, to join a large secondary academy, to start ASAP. This is a full time, long term role, with the potential of a permanent contract, paying up to &#163;170 a day.We are recruiting o... ",41109180,English Teacher,https://www.reed.co.uk/jobs/english-teacher/41109180,Manchester,170.0,110.0
2,GBP,2020-08-10,364714,Prospero Teaching,,,19/11/2020," Maths teacher  Ofsted GOOD School - Camden November 2020 start, fast track to interview No filling out application forms! A popular school located in Camden, North West London is interested in securing an Maths teacher starting this November 2020. The ideal Maths teacher will be qualified, have a degree related to Maths teacher an... ",41150152,Maths Teacher - November 2020 - Interviewing NOW! Camden,https://www.reed.co.uk/jobs/maths-teacher-november-2020-interviewing-now-camden/41150152,London,250.0,160.0
4,GBP,2020-09-24,427940,Tradewind Recruitment,,,05/11/2020,Are you a graduate looking for an opportunity to gain experience and to develop a range of essential skills within a school which offers support throughout prior to applying for teacher training? This paid role could be the experience you have been looking  for! We offer an enthusiastic and driven team of teachers and support staff together support from our SLT at all times. Tradewind Recruitment are now working with a Secondary and Second... ,40958058,SEN Teaching Assistant,https://www.reed.co.uk/jobs/sen-teaching-assistant/40958058,London,90.0,70.0
5,GBP,2020-09-24,427940,Tradewind Recruitment,,,05/11/2020,"Role - Autism 1-1 Teaching AssistantStart Date: ASAP Hours - Full timeArea - Nottingham City CentreMy client is currently looking to recruit an Autism specialist to work 1-1 with a child who also needs support with personal care. The school is a much larger than average Primary school and they was rated 'good' in their most recent Ofsted review.The school is a happy, stimulating and caring place they exp... ",40956952,Autism Teaching Assistant 1-1,https://www.reed.co.uk/jobs/autism-teaching-assistant-1-1/40956952,Nottingham,70.0,63.51
3,GBP,2020-09-23,434252,Randstad Education,,,04/11/2020," Are you a qualified HLTA? Do you have experience leading a classroom as a HLTA and supporting as a TA? Have you worked with EYFS and primary pupils? Are you committed to the attainment of pupils from the age of reception? And are you looking for a new role  in an amazing school from October 2020? If so please see below! I am currently recruiting on behalf of a client located in fulwood, Preston. At the moment they are foreseeing requi... ",40950461,HLTA support to a preparatory School,https://www.reed.co.uk/jobs/hlta-support-to-a-preparatory-school/40950461,Preston,80.0,70.0
6,GBP,2020-09-22,427940,Tradewind Recruitment,,,03/11/2020,"This paid role could be the experience you have been looking for! We offer an enthusiastic and driven team of teachers and support staff together support from our SLT at all times. Tradewind Recruitment are now working with a Secondary and Primary special school for students with Moderate Learning Difficulties in Waltham Forest, North East London. The school is a large, split site, over-subscribed 5-18, mixed, multi-ethnic school who  are ... ",40942923,SEN Teaching Assistant,https://www.reed.co.uk/jobs/sen-teaching-assistant/40942923,London,90.0,70.0
15,GBP,2020-09-17,364714,Prospero Teaching,,,29/10/2020," Support Worker School: Secondary school  Key stages: Key Stage 4  Location: Kingsbury Start date: Immediate Start Prospero Teaching are actively seeking Support Workers for a Special Needs School based in Kingsbury, to support Key Stage 4 with moderate to severe learning disabilities and complex behaviours. The diver... ",40898416,"Support Worker, Kingsbury, Hendon, Immediate Start",https://www.reed.co.uk/jobs/support-worker-kingsbury-hendon-immediate-start/40898416,Barnet,13.0,9.0
3,GBP,2020-09-17,427940,Tradewind Recruitment,,,29/10/2020,Are you a Mentor looking for an opportunity to gain experience and to develop a range of essential skills within a school which offers support throughout prior to applying for teacher training? This paid role could be the experience you have been looking  for! We offer an enthusiastic and driven team of teachers and support staff together support from our SLT at all times. Tradewind Recruitment are now working with a Secondary and Primary ... ,40895615,Behaviour Mentor,https://www.reed.co.uk/jobs/behaviour-mentor/40895615,London,90.0,70.0
5,GBP,2020-09-15,427940,Tradewind Recruitment,,,27/10/2020,Tradewind Recruitment is working with a long established secondary school in Derby. Tradewind are working hard to recruit a full-time Music Teacher to join them on an ongoing basis.Pay is based on the Main Pay Scale.NQT's are welcome to apply with fantastic induction opportunities available. Unqualified Teachers with strong experience able to apply.Our staff thoroughly enjoy working at this Derby school and pr... ,40870293,Music Teacher,https://www.reed.co.uk/jobs/music-teacher/40870293,Nottingham,180.0,110.0
7,,2020-11-09,427940,Tradewind Recruitment,,,23/10/2020,The deputy headteacher and SENCo of this wonderful outstanding primary school in Ealing are looking to appoint a Teaching Assistant to help support in a year 3 class. You as a Teaching Assistant will be working with two pupils who have learning difficulties.  The pupils have difficulties in accessing the literacy curriculum therefore you must have sound knowledge in English and good UK curriculum overall. There is no behaviour attached to these ... ,40859604,Teaching Assistant,https://www.reed.co.uk/jobs/teaching-assistant/40859604,London,,
8,GBP,2020-11-09,427940,Tradewind Recruitment,,,23/10/2020,"Tradewind Manchester are recruiting! Do you have a passion for Special Education Needs (SEN)? Does a new challenge in a Special School in Manchester excite you?Tradewind Manchester is currently looking for an enthusiastic and passionate SEN Learning Support Assistant, to join an outstanding and successful school in Oldham, to start in September 2020. This is a full time, long-term role, with the potential of a permanent  contract, pa... ",40855686,SEN Learning Support Assistant,https://www.reed.co.uk/jobs/sen-learning-support-assistant/40855686,Oldham,75.0,65.0
18,GBP,2020-10-09,427940,Tradewind Recruitment,,,22/10/2020,Are you a graduate looking for an opportunity to gain experience and to develop a range of essential skills within a school which offers support throughout prior to applying for teacher training? This paid role could be the experience you have been looking  for! We offer an enthusiastic and driven team of teachers and support staff together support from our SLT at all times. Tradewind Recruitment are now working with a Secondary and Primar... ,40849200,SEN Teaching Assistant,https://www.reed.co.uk/jobs/sen-teaching-assistant/40849200,London,90.0,70.0
4,GBP,2020-08-09,427940,Tradewind Recruitment,,,20/10/2020,"This averaged sized secondary school are currently looking for an enthusiastic and devoted Teaching Assistant to join their excellent team. The position starts ASAP and pays a daily rate of between &#163;70 - &#163;80 per day, depending on your level of experience.The school is a continuously improving school, with improvements seen across all key areas such as teaching and learning, curriculum and examination results. This excellenc... ",40841564,Teaching Assistant,https://www.reed.co.uk/jobs/teaching-assistant/40841564,Buckingham,80.0,70.0
2,,2020-04-09,427940,Tradewind Recruitment,,,16/10/2020,"The school are looking for a candidate who will commit to the role for the full academic year on a full-time basis. Working hours for this role will be 8:30am - 4:00pm, Monday to Friday.The four-form entry primary school located in Brent have places for pupils aged 3-11 years of age. They have excellent on site facilities including large sports hall, music and IT suites. The school is surrounded by extensive playing grounds and... ",40826885,Learning Support Assistant,https://www.reed.co.uk/jobs/learning-support-assistant/40826885,North West England,,
12,GBP,2020-04-09,427940,Tradewind Recruitment,,,16/10/2020,This larger than average 3-form entry primary school are currently looking for a dedicated Teaching Assistant to join their team. The position starts ASAP and pays a daily rate of between &#163;75 - &#163;85 per day depending on your level of experience.The school has a rich history and has welcomed Hertfordshire students since it was originally founded in 1949. They are a happy and successful school that strives for excellence; ensu... ,40826162,Teaching Assistant,https://www.reed.co.uk/jobs/teaching-assistant/40826162,Stevenage,85.0,75.0
7,GBP,2020-04-09,418346,SANZA Teaching Agency,,,16/10/2020,Primary School Learning MentorSeptember 2020 - July 2021Daily Rate &#163;90 - &#163;102 Sanza Teaching Agency are working exclusively with a Special Educational Needs School in Hackney who are looking for an ambitious Learning Mentor to join their team from September. The successful candidate will have a proven track record of working with children  with SEN and disabilities along with a commitment to inclusion.This... ,40825908,Primary School Learning Mentor,https://www.reed.co.uk/jobs/primary-school-learning-mentor/40825908,London,102.0,90.0
3,GBP,2020-10-13,473844,Harris Federation,,,24/11/2020," We are looking for a Class Teacher to support individuals and groups of students to enable access to learning, contributing to the development and maintenance of a purposeful, nurturing learning environment. Your opportunity Inspire the little learners&nbsp;at Harris Primary Free School Peckham.&nbsp;This is a great opportunity to help children from a wide range of backgrounds gain the academic skills, social s... ",41177555,Class Teacher,https://www.reed.co.uk/jobs/class-teacher/41177555,London,43792.0,34157.0
1,GBP,2020-09-21,427940,Tradewind Recruitment,,,02/11/2020,Are you committed to raising standards with a drive for outstanding pupil attainment and progress? Tradewind are recruiting an outstanding Year 3 practitioner who will be responsible for a class of 30 children within a three-form entry school. This is a mixed ability class and experience with SEN will be hugely advantageous to the role. You will also be  joined by a full time 1:1 learning support assistant. The role will commence October 2... ,40933912,Year 3 Primary Teacher - Stockport,https://www.reed.co.uk/jobs/year-3-primary-teacher-stockport/40933912,Stockport,185.0,125.0
1,,2020-10-14,626228,Partnership Jobs,,,25/11/2020,"THE ROLEWe are seeking an enthusiastic and experienced piano teacher to join our thriving department from January 2021. The successful candidate will be initially teaching one-to-one lessons to pupils in the Junior School, from Year 3 to Year 6, although there may  be eventual scope to teach in the Senior School. There is currently approximately a full day of teaching available on an employed basis.In ord... ",41186271,Visiting Music Teacher - Piano,https://www.reed.co.uk/jobs/visiting-music-teacher-piano/41186271,Highgate,,
0,,2020-10-14,626228,Partnership Jobs,,,25/11/2020,"  Therapeutic Teaching Assistant&#163;70&#43; per dayFull time position, Monday to FridayTo Start ASAPOFSTED rated GoodLocation: Newham Do you have a background in therapy? Are passionate about working with vulnerable pupils with SEMH Needs?I'm currently recruiting for a confident and capable Therapeutic Teaching Assistant to join this developing school in Newham. A... ",41187111,Therapeutic Teaching Assistant,https://www.reed.co.uk/jobs/therapeutic-teaching-assistant/41187111,Newham,,
3,,2020-09-21,626228,Partnership Jobs,,,12/11/2020,"  Therapeutic Teaching Assistant&#163;70&#43; per dayFull time position, Monday to FridayTo Start ASAPOFSTED rated GoodLocation: Newham Do you have a background in therapy? Are passionate about working with vulnerable pupils with SEMH Needs?I'm currently recruiting for a confident and capable Therapeutic Teaching Assistant to join this developing school in Newham. A... ",40935139,Therapeutic Teaching Assistant,https://www.reed.co.uk/jobs/therapeutic-teaching-assistant/40935139,Newham,,
0,,2020-10-14,626228,Partnership Jobs,,,25/11/2020,"Are you a Head of Music, 2ic Music, or Teacher of Music seeking a position of responsibility? Would you like to lead the Music department in Mixed Comprehensive Secondary school on the Isle of Sheppey starting in January? We could have the perfect role  for you. Head of MusicIsle Of Sheppey - KentJanuary StartPermanent Role We are working with a fa... ",41187498,Head of Music,https://www.reed.co.uk/jobs/head-of-music/41187498,Sittingbourne,,
0,,2020-09-27,626228,Partnership Jobs,,,12/11/2020,"Are you a Head of Music, 2ic Music, or Teacher of Music seeking a position of responsibility? Would you like to lead the Music department in Mixed Comprehensive Secondary school on the Isle of Sheppey starting in January? We could have the perfect role  for you. Head of MusicIsle Of Sheppey - KentJanuary StartPermanent Role We are working with a fa... ",40967071,Head of Music,https://www.reed.co.uk/jobs/head-of-music/40967071,Sittingbourne,,
0,,2020-10-14,626228,Partnership Jobs,,,25/11/2020,"Primary Teacher &#43; Foundation TLR | Outstanding Primary School | Tower HamletsAn &quot;Outstanding&quot; Primary School in the Borough of Tower Hamlets are on the hunt for multiple Primary Teachers for a January 2021 start. This is a full-time post, with the contract being issued via the School.This fantastic Primary School is led by a brilliant Head Teacher who has grown the School from strength to st... ",41186189,Primary Teacher  Foundation TLR,https://www.reed.co.uk/jobs/primary-teacher-foundation-tlr/41186189,Tower Hamlets,,
0,,2020-10-14,626228,Partnership Jobs,,,25/11/2020,"PPA Primary Teacher | ASAP Start | Tower HamletsAn &quot;Outstanding&quot; Primary School in the Borough of Tower Hamlets are on the hunt for a PPA Primary Teacher for an ASAP start. This is a full time, and long term post (permanent contract guaranteed in September 2021)What will you be doing as a PPA Primary Teacher? Covering lessons across all year groups - ye... ",41187487,PPA Primary Teacher - £130 per day,https://www.reed.co.uk/jobs/ppa-primary-teacher-130-per-day/41187487,Tower Hamlets,,
0,,2020-10-14,626228,Partnership Jobs,,,25/11/2020,"Early Years / EYFS Teacher (NQT) | ASAP Start | NewhamA fantastic, creative Early Years / EYFS School in the Borough of Newham are on the hunt for an Early Years / EYFS Teacher (NQT) for an ASAP start. This is a permanent, and full-time post.The School is led by a phenomenal Head Teacher that puts her staff first and promotes CPD throughout. She takes pride in taking ALL Early Years / EYFS Teachers onboar... ",41187475,Early Years / EYFS Primary Teacher NQT,https://www.reed.co.uk/jobs/early-years-eyfs-primary-teacher-nqt/41187475,Newham,,
0,,2020-10-14,626228,Partnership Jobs,,,25/11/2020,"PPA Primary Teacher | ASAP Start | NewhamAn &quot;Outstanding&quot; Primary School in the Borough of Newham are on the hunt for a PPA Primary Teacher for an ASAP start. This is a full time, and permanent post-paid via the School.What will you be doing as a PPA Primary Teacher? Covering lessons across all year groups - year 2 being a main focusFollo... ",41186306,PPA Primary Teacher - £130 per day,https://www.reed.co.uk/jobs/ppa-primary-teacher-130-per-day/41186306,Newham,,
0,,2020-10-14,626228,Partnership Jobs,,,25/11/2020,"Nursery / Reception Teacher (NQT) | ASAP Start | NewhamA fantastic, creative Nursery / Reception School in the Borough of Newham are on the hunt for a Nursery / Reception Teacher (NQT) for an ASAP start. This is a permanent, and full-time post.The School is led by a phenomenal Head Teacher that puts her staff first and promotes CPD throughout. She takes pride in taking ALL Nursery / Reception Teachers onb... ",41186173,Nursery / Reception Teacher NQT,https://www.reed.co.uk/jobs/nursery-reception-teacher-nqt/41186173,Newham,,
0,,2020-10-14,626228,Partnership Jobs,,,25/11/2020,"Primary Teacher (NQT) | ASAP Start | NewhamA fantastic, creative Primary School in the Borough of Newham are on the hunt for a Primary Teacher (NQT) for an ASAP start. This is a permanent, and full-time post.The School is led by a phenomenal Head Teacher that puts her staff first and promotes CPD throughout. She takes pride in taking ALL Primary Teachers onboard and the school are on their way to achievin... ",41185821,Primary Teacher NQT,https://www.reed.co.uk/jobs/primary-teacher-nqt/41185821,Newham,,
1,,2020-09-29,626228,Partnership Jobs,,,10/11/2020,"Nursery / Reception Teacher (NQT) | ASAP Start | NewhamA fantastic, creative Nursery / Reception School in the Borough of Newham are on the hunt for a Nursery / Reception Teacher (NQT) for an ASAP start. This is a permanent, and full-time post.The School is led by a phenomenal Head Teacher that puts her staff first and promotes CPD throughout. She takes pride in taking ALL Nursery / Reception Teachers onb... ",40979260,Nursery / Reception Teacher NQT,https://www.reed.co.uk/jobs/nursery-reception-teacher-nqt/40979260,Newham,,
0,,2020-09-29,626228,Partnership Jobs,,,10/11/2020,"Early Years / EYFS Teacher (NQT) | ASAP Start | NewhamA fantastic, creative Early Years / EYFS School in the Borough of Newham are on the hunt for an Early Years / EYFS Teacher (NQT) for an ASAP start. This is a permanent, and full-time post.The School is led by a phenomenal Head Teacher that puts her staff first and promotes CPD throughout. She takes pride in taking ALL Early Years / EYFS Teachers onboar... ",40979158,Early Years / EYFS Primary Teacher NQT,https://www.reed.co.uk/jobs/early-years-eyfs-primary-teacher-nqt/40979158,Newham,,
1,,2020-09-29,626228,Partnership Jobs,,,10/11/2020,"Primary Teacher (NQT) | ASAP Start | NewhamA fantastic, creative Primary School in the Borough of Newham are on the hunt for a Primary Teacher (NQT) for an ASAP start. This is a permanent, and full-time post.The School is led by a phenomenal Head Teacher that puts her staff first and promotes CPD throughout. She takes pride in taking ALL Primary Teachers onboard and the school are on their way to achievin... ",40979066,Primary Teacher NQT,https://www.reed.co.uk/jobs/primary-teacher-nqt/40979066,Newham,,
0,,2020-10-14,626228,Partnership Jobs,,,25/11/2020,"Harris Primary Academy Peckham Park is currently looking for an enthusiastic, motivated, qualified Key Stage 2 Teacher to join their school.Your opportunityAt Harris Primary Academy Peckham Park, we are committed to delivering an enriched, engaging educational experience to all our little learners. If you share the same passion for inspiring young people, apply now. You will have responsibilit... ",41185606,Key Stage 2 Teacher,https://www.reed.co.uk/jobs/key-stage-2-teacher/41185606,Peckham,,
4,,2020-09-21,626228,Partnership Jobs,,,12/11/2020,"Pay: MPSStart Date: January 2021Creativity is at the heart of all we do at St Peter's and there is the rare opportunity for an inspiring Art Teacher (0.4FTE, all day Wednesday and Thursday each week) to join our team from January. You must know that you are already a great art teacher who  wants to develop into a truly inspirational one in the next phase of your development.You will work alongside our Arts tea... ",40935153,Art Teacher - Part-time,https://www.reed.co.uk/jobs/art-teacher-part-time/40935153,Broadstairs,,
