applications,currency,date,employerId,employerName,employerProfileId,employerProfileName,expirationDate,jobDescription,jobId,jobTitle,jobUrl,locationName,maximumSalary,minimumSalary
25,GBP,2020-06-10,524744,Hays Specialist Recruitment Limited,,,27/10/2020," Accounting Assistant Manager (fixed term contract) - Music, Media &amp; Entertainment clients - LondonYour new companyA music, media and entertainment specialist accountancy firm based in London are seeking an accounting assistant manager to join the firm on a fixed term contract. The accountancy provides a number of accounting, tax advice and business management services  to clients within, music, publishi... ",41141355,Accounting Assistant Manager Fixed Term Contract,https://www.reed.co.uk/jobs/accounting-assistant-manager-fixed-term-contract/41141355,London,35000,30000
159,GBP,2020-09-10,524744,Hays Specialist Recruitment Limited,,,06/11/2020," Finance Assistant - Central London Accountancy Firm - Competitive Salary &#43; Study SupportYour new companyA music, media and entertainment specialist accountancy firm based in London are seeking a finance assistant to join the firm. The accountancy provides a number of accounting, tax advice and business management services to clients within, music, publishing,  sports and entertainment in the UK and over... ",41161294,Finance Assistant,https://www.reed.co.uk/jobs/finance-assistant/41161294,London,23000,20000
38,GBP,2020-09-10,524744,Hays Specialist Recruitment Limited,,,06/11/2020," Accounting Assistant Manager - Media &amp; Entertainment clients - LondonYour new companyA music, media and entertainment specialist accountancy firm based in London are seeking an accounting assistant manager to join the firm on a fixed term contract. The accountancy provides a number of accounting, tax advice and business management services  to clients within, music, publishing, sports and entertainment ... ",41160939,Accounting Assistant Manager,https://www.reed.co.uk/jobs/accounting-assistant-manager/41160939,London,45000,40000
53,GBP,2020-09-29,544143,Harmonic Group Ltd,,,10/11/2020," Royalty Accountant | High-Growth TV &amp; Film Business | London Harmonic are excited to be recruiting for a Royalty Accountant on behalf of a highly acquisitive &amp; entrepreneurial media business based in London. The Company: The business is led by a talented CEO who is keen to grow and expand the business, which currently has a turnover of around &#163;200 million and a team of 80. A... ",40980560,Royalty Accountant  High-Growth TV & Film Business,https://www.reed.co.uk/jobs/royalty-accountant-high-growth-tv-film-business/40980560,London,45000,40000
14,GBP,2020-03-09,311822,RecruitmentRevolution.com,,,15/10/2020," Our vision is to provide better critical messaging solutions. Our devices and apps enable doctors, nurses, fire crews, lifeboat volunteers, carers and colleagues to save lives and provide effective security. As a Junior Technical Author you will be responsible for writing specialist information about our products and services, and how they work. You will need to explain how things are used in a way that is easy to underst... ",40822071,Junior Technical Author - Critical Messaging Solutions,https://www.reed.co.uk/jobs/junior-technical-author-critical-messaging-solutions/40822071,Basingstoke,25000,25000
