[
    {
        "jobId": 41141355,
        "employerId": 524744,
        "employerName": "Hays Specialist Recruitment Limited",
        "employerProfileId": null,
        "employerProfileName": null,
        "jobTitle": "Accounting Assistant Manager Fixed Term Contract",
        "locationName": "London",
        "minimumSalary": 30000.0,
        "maximumSalary": 35000.0,
        "currency": "GBP",
        "expirationDate": "27/10/2020",
        "date": "06/10/2020",
        "jobDescription": " Accounting Assistant Manager (fixed term contract) - Music, Media &amp; Entertainment clients - LondonYour new companyA music, media and entertainment specialist accountancy firm based in London are seeking an accounting assistant manager to join the firm on a fixed term contract. The accountancy provides a number of accounting, tax advice and business management services  to clients within, music, publishi... ",
        "applications": 25,
        "jobUrl": "https://www.reed.co.uk/jobs/accounting-assistant-manager-fixed-term-contract/41141355"
    },
    {
        "jobId": 41161294,
        "employerId": 524744,
        "employerName": "Hays Specialist Recruitment Limited",
        "employerProfileId": null,
        "employerProfileName": null,
        "jobTitle": "Finance Assistant",
        "locationName": "London",
        "minimumSalary": 20000.0,
        "maximumSalary": 23000.0,
        "currency": "GBP",
        "expirationDate": "06/11/2020",
        "date": "09/10/2020",
        "jobDescription": " Finance Assistant - Central London Accountancy Firm - Competitive Salary &#43; Study SupportYour new companyA music, media and entertainment specialist accountancy firm based in London are seeking a finance assistant to join the firm. The accountancy provides a number of accounting, tax advice and business management services to clients within, music, publishing,  sports and entertainment in the UK and over... ",
        "applications": 159,
        "jobUrl": "https://www.reed.co.uk/jobs/finance-assistant/41161294"
    },
    {
        "jobId": 41160939,
        "employerId": 524744,
        "employerName": "Hays Specialist Recruitment Limited",
        "employerProfileId": null,
        "employerProfileName": null,
        "jobTitle": "Accounting Assistant Manager",
        "locationName": "London",
        "minimumSalary": 40000.0,
        "maximumSalary": 45000.0,
        "currency": "GBP",
        "expirationDate": "06/11/2020",
        "date": "09/10/2020",
        "jobDescription": " Accounting Assistant Manager - Media &amp; Entertainment clients - LondonYour new companyA music, media and entertainment specialist accountancy firm based in London are seeking an accounting assistant manager to join the firm on a fixed term contract. The accountancy provides a number of accounting, tax advice and business management services  to clients within, music, publishing, sports and entertainment ... ",
        "applications": 38,
        "jobUrl": "https://www.reed.co.uk/jobs/accounting-assistant-manager/41160939"
    },
    {
        "jobId": 40980560,
        "employerId": 544143,
        "employerName": "Harmonic Group Ltd",
        "employerProfileId": null,
        "employerProfileName": null,
        "jobTitle": "Royalty Accountant  High-Growth TV & Film Business",
        "locationName": "London",
        "minimumSalary": 40000.0,
        "maximumSalary": 45000.0,
        "currency": "GBP",
        "expirationDate": "10/11/2020",
        "date": "29/09/2020",
        "jobDescription": " Royalty Accountant | High-Growth TV &amp; Film Business | London Harmonic are excited to be recruiting for a Royalty Accountant on behalf of a highly acquisitive &amp; entrepreneurial media business based in London. The Company: The business is led by a talented CEO who is keen to grow and expand the business, which currently has a turnover of around &#163;200 million and a team of 80. A... ",
        "applications": 53,
        "jobUrl": "https://www.reed.co.uk/jobs/royalty-accountant-high-growth-tv-film-business/40980560"
    },
    {
        "jobId": 40822071,
        "employerId": 311822,
        "employerName": "RecruitmentRevolution.com",
        "employerProfileId": null,
        "employerProfileName": null,
        "jobTitle": "Junior Technical Author - Critical Messaging Solutions",
        "locationName": "Basingstoke",
        "minimumSalary": 25000.0,
        "maximumSalary": 25000.0,
        "currency": "GBP",
        "expirationDate": "15/10/2020",
        "date": "03/09/2020",
        "jobDescription": " Our vision is to provide better critical messaging solutions. Our devices and apps enable doctors, nurses, fire crews, lifeboat volunteers, carers and colleagues to save lives and provide effective security. As a Junior Technical Author you will be responsible for writing specialist information about our products and services, and how they work. You will need to explain how things are used in a way that is easy to underst... ",
        "applications": 14,
        "jobUrl": "https://www.reed.co.uk/jobs/junior-technical-author-critical-messaging-solutions/40822071"
    }
]