[
    {
        "jobId": 40980560,
        "employerId": 544143,
        "employerName": "Harmonic Group Ltd",
        "employerProfileId": null,
        "employerProfileName": null,
        "jobTitle": "Royalty Accountant  High-Growth TV & Film Business",
        "locationName": "London",
        "minimumSalary": 40000.0,
        "maximumSalary": 45000.0,
        "currency": "GBP",
        "expirationDate": "10/11/2020",
        "date": "29/09/2020",
        "jobDescription": " Royalty Accountant | High-Growth TV &amp; Film Business | London Harmonic are excited to be recruiting for a Royalty Accountant on behalf of a highly acquisitive &amp; entrepreneurial media business based in London. The Company: The business is led by a talented CEO who is keen to grow and expand the business, which currently has a turnover of around &#163;200 million and a team of 80. A... ",
        "applications": 53,
        "jobUrl": "https://www.reed.co.uk/jobs/royalty-accountant-high-growth-tv-film-business/40980560"
    },
    {
        "jobId": 40878177,
        "employerId": 446933,
        "employerName": "Clear Edge Search & Selection Ltd.",
        "employerProfileId": null,
        "employerProfileName": null,
        "jobTitle": "Business Development Manager - Craft Beer",
        "locationName": "London",
        "minimumSalary": 28000.0,
        "maximumSalary": 35000.0,
        "currency": "GBP",
        "expirationDate": "28/10/2020",
        "date": "16/09/2020",
        "jobDescription": " Business Development Manager - Craft Beer National &#163;28,000 - &#163;35,000 &#43; Bonus &#43; Travel  This is a fantastic opportunity for someone to join one of the original leaders of the craft beer revolution. The business has an incredible range of Session Ales, Porters, Ambers and Sours and have won countless awards in the field. They have done some  amazing colla... ",
        "applications": 43,
        "jobUrl": "https://www.reed.co.uk/jobs/business-development-manager-craft-beer/40878177"
    },
    {
        "jobId": 41188406,
        "employerId": 524744,
        "employerName": "Hays Specialist Recruitment Limited",
        "employerProfileId": null,
        "employerProfileName": null,
        "jobTitle": "Financial Accountant Digital",
        "locationName": "London",
        "minimumSalary": 45000.0,
        "maximumSalary": 48000.0,
        "currency": "GBP",
        "expirationDate": "25/11/2020",
        "date": "14/10/2020",
        "jobDescription": " Financial Accountant based in the City of London for an innovative property &amp; advertising businessYour new companyA world-wide innovative digital agency based in London is recruiting a practice trained qualified ACA / ACCA to join the team as a Financial Accountant. You will be working for a reputable property business that are looking to significantly grow and diversify  their business model, including growing a media ... ",
        "applications": 12,
        "jobUrl": "https://www.reed.co.uk/jobs/financial-accountant-digital/41188406"
    },
    {
        "jobId": 41140073,
        "employerId": 507210,
        "employerName": "First Achieve Ltd",
        "employerProfileId": null,
        "employerProfileName": null,
        "jobTitle": "Digital Sales Manager",
        "locationName": "Manchester",
        "minimumSalary": 28000.0,
        "maximumSalary": 30000.0,
        "currency": "GBP",
        "expirationDate": "17/11/2020",
        "date": "06/10/2020",
        "jobDescription": " With a winning formula for success, not only in their marketing field, but in how they develop their staff. Working for this company, you will be encouraged to grow, celebrated for your achievements, and get rewarded for the company's victories. As a Digital Sales Manager, you will be responsible for prospecting, developing, and converting new business opportunities. Being self-motivated you will be understanding what the client needs... ",
        "applications": 9,
        "jobUrl": "https://www.reed.co.uk/jobs/digital-sales-manager/41140073"
    },
    {
        "jobId": 41046518,
        "employerId": 434985,
        "employerName": "Jewson",
        "employerProfileId": null,
        "employerProfileName": null,
        "jobTitle": "Timber Business Development Manager",
        "locationName": "Plymouth",
        "minimumSalary": null,
        "maximumSalary": null,
        "currency": null,
        "expirationDate": "30/10/2020",
        "date": "02/10/2020",
        "jobDescription": " Are you an expert in timber and want to contribute to the growth of the Jewson brand? We're looking for a Timber Business Development Manager to work in partnership across our Plymouth Business Unit, delivering profitable sales and margin growth for timber,  panel and related products to both new and existing customers. You will ensure that the timber and related product offer in the Business Unit is market leading locally and leads to marke... ",
        "applications": 4,
        "jobUrl": "https://www.reed.co.uk/jobs/timber-business-development-manager/41046518"
    },
    {
        "jobId": 41044591,
        "employerId": 434992,
        "employerName": "Gibbs and Dandy",
        "employerProfileId": null,
        "employerProfileName": null,
        "jobTitle": "Business Development Executive",
        "locationName": "Woking",
        "minimumSalary": null,
        "maximumSalary": null,
        "currency": null,
        "expirationDate": "30/10/2020",
        "date": "02/10/2020",
        "jobDescription": " Gibbs &amp; Dandy - Business Development Executive Based: Woking Salary: &#163;28,000 - 34,000 depending on experience Gibbs &amp; Dandy - National Merchant of the Year 2018 &amp; 2019 / &quot;One to Watch&quot; Times Top 100 Best Companies to Work for 2019 As a Business Development Executive, you'll be the face (and voice) of the busines... ",
        "applications": 38,
        "jobUrl": "https://www.reed.co.uk/jobs/business-development-executive/41044591"
    },
    {
        "jobId": 40893842,
        "employerId": 628205,
        "employerName": "Automile",
        "employerProfileId": null,
        "employerProfileName": null,
        "jobTitle": "New Business Development Manager",
        "locationName": "Stockholm",
        "minimumSalary": 35000.0,
        "maximumSalary": 60000.0,
        "currency": "GBP",
        "expirationDate": "29/10/2020",
        "date": "17/09/2020",
        "jobDescription": " New Business Development Manager, Stockholm, Sweden Automile is a SaaS company in hyper-growth disrupting a $30 Billion telematics market and beyond. With a perfect blend of big data, technology, and a positive start-up mentality Automile is transforming the lives of our customers by making them more productive  whilst saving them thousands of pounds. With tens of thousands of customers, across all industries a... ",
        "applications": 11,
        "jobUrl": "https://www.reed.co.uk/jobs/new-business-development-manager/40893842"
    },
    {
        "jobId": 41133489,
        "employerId": 544143,
        "employerName": "Harmonic Group Ltd",
        "employerProfileId": null,
        "employerProfileName": null,
        "jobTitle": "M&A Analyst  Global TV & Film Business  London",
        "locationName": "London",
        "minimumSalary": 50000.0,
        "maximumSalary": 60000.0,
        "currency": "GBP",
        "expirationDate": "16/11/2020",
        "date": "05/10/2020",
        "jobDescription": " M&amp;A Analyst | Global TV &amp; Film Business | London Harmonic are proud to be recruiting on behalf of a world-renowned Media &amp; Entertainment business. They are looking for an M&amp;A Analyst to join their dynamic M&amp;A department. The Company The business is a global player in the TV &amp; Film industry; they are responsible for producing and creating some of the most popular s... ",
        "applications": 29,
        "jobUrl": "https://www.reed.co.uk/jobs/m-a-analyst-global-tv-film-business-london/41133489"
    },
    {
        "jobId": 41177623,
        "employerId": 347335,
        "employerName": "Sauce Recruitment Ltd",
        "employerProfileId": null,
        "employerProfileName": null,
        "jobTitle": "Junior Data Analyst",
        "locationName": "London",
        "minimumSalary": 24000.0,
        "maximumSalary": 28000.0,
        "currency": "GBP",
        "expirationDate": "12/11/2020",
        "date": "13/10/2020",
        "jobDescription": "Due to continued growth a thriving Digital Music company is looking to expand their data analytics team and is looking for a Junior Analyst to join their team.The company works with a huge number of independent record labels, distributors and artist services on a global scale and as they continue to expand in to new territories and work with more digital services their exceptional growth and reputation continues.The Junior Data... ",
        "applications": 59,
        "jobUrl": "https://www.reed.co.uk/jobs/junior-data-analyst/41177623"
    },
    {
        "jobId": 41174366,
        "employerId": 443615,
        "employerName": "TempTribe",
        "employerProfileId": null,
        "employerProfileName": null,
        "jobTitle": "Business Development Director",
        "locationName": "London",
        "minimumSalary": null,
        "maximumSalary": null,
        "currency": null,
        "expirationDate": "24/11/2020",
        "date": "13/10/2020",
        "jobDescription": " At TempTribe we’re changing the way you work. Tech-enabled mobile workforces of happy and helpful people.   LET US INTRODUCE OURSELVES… We’re TempTribe. We established our business in London 13 years ago to shake up the hospitality staffing sector; and we did… We believe in building great technology products that help us to provide our clients with outstanding service. We do this by doing lots of ... ",
        "applications": 16,
        "jobUrl": "https://www.reed.co.uk/jobs/business-development-director/41174366"
    },
    {
        "jobId": 41166092,
        "employerId": 1607,
        "employerName": "Ruella James",
        "employerProfileId": null,
        "employerProfileName": null,
        "jobTitle": "Business Development - Business Development",
        "locationName": "London",
        "minimumSalary": 60000.0,
        "maximumSalary": 100000.0,
        "currency": "GBP",
        "expirationDate": "23/11/2020",
        "date": "12/10/2020",
        "jobDescription": " Business Development / Interim Team Leader - Digital Tech Recruitment Consultancy Basic c. &#163;60-65k&#43;&#43;&#43; OTE &#163;100k &#43; Benefits include an early Friday finish, birthday bed day and quarterly lunches and annual trips for consultants who hit their target. Based London - City Friendly, collaborative and relaxed culture - music is played in the office! Non conveyor b... ",
        "applications": 26,
        "jobUrl": "https://www.reed.co.uk/jobs/business-development-business-development/41166092"
    },
    {
        "jobId": 40975499,
        "employerId": 1607,
        "employerName": "Ruella James",
        "employerProfileId": null,
        "employerProfileName": null,
        "jobTitle": "Business Development - Business Development",
        "locationName": "London",
        "minimumSalary": 60000.0,
        "maximumSalary": 100000.0,
        "currency": "GBP",
        "expirationDate": "10/11/2020",
        "date": "29/09/2020",
        "jobDescription": " Business Development / Interim Team Leader - Digital Tech Recruitment Consultancy Basic c. &#163;60-65k&#43;&#43;&#43; OTE &#163;100k &#43; Benefits include an early Friday finish, birthday bed day and quarterly lunches and annual trips for consultants who hit their target. Based London - City Friendly, collaborative and relaxed culture - music is played in the office! Non conveyor b... ",
        "applications": 60,
        "jobUrl": "https://www.reed.co.uk/jobs/business-development-business-development/40975499"
    },
    {
        "jobId": 40817286,
        "employerId": 1607,
        "employerName": "Ruella James",
        "employerProfileId": null,
        "employerProfileName": null,
        "jobTitle": "Business Development - Business Development",
        "locationName": "London",
        "minimumSalary": 60000.0,
        "maximumSalary": 100000.0,
        "currency": "GBP",
        "expirationDate": "15/10/2020",
        "date": "03/09/2020",
        "jobDescription": " Business Development / Interim Team Leader - Digital Tech Recruitment Consultancy Basic c. &#163;60-65k&#43;&#43;&#43; OTE &#163;100k &#43; Benefits include an early Friday finish, birthday bed day and quarterly lunches and annual trips for consultants who hit their target. Based London - City Friendly, collaborative and relaxed culture - music is played in the office! Non conveyor b... ",
        "applications": 70,
        "jobUrl": "https://www.reed.co.uk/jobs/business-development-business-development/40817286"
    },
    {
        "jobId": 40822127,
        "employerId": 499687,
        "employerName": "Kantar Group Limited",
        "employerProfileId": null,
        "employerProfileName": null,
        "jobTitle": "Kantar Client Manager",
        "locationName": "London",
        "minimumSalary": null,
        "maximumSalary": null,
        "currency": null,
        "expirationDate": "15/10/2020",
        "date": "03/09/2020",
        "jobDescription": " Client Manager  KANTAR Worldpanel Westgate London Introduction Kantar has recently launched a new service, Entertainment on Demand. This Client Manager role provides an enviable opportunity to join at the start of this growth journey and help shape and contribute to success in a fast-paced, exciting growth industry.  As a Client Manager in a newly form... ",
        "applications": 53,
        "jobUrl": "https://www.reed.co.uk/jobs/kantar-client-manager/40822127"
    },
    {
        "jobId": 41017226,
        "employerId": 446405,
        "employerName": "Talentspa",
        "employerProfileId": null,
        "employerProfileName": null,
        "jobTitle": "Business Development Executive",
        "locationName": "London",
        "minimumSalary": 21000.0,
        "maximumSalary": 25000.0,
        "currency": "GBP",
        "expirationDate": "12/11/2020",
        "date": "01/10/2020",
        "jobDescription": " Business Development Executive Hours: Full-Time Joining: As soon as possible Location: 118A London Wall, Moorgate, London, EC2Y 5JA (currently working remotely). Some travel may be required. Benefits: &#163;21k-25k base &#43; commission (OTE 38k-40k), equity in the company, rapid career progression About the Company... ",
        "applications": 25,
        "jobUrl": "https://www.reed.co.uk/jobs/business-development-executive/41017226"
    },
    {
        "jobId": 41017194,
        "employerId": 446405,
        "employerName": "Talentspa",
        "employerProfileId": null,
        "employerProfileName": null,
        "jobTitle": "Business Development Manager",
        "locationName": "London",
        "minimumSalary": 25000.0,
        "maximumSalary": 27000.0,
        "currency": "GBP",
        "expirationDate": "12/11/2020",
        "date": "01/10/2020",
        "jobDescription": " Business Development Manager Hours: Full-Time Joining: As soon as possible Location: 118A London Wall, Moorgate, London, EC2Y 5JA (currently working remotely). Some travel may be required. Benefits: &#163;25k-27k base &#43; commission (OTE 40k-50k), equity in Reducer, rapid career progression About the Company:</str... ",
        "applications": 10,
        "jobUrl": "https://www.reed.co.uk/jobs/business-development-manager/41017194"
    },
    {
        "jobId": 41141520,
        "employerId": 404788,
        "employerName": "SW6 Associates Ltd",
        "employerProfileId": null,
        "employerProfileName": null,
        "jobTitle": "Graduates Wanted ",
        "locationName": "Bristol",
        "minimumSalary": 18000.0,
        "maximumSalary": 35000.0,
        "currency": "GBP",
        "expirationDate": "17/11/2020",
        "date": "06/10/2020",
        "jobDescription": " GRADUATES WANTED - Trainee Recruitment Consultant - Bristol On behalf of my client, a leading Technology business in Bristol, I am on the hunt for superstar graduates to join their team. The role: - The role of a Trainee Recruitment Consultant involves liaising with candidates and clients on a daily basis - Building strong, professional relationships with candidates and clients al... ",
        "applications": 6,
        "jobUrl": "https://www.reed.co.uk/jobs/graduates-wanted/41141520"
    },
    {
        "jobId": 40825738,
        "employerId": 116473,
        "employerName": "The Music Market / Arts and Media Ltd",
        "employerProfileId": null,
        "employerProfileName": null,
        "jobTitle": "Financial Consultant",
        "locationName": "London",
        "minimumSalary": null,
        "maximumSalary": null,
        "currency": null,
        "expirationDate": "16/10/2020",
        "date": "04/09/2020",
        "jobDescription": " Our client, an international music promotions company is seeking a Financial/Business Consultant to provide senior support to the wider financial team initially for 1 day a week.Key responsibilities will include:  Conducting in-depth reviews of financial circumstances, current provision and future aims.Analysing data to inform tailored financial planning for the company.Completing risk analysis.... ",
        "applications": 8,
        "jobUrl": "https://www.reed.co.uk/jobs/financial-consultant/40825738"
    },
    {
        "jobId": 41181552,
        "employerId": 116473,
        "employerName": "The Music Market / Arts and Media Ltd",
        "employerProfileId": null,
        "employerProfileName": null,
        "jobTitle": "Learning & Development Business Partner ",
        "locationName": "London",
        "minimumSalary": null,
        "maximumSalary": null,
        "currency": null,
        "expirationDate": "25/11/2020",
        "date": "14/10/2020",
        "jobDescription": " Our client, a global music company is seeking an experienced Learning &amp; Development Business Partner for a twelve-month maternity cover. Key responsibilities will include:  Collaborating with L&amp;D team to co-create and deliver strategies as well as companywide projects.Taking responsibility for assigned business areas and undertaking training needs analysis.Authoring career development programmes a... ",
        "applications": 10,
        "jobUrl": "https://www.reed.co.uk/jobs/learning-development-business-partner/41181552"
    },
    {
        "jobId": 41179419,
        "employerId": 544143,
        "employerName": "Harmonic Group Ltd",
        "employerProfileId": null,
        "employerProfileName": null,
        "jobTitle": "Reporting Accountant  Music Industry  London",
        "locationName": "London",
        "minimumSalary": 45000.0,
        "maximumSalary": 55000.0,
        "currency": "GBP",
        "expirationDate": "24/11/2020",
        "date": "13/10/2020",
        "jobDescription": " Reporting Accountant | Music Industry | London  Harmonic are delighted to be working exclusively with one of the Music industry's biggest success stories who are currently recruiting for a Reporting Accountant.  The Company: The business have become a global phenomenon, associated with some of the world's biggest superstars and ground breaking technological developments. As they are stil... ",
        "applications": 32,
        "jobUrl": "https://www.reed.co.uk/jobs/reporting-accountant-music-industry-london/41179419"
    },
    {
        "jobId": 41132055,
        "employerId": 331611,
        "employerName": " V3 Group ",
        "employerProfileId": null,
        "employerProfileName": null,
        "jobTitle": "Lead generator",
        "locationName": "Portsmouth",
        "minimumSalary": 22000.0,
        "maximumSalary": 24000.0,
        "currency": "GBP",
        "expirationDate": "02/11/2020",
        "date": "05/10/2020",
        "jobDescription": "Key Duties / Responsibilities:We are seeking forward-thinking, dynamic, self-motivated Lead Generators to join an innovative, entrepreneurial team based in Portsmouth.YOU WILL• Be responsible for developing and delivering a lead generating plan• Engage new clients and close the businessTHE ROLE• Reporting directly to a team leader• Ability to dial outbound UK business clients and effect... ",
        "applications": 6,
        "jobUrl": "https://www.reed.co.uk/jobs/lead-generator/41132055"
    },
    {
        "jobId": 41158850,
        "employerId": 116473,
        "employerName": "The Music Market / Arts and Media Ltd",
        "employerProfileId": null,
        "employerProfileName": null,
        "jobTitle": "Commercial Analyst",
        "locationName": "London",
        "minimumSalary": null,
        "maximumSalary": null,
        "currency": null,
        "expirationDate": "20/11/2020",
        "date": "09/10/2020",
        "jobDescription": " Our client, a global music company is seeking a highly skilled Commercial Analyst to provide key intelligence to the business. Key responsibilities will include:  Working both alone and in teams to support the analytical demands of the business to include both trends and performance.Querying data using SQL.Factoring in developments across the industry, Business Partners and technology to inform anal... ",
        "applications": 17,
        "jobUrl": "https://www.reed.co.uk/jobs/commercial-analyst/41158850"
    },
    {
        "jobId": 40950679,
        "employerId": 11488,
        "employerName": "Centre People",
        "employerProfileId": null,
        "employerProfileName": null,
        "jobTitle": "Japanese-speaking Analyst in Dubai (Ref: TY43392)",
        "locationName": "London",
        "minimumSalary": null,
        "maximumSalary": null,
        "currency": null,
        "expirationDate": "04/11/2020",
        "date": "23/09/2020",
        "jobDescription": " A Japanese international bank seeks an Analyst to join their growing office in Dubai. The overall purpose of the Job is to assist the Head of Corporate Planning with business planning and business control matters and creating materials for various purpose  such as marketing. The Role  Communicate with Secretary Office in Tokyo, CPD, and relevant divisionsLogistic arrangement (coordination of clien... ",
        "applications": 4,
        "jobUrl": "https://www.reed.co.uk/jobs/japanese-speaking-analyst-in-dubai-ref-ty43392/40950679"
    },
    {
        "jobId": 41190476,
        "employerId": 574149,
        "employerName": "BMG UK",
        "employerProfileId": null,
        "employerProfileName": null,
        "jobTitle": "Senior Director - Finance (Global Catalogue Recordings) ",
        "locationName": "Paddington",
        "minimumSalary": null,
        "maximumSalary": null,
        "currency": null,
        "expirationDate": "26/11/2020",
        "date": "15/10/2020",
        "jobDescription": " Position: Senior Director - Finance (Global Catalogue)Contract: 12 Month Maternity Cover, ASAP Start Department: International Finance Recordings HubLocation: Paddington, London (Currently home-working) Your Mission at BMG. You will be responsible for pro-actively supporting the continued growth of BMG’s global catalogue busin... ",
        "applications": 4,
        "jobUrl": "https://www.reed.co.uk/jobs/senior-director-finance-global-catalogue-recordings/41190476"
    },
    {
        "jobId": 41044769,
        "employerId": 434985,
        "employerName": "Jewson",
        "employerProfileId": null,
        "employerProfileName": null,
        "jobTitle": "Tool Hire Supervisor",
        "locationName": "Lochgilphead",
        "minimumSalary": null,
        "maximumSalary": null,
        "currency": null,
        "expirationDate": "30/10/2020",
        "date": "02/10/2020",
        "jobDescription": " The position is only open to internal applicants of Saint Gobain. Please note that any applications made by people outside of Saint Gobain will not be considered at this stage. At Jewson we pride ourselves on our ability to provide a great welcome to our customers, being proactive when helping them, being trusted, and recognised for our 'customer first' approach. If you enjoy a customer-facing role where you are responsible for  drivi... ",
        "applications": 1,
        "jobUrl": "https://www.reed.co.uk/jobs/tool-hire-supervisor/41044769"
    },
    {
        "jobId": 38899255,
        "employerId": 542356,
        "employerName": "Pearson",
        "employerProfileId": null,
        "employerProfileName": null,
        "jobTitle": "BTEC National Examiner - level 3",
        "locationName": "London",
        "minimumSalary": null,
        "maximumSalary": null,
        "currency": null,
        "expirationDate": "12/11/2020",
        "date": "12/09/2019",
        "jobDescription": " BTEC National Examiner - level 3 Reference: BTECNATX0916 We are currently recruiting Examiners for the BTEC Nationals (Level 3) qualification. This is a part time role which will be completed at home, and in your own time. Purpose A BTEC Nationals Examiner marks candidates’ responses in accordance with the pre-defined mark scheme, whilst adhering to the Code of Practice and examination procedures.... ",
        "applications": 270,
        "jobUrl": "https://www.reed.co.uk/jobs/btec-national-examiner-level-3/38899255"
    },
    {
        "jobId": 40964428,
        "employerId": 207638,
        "employerName": "Equals One",
        "employerProfileId": null,
        "employerProfileName": null,
        "jobTitle": "Sales Leader",
        "locationName": "Worcester",
        "minimumSalary": 40000.0,
        "maximumSalary": 50000.0,
        "currency": "GBP",
        "expirationDate": "06/11/2020",
        "date": "25/09/2020",
        "jobDescription": " Sales Leader - Booking Protect (Events Industry) Salary 40/50k plus bonus Based Worcester or Leeds &#43; extensive travel when required Calling all entrepreneurs. Want the chance to run a business &quot;your way&quot; but never had the freedom to impose your innovation and ideas? Can you influence people and switch round your patter like a chameleon when needed to seal the deal? Sound like ... ",
        "applications": 22,
        "jobUrl": "https://www.reed.co.uk/jobs/sales-leader/40964428"
    },
    {
        "jobId": 40949584,
        "employerId": 321873,
        "employerName": "CCR Recruitment & Selection",
        "employerProfileId": null,
        "employerProfileName": null,
        "jobTitle": "Business Development Executive/Lead Generator",
        "locationName": "London",
        "minimumSalary": 22000.0,
        "maximumSalary": 24000.0,
        "currency": "GBP",
        "expirationDate": "04/11/2020",
        "date": "23/09/2020",
        "jobDescription": " Business Development Executive/Lead Generator &#163;22,000-&#163;24,000 based on experience &#43; Realistic Commission OTE additional &#163;8-15,000 PLUS Excellent Benefits Package (see below) Location: Southwark (very close to London Bridge)  This is a unique opportunity to work for a fantastic company who do well to retain their staff and promote from within. Based aro... ",
        "applications": 23,
        "jobUrl": "https://www.reed.co.uk/jobs/business-development-executive-lead-generator/40949584"
    },
    {
        "jobId": 40817726,
        "employerId": 429246,
        "employerName": "SLS Recruitment",
        "employerProfileId": null,
        "employerProfileName": null,
        "jobTitle": "Sales Analyst",
        "locationName": "Cheshire",
        "minimumSalary": null,
        "maximumSalary": null,
        "currency": null,
        "expirationDate": "15/10/2020",
        "date": "03/09/2020",
        "jobDescription": " Sales AnalystCheshire&#163;28,000 - &#163;30,000Our client is looking for a passionate and experienced Sales Analyst in the FMCG industry to form part of their growing team. This entrepreneurial consumer goods company took off following the CEO’s successful pitch on Dragon’s Den. Fast forward to the present and our client’s goo... ",
        "applications": 17,
        "jobUrl": "https://www.reed.co.uk/jobs/sales-analyst/40817726"
    },
    {
        "jobId": 41021501,
        "employerId": 569638,
        "employerName": "SR2",
        "employerProfileId": null,
        "employerProfileName": null,
        "jobTitle": "Software Engineer PHP",
        "locationName": "Cardiff",
        "minimumSalary": null,
        "maximumSalary": null,
        "currency": null,
        "expirationDate": "12/11/2020",
        "date": "01/10/2020",
        "jobDescription": "  PHP (Symfony or Laravel)Web-based appsTop 10 business within the music industry What better way to stay connected to music than to work with one of the most iconic businesses in the industry?  If you haven't heard of them, you've probably heard music made by their products. They now have over 50 years' experience in the industry and in that time, they've built up a pretty prolific list of ar... ",
        "applications": 4,
        "jobUrl": "https://www.reed.co.uk/jobs/software-engineer-php/41021501"
    },
    {
        "jobId": 41162326,
        "employerId": 451245,
        "employerName": "Badenoch & Clark",
        "employerProfileId": null,
        "employerProfileName": null,
        "jobTitle": "Data Privacy Lawyer",
        "locationName": "London",
        "minimumSalary": 65000.0,
        "maximumSalary": 80000.0,
        "currency": "GBP",
        "expirationDate": "20/11/2020",
        "date": "09/10/2020",
        "jobDescription": "DATA PROTECTION ADVISOR - MUSIC BUSINESS - LONDONA listed music business are looking to hire an experienced Data Protection Advisor with a legal background. This Data Protection Advisor role will work alongside the Global Head of Data Protection to help develop a holistic global Data Privacy strategy with the Data Counsel and the Board. This role will also work with several internal departments as a subject matter  expert... ",
        "applications": 3,
        "jobUrl": "https://www.reed.co.uk/jobs/data-privacy-lawyer/41162326"
    },
    {
        "jobId": 41044779,
        "employerId": 389069,
        "employerName": "Webrecruit",
        "employerProfileId": null,
        "employerProfileName": null,
        "jobTitle": "IT Support Technician",
        "locationName": "Worthing",
        "minimumSalary": 30000.0,
        "maximumSalary": 30000.0,
        "currency": "GBP",
        "expirationDate": "13/11/2020",
        "date": "02/10/2020",
        "jobDescription": " IT Support TechnicianWorthing, West Sussex (office/field based, with travel to customer sites when it is safe to do so)Up to &#163;30,000 per annum Plus Pension Scheme &amp; 29 Days’ Holiday (including Bank Holidays)With more than 30 years of experience, our client is a successful provider of reliable and robust creative technology solutions. They predominantly serve customers in the UK education sect... ",
        "applications": 11,
        "jobUrl": "https://www.reed.co.uk/jobs/it-support-technician/41044779"
    },
    {
        "jobId": 41158873,
        "employerId": 12503,
        "employerName": "Handle Recruitment",
        "employerProfileId": null,
        "employerProfileName": null,
        "jobTitle": "Commercial Analyst - Music",
        "locationName": "London",
        "minimumSalary": null,
        "maximumSalary": null,
        "currency": null,
        "expirationDate": "20/11/2020",
        "date": "09/10/2020",
        "jobDescription": " Commercial Analyst - Music Central London Competitive Salary Fantastic opportunity for an experienced and detailed orientated Commercial Analyst to join a Commercial Intelligence team within an established Music and Entertainment company. Reporting to the Director of Commercial Intelligence, you will be responsible for analysing market and channel trends and reven... ",
        "applications": 9,
        "jobUrl": "https://www.reed.co.uk/jobs/commercial-analyst-music/41158873"
    },
    {
        "jobId": 40964676,
        "employerId": 575701,
        "employerName": "Insite Public Practice Recruitment Limited",
        "employerProfileId": null,
        "employerProfileName": null,
        "jobTitle": "Senior Accountant - Central London",
        "locationName": "London",
        "minimumSalary": 35000.0,
        "maximumSalary": 55000.0,
        "currency": "GBP",
        "expirationDate": "06/11/2020",
        "date": "25/09/2020",
        "jobDescription": " Senior Accountant in Central London A dynamic and forward-thinking 10 Partner Practice in Central London is looking to grow their team by bringing on a new Senior Accountant This is a fantastic opportunity for an ambitious candidate looking to further advance their knowledge and skill set and  experience, this Practice work with a lot of high net worth clients &amp; individuals and can offer someone fantast... ",
        "applications": 39,
        "jobUrl": "https://www.reed.co.uk/jobs/senior-accountant-central-london/40964676"
    },
    {
        "jobId": 40964577,
        "employerId": 575701,
        "employerName": "Insite Public Practice Recruitment Limited",
        "employerProfileId": null,
        "employerProfileName": null,
        "jobTitle": "Senior Accountant - Finchley",
        "locationName": "Barnet",
        "minimumSalary": 35000.0,
        "maximumSalary": 55000.0,
        "currency": "GBP",
        "expirationDate": "06/11/2020",
        "date": "25/09/2020",
        "jobDescription": " Senior Accountant in FinchleyA dynamic and forward-thinking 9 Partner Practice in Finchley is looking to grow their team by bringing on a new Senior Accountant This is a fantastic opportunity for an ambitious candidate looking to further advance their knowledge and skill set and experience,  this Practice work with a lot of high net worth clients &amp; individuals and can offer someone fantastic exposure on... ",
        "applications": 30,
        "jobUrl": "https://www.reed.co.uk/jobs/senior-accountant-finchley/40964577"
    },
    {
        "jobId": 40933485,
        "employerId": 575701,
        "employerName": "Insite Public Practice Recruitment Limited",
        "employerProfileId": null,
        "employerProfileName": null,
        "jobTitle": "Client Manager - Crystal Palace",
        "locationName": "Thornton Heath",
        "minimumSalary": 35000.0,
        "maximumSalary": 45000.0,
        "currency": "GBP",
        "expirationDate": "02/11/2020",
        "date": "21/09/2020",
        "jobDescription": " Client Manager in Crystal PalaceA dynamic and forward-thinking 6 Partner Practice in Crystal Palace is looking to grow their team by bringing on a new Client Manager. This is a fantastic opportunity for an ambitious candidate looking to further advance their knowledge and skill set and experience,  this Practice work with a lot of high net worth clients &amp; individuals and can offer someone fantastic expo... ",
        "applications": 9,
        "jobUrl": "https://www.reed.co.uk/jobs/client-manager-crystal-palace/40933485"
    },
    {
        "jobId": 40932483,
        "employerId": 569638,
        "employerName": "SR2",
        "employerProfileId": null,
        "employerProfileName": null,
        "jobTitle": "Senior Software Engineer PHP",
        "locationName": "Swansea",
        "minimumSalary": null,
        "maximumSalary": null,
        "currency": null,
        "expirationDate": "02/11/2020",
        "date": "21/09/2020",
        "jobDescription": "  PHP (Symfony or Laravel)Web-based appsTop 10 business within the music industry What better way to stay connected to music than to work with one of the most iconic businesses in the industry?  If you haven't heard of them, you've probably heard music made by their products. They now have over 50 years' experience in the industry and in that time, they've built up a pretty prolific list of ar... ",
        "applications": 4,
        "jobUrl": "https://www.reed.co.uk/jobs/senior-software-engineer-php/40932483"
    },
    {
        "jobId": 40873004,
        "employerId": 116473,
        "employerName": "The Music Market / Arts and Media Ltd",
        "employerProfileId": null,
        "employerProfileName": null,
        "jobTitle": "Junior Streaming & Commerce Analyst ",
        "locationName": "London",
        "minimumSalary": null,
        "maximumSalary": null,
        "currency": null,
        "expirationDate": "27/10/2020",
        "date": "15/09/2020",
        "jobDescription": " Our client, an iconic record label is seeking an adaptable Junior Streaming &amp; Commerce Analyst to assist campaigns for some of the world’s biggest artists. Key responsibilities will include:  Regularly reporting and forecasting track/album consumption for further analysis across streaming manager, physical retail, and digital download partners.Providing updates on develo... ",
        "applications": 70,
        "jobUrl": "https://www.reed.co.uk/jobs/junior-streaming-commerce-analyst/40873004"
    },
    {
        "jobId": 40834377,
        "employerId": 575701,
        "employerName": "Insite Public Practice Recruitment Limited",
        "employerProfileId": null,
        "employerProfileName": null,
        "jobTitle": "Client Manager - Finchley",
        "locationName": "Barnet",
        "minimumSalary": 35000.0,
        "maximumSalary": 55000.0,
        "currency": "GBP",
        "expirationDate": "19/10/2020",
        "date": "07/09/2020",
        "jobDescription": " Client Manager in FinchleyA dynamic and forward-thinking 15 Partner Practice in Finchley is looking to grow their team by bringing on a new Client Manager. This is a fantastic opportunity for an ambitious candidate looking to further advance their knowledge and skill set and experience,  this Practice work with a lot of high net worth clients &amp; individuals and can offer someone fantastic exposure on bot... ",
        "applications": 9,
        "jobUrl": "https://www.reed.co.uk/jobs/client-manager-finchley/40834377"
    },
    {
        "jobId": 40818284,
        "employerId": 499132,
        "employerName": "Rule Recruitment Ltd",
        "employerProfileId": null,
        "employerProfileName": null,
        "jobTitle": "Search Consultant - Executive Search Firm",
        "locationName": "London",
        "minimumSalary": 23000.0,
        "maximumSalary": 35000.0,
        "currency": "GBP",
        "expirationDate": "15/10/2020",
        "date": "03/09/2020",
        "jobDescription": " This Executive Search Company are looking for a Search Consultant to join the business and act initially in a delivery position, sourcing candidates. They are an impressive business and have the benefit of supplying into 9 different Industries including;  life sciences, energy, media, technology and leisure &amp; transportation. They pride themselves in being extremely strategy and search focussed in order to find the right quality of candid... ",
        "applications": 34,
        "jobUrl": "https://www.reed.co.uk/jobs/search-consultant-executive-search-firm/40818284"
    },
    {
        "jobId": 38943384,
        "employerId": 321873,
        "employerName": "CCR Recruitment & Selection",
        "employerProfileId": null,
        "employerProfileName": null,
        "jobTitle": "Business Development Executive",
        "locationName": "Southwark",
        "minimumSalary": 22000.0,
        "maximumSalary": 25000.0,
        "currency": "GBP",
        "expirationDate": "18/11/2020",
        "date": "18/09/2019",
        "jobDescription": " Business Development Executive &#163;22,000-&#163;25,000 based on experience &#43; Realistic Commission OTE additional &#163;15-18,000 PLUS Excellent Benefits Package Location: Southwark (London) Over the past 42 years, my client has delivered over 11,000 successful projects to a hugely diverse client list. To continue this track record of success, they believe ... ",
        "applications": 158,
        "jobUrl": "https://www.reed.co.uk/jobs/business-development-executive/38943384"
    },
    {
        "jobId": 41141916,
        "employerId": 544143,
        "employerName": "Harmonic Group Ltd",
        "employerProfileId": null,
        "employerProfileName": null,
        "jobTitle": "Finance Operations Manager  Music Industry",
        "locationName": "London",
        "minimumSalary": 60000.0,
        "maximumSalary": 70000.0,
        "currency": "GBP",
        "expirationDate": "17/11/2020",
        "date": "06/10/2020",
        "jobDescription": " Finance Operations Manager | Music Industry | London  Harmonic are delighted to be partnering with an international music business who are currently looking for a Finance Operations Manager to join the business.  The Company They are based in modern offices in an easily accessible part of London which is a hub for music companies. The business is well-known for adopting a modern approach... ",
        "applications": 50,
        "jobUrl": "https://www.reed.co.uk/jobs/finance-operations-manager-music-industry/41141916"
    },
    {
        "jobId": 41131040,
        "employerId": 391797,
        "employerName": "Future Engineering Recruitment Ltd",
        "employerProfileId": null,
        "employerProfileName": null,
        "jobTitle": "Recruitment Consultant - Engineering and Construction",
        "locationName": "London",
        "minimumSalary": 20000.0,
        "maximumSalary": 25000.0,
        "currency": "GBP",
        "expirationDate": "16/11/2020",
        "date": "05/10/2020",
        "jobDescription": " Join an established recruitment consultancy with multiple locations that offer the chance to be part of a performance environment where hard work and dedication are expected, and brilliantly rewarded. Our interview process is quick - we make fast decisions for the right people and you could be starting with us immediately.  We are operating in beautiful, covid-safe environments as well as offering the chance to work from home i... ",
        "applications": 12,
        "jobUrl": "https://www.reed.co.uk/jobs/recruitment-consultant-engineering-and-construction/41131040"
    },
    {
        "jobId": 40891756,
        "employerId": 487681,
        "employerName": "Saint-Gobain Limited",
        "employerProfileId": null,
        "employerProfileName": null,
        "jobTitle": "Senior Software Engineer",
        "locationName": "Newbury",
        "minimumSalary": null,
        "maximumSalary": null,
        "currency": null,
        "expirationDate": "05/11/2020",
        "date": "17/09/2020",
        "jobDescription": " Senior Software Engineer SAINT- GOBAIN is the worldwide leader for habitat solutions and it is an International company with 350 years of history, employing more than 200,000 people in 64 countries. Saint Gobain Building Distribution UK is a group of companies that Includes: Jewson,  Graham Plumbers Merchant, Gibbs &amp; Dandy, Ideal Bathrooms, Minster and our new strategic brand Priority Building Supplies. Bei... ",
        "applications": 4,
        "jobUrl": "https://www.reed.co.uk/jobs/senior-software-engineer/40891756"
    },
    {
        "jobId": 40892166,
        "employerId": 405923,
        "employerName": "Vision Financial Recruitment",
        "employerProfileId": null,
        "employerProfileName": null,
        "jobTitle": "Finance Manager - Video/Film Tech Production Company ",
        "locationName": "London",
        "minimumSalary": 50000.0,
        "maximumSalary": 55000.0,
        "currency": "GBP",
        "expirationDate": "29/10/2020",
        "date": "17/09/2020",
        "jobDescription": " Job Title: Finance Manager Creative / Video / Film Tech production company Reports to: Global Group Financial Controller Remuneration: &#163;50,000-&#163;55,000 Based in: London Summary: Our Client is a private equity backed Video/Film production agency often working within the music arena or with fi... ",
        "applications": 38,
        "jobUrl": "https://www.reed.co.uk/jobs/finance-manager-video-film-tech-production-company/40892166"
    },
    {
        "jobId": 40891731,
        "employerId": 364714,
        "employerName": "Prospero Teaching",
        "employerProfileId": null,
        "employerProfileName": null,
        "jobTitle": "Maths teaching job, Haringey ASAP",
        "locationName": "London",
        "minimumSalary": 25000.0,
        "maximumSalary": 36000.0,
        "currency": "GBP",
        "expirationDate": "29/10/2020",
        "date": "17/09/2020",
        "jobDescription": " A high-attaining, mixed foundation Ofsted 'outstanding' secondary school based in Haringey is seeking an Maths teacher to join team starting October 2020.  The ideal Maths teacher will be qualified, have a degree related to Maths and be a passionate educator who can teach Maths to a high standard. ABOUT THE SCHOOL AND MATHS TEACHING CONTRACT: Students receive a... ",
        "applications": 6,
        "jobUrl": "https://www.reed.co.uk/jobs/maths-teaching-job-haringey-asap/40891731"
    },
    {
        "jobId": 40842118,
        "employerId": 383727,
        "employerName": "Inspiring Interns & Graduates ",
        "employerProfileId": null,
        "employerProfileName": null,
        "jobTitle": "Commercial Analyst",
        "locationName": "Wembley Central",
        "minimumSalary": 20000.0,
        "maximumSalary": 20000.0,
        "currency": "GBP",
        "expirationDate": "20/10/2020",
        "date": "08/09/2020",
        "jobDescription": " A London based, start up agency backed by a strong consortium of investors, well connected within the sports and entertainment industry. Our client acts as a resource agency to service the sponsorship requirements of top tier sports, music and entertainment  personnel around the world.  Our client is a London based, start up agency backed by a strong consortium of investors, well connected within the sports and entertainment... ",
        "applications": 151,
        "jobUrl": "https://www.reed.co.uk/jobs/commercial-analyst/40842118"
    },
    {
        "jobId": 41141355,
        "employerId": 524744,
        "employerName": "Hays Specialist Recruitment Limited",
        "employerProfileId": null,
        "employerProfileName": null,
        "jobTitle": "Accounting Assistant Manager Fixed Term Contract",
        "locationName": "London",
        "minimumSalary": 30000.0,
        "maximumSalary": 35000.0,
        "currency": "GBP",
        "expirationDate": "27/10/2020",
        "date": "06/10/2020",
        "jobDescription": " Accounting Assistant Manager (fixed term contract) - Music, Media &amp; Entertainment clients - LondonYour new companyA music, media and entertainment specialist accountancy firm based in London are seeking an accounting assistant manager to join the firm on a fixed term contract. The accountancy provides a number of accounting, tax advice and business management services  to clients within, music, publishi... ",
        "applications": 25,
        "jobUrl": "https://www.reed.co.uk/jobs/accounting-assistant-manager-fixed-term-contract/41141355"
    },
    {
        "jobId": 41188055,
        "employerId": 563845,
        "employerName": "Adecco ",
        "employerProfileId": null,
        "employerProfileName": null,
        "jobTitle": "Night Shift - Warehouse Operative - No Experience Required",
        "locationName": "St. Neots",
        "minimumSalary": 10.3,
        "maximumSalary": 10.3,
        "currency": "GBP",
        "expirationDate": "25/11/2020",
        "date": "14/10/2020",
        "jobDescription": " Warehouse Operative Immediate Start - temp ongoing until April 2021 Nights - Assembling face shields. PE19 Postcode - Free Parking  We currently have multiple opportunities for a large client based in St. Neots. No previous experience required! Ideal for those looking to join a fantastic company in a friendly environment</... ",
        "applications": 2,
        "jobUrl": "https://www.reed.co.uk/jobs/night-shift-warehouse-operative-no-experience-required/41188055"
    },
    {
        "jobId": 41183077,
        "employerId": 499132,
        "employerName": "Rule Recruitment Ltd",
        "employerProfileId": null,
        "employerProfileName": null,
        "jobTitle": "Recruitment Consultancy - Permanent - SOHO.",
        "locationName": "London",
        "minimumSalary": 25000.0,
        "maximumSalary": 40000.0,
        "currency": "GBP",
        "expirationDate": "25/11/2020",
        "date": "14/10/2020",
        "jobDescription": " Based in the centre of Soho surrounded by shops and bars the company specialises in Marketing, Media and IT. Currently 35 big, the company is looking to expand by taking on several new graduates to become future business leaders during their expansion. You  will be going in as a trainee but everyone in the business has been promoted within their first 6 months - very quick progression. With a dressed down culture, office dog and a bar it is ... ",
        "applications": 13,
        "jobUrl": "https://www.reed.co.uk/jobs/recruitment-consultancy-permanent-soho/41183077"
    },
    {
        "jobId": 41043661,
        "employerId": 116473,
        "employerName": "The Music Market / Arts and Media Ltd",
        "employerProfileId": null,
        "employerProfileName": null,
        "jobTitle": "Finance Analyst",
        "locationName": "London",
        "minimumSalary": null,
        "maximumSalary": null,
        "currency": null,
        "expirationDate": "13/11/2020",
        "date": "02/10/2020",
        "jobDescription": " Our client, an iconic recording facility is seeking an adept Finance Analyst to support Studio Managers and the Finance Director with financial, business, and administrative support for a maternity cover. Key responsibilities will include:  Authorising budgets, purchase orders and expenses.Dealing with supplier and client queries regarding payments and finance requests.Liaising with accounts payable... ",
        "applications": 62,
        "jobUrl": "https://www.reed.co.uk/jobs/finance-analyst/41043661"
    },
    {
        "jobId": 41180842,
        "employerId": 116473,
        "employerName": "The Music Market / Arts and Media Ltd",
        "employerProfileId": null,
        "employerProfileName": null,
        "jobTitle": "Chief Technology Officer ",
        "locationName": "London",
        "minimumSalary": null,
        "maximumSalary": null,
        "currency": null,
        "expirationDate": "25/11/2020",
        "date": "14/10/2020",
        "jobDescription": " Our client, an internationally acclaimed music publisher, is seeking a Chief Technology Officer to bring technological expertise that enhances business objective. Key responsibilities will include:  Developing projects that include evolving the MVP into a commercial project and incorporating machine learning to create a technologically advanced service.Analysing information flow and system requirements.... ",
        "applications": 5,
        "jobUrl": "https://www.reed.co.uk/jobs/chief-technology-officer/41180842"
    },
    {
        "jobId": 41161294,
        "employerId": 524744,
        "employerName": "Hays Specialist Recruitment Limited",
        "employerProfileId": null,
        "employerProfileName": null,
        "jobTitle": "Finance Assistant",
        "locationName": "London",
        "minimumSalary": 20000.0,
        "maximumSalary": 23000.0,
        "currency": "GBP",
        "expirationDate": "06/11/2020",
        "date": "09/10/2020",
        "jobDescription": " Finance Assistant - Central London Accountancy Firm - Competitive Salary &#43; Study SupportYour new companyA music, media and entertainment specialist accountancy firm based in London are seeking a finance assistant to join the firm. The accountancy provides a number of accounting, tax advice and business management services to clients within, music, publishing,  sports and entertainment in the UK and over... ",
        "applications": 159,
        "jobUrl": "https://www.reed.co.uk/jobs/finance-assistant/41161294"
    },
    {
        "jobId": 41160939,
        "employerId": 524744,
        "employerName": "Hays Specialist Recruitment Limited",
        "employerProfileId": null,
        "employerProfileName": null,
        "jobTitle": "Accounting Assistant Manager",
        "locationName": "London",
        "minimumSalary": 40000.0,
        "maximumSalary": 45000.0,
        "currency": "GBP",
        "expirationDate": "06/11/2020",
        "date": "09/10/2020",
        "jobDescription": " Accounting Assistant Manager - Media &amp; Entertainment clients - LondonYour new companyA music, media and entertainment specialist accountancy firm based in London are seeking an accounting assistant manager to join the firm on a fixed term contract. The accountancy provides a number of accounting, tax advice and business management services  to clients within, music, publishing, sports and entertainment ... ",
        "applications": 38,
        "jobUrl": "https://www.reed.co.uk/jobs/accounting-assistant-manager/41160939"
    },
    {
        "jobId": 41157512,
        "employerId": 563845,
        "employerName": "Adecco ",
        "employerProfileId": null,
        "employerProfileName": null,
        "jobTitle": "Warehouse Operative",
        "locationName": "St. Neots",
        "minimumSalary": 8.72,
        "maximumSalary": 10.0,
        "currency": "GBP",
        "expirationDate": "20/11/2020",
        "date": "09/10/2020",
        "jobDescription": " Warehouse Operative Immediate Start - temp ongoing until April 2021 Day &amp; Nights - Assembling face shields. PE19 Postcode - must live local or commute under 1 hour We currently have multiple opportunities for a large client based in St. Neots. No previous experience required! Ideal for those looking to join a fantastic company in a fri... ",
        "applications": 5,
        "jobUrl": "https://www.reed.co.uk/jobs/warehouse-operative/41157512"
    },
    {
        "jobId": 41171923,
        "employerId": 598612,
        "employerName": "Michael Page Technology",
        "employerProfileId": null,
        "employerProfileName": null,
        "jobTitle": "Full Stack Developer - Permanent / FTC",
        "locationName": "London",
        "minimumSalary": 65000.0,
        "maximumSalary": 85000.0,
        "currency": "GBP",
        "expirationDate": "26/10/2020",
        "date": "12/10/2020",
        "jobDescription": " Fullstack Developer: Fullstack Developer (PHP / Python) required for the development of high transactional Websites / URLs for a leading Tech services company. Client Details Fullstack Developer: Our client is a Tech company focused in Streaming industry. They have exciting plans that will see their Tech team significantly increase in size, building additional exp... ",
        "applications": 3,
        "jobUrl": "https://www.reed.co.uk/jobs/full-stack-developer-permanent-ftc/41171923"
    },
    {
        "jobId": 41171831,
        "employerId": 598612,
        "employerName": "Michael Page Technology",
        "employerProfileId": null,
        "employerProfileName": null,
        "jobTitle": "Frontend Developer - Remote / Homebased Permanent  or FTC",
        "locationName": "London",
        "minimumSalary": 55000.0,
        "maximumSalary": 75000.0,
        "currency": "GBP",
        "expirationDate": "26/10/2020",
        "date": "12/10/2020",
        "jobDescription": " Frontend Developer: Frontend developers required for the development of high transactional Websites/URLs for a leading Tech services company. Client Details Frontend Developer: Our client is a Tech company focused in Streaming industry. They have exciting plans that will see their Tech team significantly increase in size, building additional expertise and capacity... ",
        "applications": 9,
        "jobUrl": "https://www.reed.co.uk/jobs/frontend-developer-remote-homebased-permanent-or-ftc/41171831"
    },
    {
        "jobId": 40833611,
        "employerId": 499132,
        "employerName": "Rule Recruitment Ltd",
        "employerProfileId": null,
        "employerProfileName": null,
        "jobTitle": "Recruitment Consultant",
        "locationName": "London",
        "minimumSalary": 23000.0,
        "maximumSalary": 40000.0,
        "currency": "GBP",
        "expirationDate": "23/11/2020",
        "date": "07/09/2020",
        "jobDescription": " Recruitment Consultancy - Permanent - SOHO. Based in the centre of Soho surrounded by shops and bars the company specialises in Marketing, Media and IT. Currently 35 big, the company is looking to expand by taking on several new graduates to become future business leaders during their expansion. You  will be going in as a trainee but everyone in the business has been promoted within their first 6 months - very quick p... ",
        "applications": 164,
        "jobUrl": "https://www.reed.co.uk/jobs/recruitment-consultant/40833611"
    },
    {
        "jobId": 40982969,
        "employerId": 595355,
        "employerName": "Gear 4 Music",
        "employerProfileId": null,
        "employerProfileName": null,
        "jobTitle": "Junior UX Specialist",
        "locationName": "York",
        "minimumSalary": null,
        "maximumSalary": null,
        "currency": null,
        "expirationDate": "11/11/2020",
        "date": "30/09/2020",
        "jobDescription": "Junior UX SpecialistJoin our team at Gear4music!Launched in 2003 and now with over 2 million registered customers, Gear4music is the UK’s largest retailer of musical instruments and music equipment. We operate across all genres and offer solutions for everyone - from rock ‘n’ roll to classical, from studio  to stage.To support the growth of our business, we are looking for talented individuals... ",
        "applications": 16,
        "jobUrl": "https://www.reed.co.uk/jobs/junior-ux-specialist/40982969"
    },
    {
        "jobId": 41165764,
        "employerId": 434985,
        "employerName": "Jewson",
        "employerProfileId": null,
        "employerProfileName": null,
        "jobTitle": "Senior Customer Service Advisor",
        "locationName": "Cardigan",
        "minimumSalary": null,
        "maximumSalary": null,
        "currency": null,
        "expirationDate": "09/11/2020",
        "date": "12/10/2020",
        "jobDescription": " At Jewson we pride ourselves on our ability to provide a great welcome to our customers, being proactive when helping them, being trusted, and recognised for our 'customer first' approach. If you enjoy working with people, you're a good listener and you  think you could help our customers feel welcome, then this Senior Customer Service Advisor (Sales) vacancy could be a great opportunity for you. This Senior C... ",
        "applications": 0,
        "jobUrl": "https://www.reed.co.uk/jobs/senior-customer-service-advisor/41165764"
    },
    {
        "jobId": 41150152,
        "employerId": 364714,
        "employerName": "Prospero Teaching",
        "employerProfileId": null,
        "employerProfileName": null,
        "jobTitle": "Maths Teacher - November 2020 - Interviewing NOW! Camden",
        "locationName": "London",
        "minimumSalary": 160.0,
        "maximumSalary": 250.0,
        "currency": "GBP",
        "expirationDate": "19/11/2020",
        "date": "08/10/2020",
        "jobDescription": " Maths teacher  Ofsted GOOD School - Camden November 2020 start, fast track to interview No filling out application forms! A popular school located in Camden, North West London is interested in securing an Maths teacher starting this November 2020. The ideal Maths teacher will be qualified, have a degree related to Maths teacher an... ",
        "applications": 2,
        "jobUrl": "https://www.reed.co.uk/jobs/maths-teacher-november-2020-interviewing-now-camden/41150152"
    },
    {
        "jobId": 40981620,
        "employerId": 389224,
        "employerName": "Agility Resourcing",
        "employerProfileId": null,
        "employerProfileName": null,
        "jobTitle": "Graduate Analyst",
        "locationName": "Altrincham",
        "minimumSalary": 22000.0,
        "maximumSalary": 23000.0,
        "currency": "GBP",
        "expirationDate": "11/11/2020",
        "date": "30/09/2020",
        "jobDescription": " Our client an established financial services organisation based near Altrincham are looking for a graduate to join their analytics team. With steady growth this company offers a fantastic progression package, along with a perfect opportunity to further study for an ambitious graduate. Responsibilities for the role are as follows:  Support business decisions by delivering budgets and forecasts, tracking of actual spe... ",
        "applications": 51,
        "jobUrl": "https://www.reed.co.uk/jobs/graduate-analyst/40981620"
    },
    {
        "jobId": 41164455,
        "employerId": 332753,
        "employerName": "Noir",
        "employerProfileId": null,
        "employerProfileName": null,
        "jobTitle": ".NET Developer, .NET Core, C# - Consultancy - Plymouth",
        "locationName": "Plymouth",
        "minimumSalary": 30000.0,
        "maximumSalary": 50000.0,
        "currency": "GBP",
        "expirationDate": "23/11/2020",
        "date": "12/10/2020",
        "jobDescription": " .NET Developer, .NET Core, C# - Consultancy - Plymouth (Tech stack: .NET Developer, .NET Core 3.1, ASP.NET, C#, React, Angular 9, Microservices, Vue.js, TypeScript, Azure, Web API 2, Agile, SQL Server 2019, .NET Developer, Urgent) Our client is an award winning Microsoft consultancy. They specialise in delivering innovative .NET technology based business solutions to investment banks, financial services compani... ",
        "applications": 3,
        "jobUrl": "https://www.reed.co.uk/jobs/net-developer-net-core-c-consultancy-plymouth/41164455"
    },
    {
        "jobId": 41164438,
        "employerId": 332753,
        "employerName": "Noir",
        "employerProfileId": null,
        "employerProfileName": null,
        "jobTitle": ".NET Developer, .NET Core, C# - Consultancy - Stevenage",
        "locationName": "Stevenage",
        "minimumSalary": 35000.0,
        "maximumSalary": 55000.0,
        "currency": "GBP",
        "expirationDate": "23/11/2020",
        "date": "12/10/2020",
        "jobDescription": " .NET Developer, .NET Core, C# - Consultancy - Stevenage (Tech stack: .NET Developer, .NET Core 3.1, ASP.NET, C#, React, Angular 9, Microservices, Vue.js, TypeScript, Azure, Web API 2, Agile, SQL Server 2019, .NET Developer, Urgent) Our client is an award winning Microsoft consultancy. They specialise in delivering innovative .NET technology based business solutions to investment banks, financial services compan... ",
        "applications": 2,
        "jobUrl": "https://www.reed.co.uk/jobs/net-developer-net-core-c-consultancy-stevenage/41164438"
    },
    {
        "jobId": 41164405,
        "employerId": 332753,
        "employerName": "Noir",
        "employerProfileId": null,
        "employerProfileName": null,
        "jobTitle": ".NET Developer, .NET Core, C# - Consultancy - Bracknell",
        "locationName": "Bracknell",
        "minimumSalary": 30000.0,
        "maximumSalary": 60000.0,
        "currency": "GBP",
        "expirationDate": "23/11/2020",
        "date": "12/10/2020",
        "jobDescription": " .NET Developer, .NET Core, C# - Consultancy - Bracknell (Tech stack: .NET Developer, .NET Core 3.1, ASP.NET, C#, React, Angular 9, Microservices, Vue.js, TypeScript, Azure, Web API 2, Agile, SQL Server 2019, .NET Developer, Urgent) Our client is an award winning Microsoft consultancy. They specialise in delivering innovative .NET technology based business solutions to investment banks, financial services compan... ",
        "applications": 2,
        "jobUrl": "https://www.reed.co.uk/jobs/net-developer-net-core-c-consultancy-bracknell/41164405"
    },
    {
        "jobId": 41164395,
        "employerId": 332753,
        "employerName": "Noir",
        "employerProfileId": null,
        "employerProfileName": null,
        "jobTitle": ".NET Developer, .NET Core, C# - Newcastle-under-Lyme",
        "locationName": "Stoke-on-Trent",
        "minimumSalary": 30000.0,
        "maximumSalary": 50000.0,
        "currency": "GBP",
        "expirationDate": "23/11/2020",
        "date": "12/10/2020",
        "jobDescription": " .NET Developer, .NET Core, C# - Newcastle-under-Lyme (Tech stack: .NET Developer, .NET Core 3.1, ASP.NET, C#, React, Angular 9, Microservices, Vue.js, TypeScript, Azure, Web API 2, Agile, SQL Server 2019, .NET Developer, Urgent) Our client is an award winning Microsoft consultancy. They specialise in delivering innovative .NET technology based business solutions to investment banks, financial services companies... ",
        "applications": 2,
        "jobUrl": "https://www.reed.co.uk/jobs/net-developer-net-core-c-newcastle-under-lyme/41164395"
    },
    {
        "jobId": 41164393,
        "employerId": 332753,
        "employerName": "Noir",
        "employerProfileId": null,
        "employerProfileName": null,
        "jobTitle": ".NET Developer, .NET Core, C# - Consultancy - Bangor",
        "locationName": "Bangor",
        "minimumSalary": 30000.0,
        "maximumSalary": 50000.0,
        "currency": "GBP",
        "expirationDate": "23/11/2020",
        "date": "12/10/2020",
        "jobDescription": " .NET Developer, .NET Core, C# - Consultancy - Bangor (Tech stack: .NET Developer, .NET Core 3.1, ASP.NET, C#, React, Angular 9, Microservices, Vue.js, TypeScript, Azure, Web API 2, Agile, SQL Server 2019, .NET Developer, Urgent) Our client is an award winning Microsoft consultancy. They specialise in delivering innovative .NET technology based business solutions to investment banks, financial services companies... ",
        "applications": 2,
        "jobUrl": "https://www.reed.co.uk/jobs/net-developer-net-core-c-consultancy-bangor/41164393"
    },
    {
        "jobId": 41164353,
        "employerId": 332753,
        "employerName": "Noir",
        "employerProfileId": null,
        "employerProfileName": null,
        "jobTitle": ".NET Developer, .NET Core, C# - Consultancy - Bromley",
        "locationName": "Bromley",
        "minimumSalary": 40000.0,
        "maximumSalary": 50000.0,
        "currency": "GBP",
        "expirationDate": "23/11/2020",
        "date": "12/10/2020",
        "jobDescription": " .NET Developer, .NET Core, C# - Consultancy - Bromley (Tech stack: .NET Developer, .NET Core 3.1, ASP.NET, C#, React, Angular 9, Microservices, Vue.js, TypeScript, Azure, Web API 2, Agile, SQL Server 2019, .NET Developer, Urgent) Our client is an award winning Microsoft consultancy. They specialise in delivering innovative .NET technology based business solutions to investment banks, financial services companie... ",
        "applications": 4,
        "jobUrl": "https://www.reed.co.uk/jobs/net-developer-net-core-c-consultancy-bromley/41164353"
    },
    {
        "jobId": 41164341,
        "employerId": 332753,
        "employerName": "Noir",
        "employerProfileId": null,
        "employerProfileName": null,
        "jobTitle": ".NET Developer, .NET Core, C# - Consultancy - London Or Surrey",
        "locationName": "London",
        "minimumSalary": 40000.0,
        "maximumSalary": 70000.0,
        "currency": "GBP",
        "expirationDate": "23/11/2020",
        "date": "12/10/2020",
        "jobDescription": " .NET Developer, .NET Core, C# - Consultancy - London Or Surrey (Tech stack: .NET Developer, .NET Core 3.1, ASP.NET, C#, React, Angular 9, Microservices, Vue.js, TypeScript, Azure, Web API 2, Agile, SQL Server 2019, .NET Developer, Urgent) Our client is an award winning Microsoft consultancy. They specialise in delivering innovative .NET technology based business solutions to investment banks, financial services... ",
        "applications": 7,
        "jobUrl": "https://www.reed.co.uk/jobs/net-developer-net-core-c-consultancy-london-or-surrey/41164341"
    },
    {
        "jobId": 41148120,
        "employerId": 347335,
        "employerName": "Sauce Recruitment Ltd",
        "employerProfileId": null,
        "employerProfileName": null,
        "jobTitle": "Personal Assistant Job - London",
        "locationName": "London",
        "minimumSalary": 21000.0,
        "maximumSalary": 24000.0,
        "currency": "GBP",
        "expirationDate": "05/11/2020",
        "date": "07/10/2020",
        "jobDescription": "* Executive Varied Responsibilities* Need to have experience in the Music/Entertainment IndustryA busy and progressing Artist Management company is looking for a Personnel Assistant/Management Assistant to support the Director and company with day to day responsibilities. The role is excitingly varied with the opportunity for the right person to be heavily  involved in all areas of the business.You will have previou... ",
        "applications": 102,
        "jobUrl": "https://www.reed.co.uk/jobs/personal-assistant-job-london/41148120"
    },
    {
        "jobId": 41147711,
        "employerId": 602414,
        "employerName": "Verus Recruitment LTD",
        "employerProfileId": null,
        "employerProfileName": null,
        "jobTitle": "Digital Marketing Manager",
        "locationName": "Sheffield",
        "minimumSalary": 30000.0,
        "maximumSalary": 35000.0,
        "currency": "GBP",
        "expirationDate": "18/11/2020",
        "date": "07/10/2020",
        "jobDescription": " Digital Marketing Manager Location:&nbsp; Sheffield, UK Salary:&nbsp; &#163;30,000 - &#163;35,000 p.a (DOE) Permanent, Full-time. Our client, a national waste management solutions business based in Sheffield are expanding and we are keen to speak with Digital Marketing Managers for this newly created position. In this senior and influential role, you will work closely with the Commercial Director and intern... ",
        "applications": 8,
        "jobUrl": "https://www.reed.co.uk/jobs/digital-marketing-manager/41147711"
    },
    {
        "jobId": 40977046,
        "employerId": 321873,
        "employerName": "CCR Recruitment & Selection",
        "employerProfileId": null,
        "employerProfileName": null,
        "jobTitle": "B2B Business Development Executive",
        "locationName": "London",
        "minimumSalary": 22000.0,
        "maximumSalary": 25000.0,
        "currency": "GBP",
        "expirationDate": "10/11/2020",
        "date": "29/09/2020",
        "jobDescription": " B2B Business Development Executive &#163;22,000-&#163;25,000 basic salary, based on experience &#43; Realistic Commission OTE additional &#163;15-18,000 PLUS Excellent Benefits Package Location: Southwark (London) Over the past 42 years, my client has delivered over 11,000 successful projects to a hugely diverse client list. To continue this track record of succ... ",
        "applications": 34,
        "jobUrl": "https://www.reed.co.uk/jobs/b2b-business-development-executive/40977046"
    },
    {
        "jobId": 40969368,
        "employerId": 434985,
        "employerName": "Jewson",
        "employerProfileId": null,
        "employerProfileName": null,
        "jobTitle": "Senior Customer Service Advisor - Sales",
        "locationName": "Brighton",
        "minimumSalary": null,
        "maximumSalary": null,
        "currency": null,
        "expirationDate": "26/10/2020",
        "date": "28/09/2020",
        "jobDescription": " ?At Jewson we pride ourselves on our ability to provide a great welcome to our customers, being proactive when helping them, being trusted, and recognised for our 'customer first' approach. If you enjoy working with people, you're a good listener and you  think you could help our customers feel welcome, then this Senior Customer Service Advisor (Sales) could be a great opportunity for you. This Senior Customer... ",
        "applications": 14,
        "jobUrl": "https://www.reed.co.uk/jobs/senior-customer-service-advisor-sales/40969368"
    },
    {
        "jobId": 40965236,
        "employerId": 429606,
        "employerName": "Harper May Ltd",
        "employerProfileId": null,
        "employerProfileName": null,
        "jobTitle": "Finance Director",
        "locationName": "London",
        "minimumSalary": 100000.0,
        "maximumSalary": 110000.0,
        "currency": "GBP",
        "expirationDate": "06/11/2020",
        "date": "25/09/2020",
        "jobDescription": " Harper May is currently working with a state of the art music and events venue who are actively seeking a Finance Director to join their team based in Central London. The group has ambitious expansion plans including a brand new site coming soon to London.  The role would be directly responsible for their largest site. The successful candidate will be fully qualified and must come from a Venues/Events/Premium brand background. <strong... ",
        "applications": 95,
        "jobUrl": "https://www.reed.co.uk/jobs/finance-director/40965236"
    },
    {
        "jobId": 40960447,
        "employerId": 563845,
        "employerName": "Adecco ",
        "employerProfileId": null,
        "employerProfileName": null,
        "jobTitle": "Warehouse Operative - No Experience Required",
        "locationName": "St. Neots",
        "minimumSalary": 8.98,
        "maximumSalary": 10.3,
        "currency": "GBP",
        "expirationDate": "06/11/2020",
        "date": "25/09/2020",
        "jobDescription": " Warehouse Operative Immediate Start - temp ongoing until April 2021 Day &amp; Nights - Assembling face shields. PE19 Postcode - Free Parking  We currently have multiple opportunities for a large client based in St. Neots. No previous experience required! Ideal for those looking to join a fantastic company in a friendly environment... ",
        "applications": 10,
        "jobUrl": "https://www.reed.co.uk/jobs/warehouse-operative-no-experience-required/40960447"
    },
    {
        "jobId": 40957019,
        "employerId": 576700,
        "employerName": "Ernest Gordon Recruitment Limited",
        "employerProfileId": null,
        "employerProfileName": null,
        "jobTitle": "CNC Operator",
        "locationName": "Ireland",
        "minimumSalary": 22000.0,
        "maximumSalary": 26000.0,
        "currency": "GBP",
        "expirationDate": "05/11/2020",
        "date": "24/09/2020",
        "jobDescription": " Excellent role on offer for a CNC Operator to join a progressive, market leading company who can offer ongoing training and development and the chance to progress. Do you have CNC operating skills? Do you want to work for a business where you will receive a lot of investment and be well looked after? The company design and hand manufacture bespoke and specialist products to the music industry and are making a name for themselve... ",
        "applications": 3,
        "jobUrl": "https://www.reed.co.uk/jobs/cnc-operator/40957019"
    },
    {
        "jobId": 40952705,
        "employerId": 429606,
        "employerName": "Harper May Ltd",
        "employerProfileId": null,
        "employerProfileName": null,
        "jobTitle": "Finance Director",
        "locationName": "London",
        "minimumSalary": 10000.0,
        "maximumSalary": 110000.0,
        "currency": "GBP",
        "expirationDate": "04/11/2020",
        "date": "23/09/2020",
        "jobDescription": " Harper May is currently working with a state of the art music and events venue who are actively seeking a Finance Director to join their team based in Central London. The group has ambitious expansion plans including a brand new site coming soon to London.  The role would be directly responsible for their largest site. The successful candidate will be fully qualified and must come from a Venues/Events/Premium brand background. <strong... ",
        "applications": 86,
        "jobUrl": "https://www.reed.co.uk/jobs/finance-director/40952705"
    },
    {
        "jobId": 40936714,
        "employerId": 563845,
        "employerName": "Adecco ",
        "employerProfileId": null,
        "employerProfileName": null,
        "jobTitle": "Warehouse Operative",
        "locationName": "St. Neots",
        "minimumSalary": 8.72,
        "maximumSalary": 10.0,
        "currency": "GBP",
        "expirationDate": "02/11/2020",
        "date": "21/09/2020",
        "jobDescription": " Warehouse Operative Immediate Start - temp ongoing until April 2021 Day &amp; Nights - Assembling face shields. PE19 Postcode - must live local or commute under 1 hour We currently have multiple opportunities for a large client based in St. Neots. No previous experience required! Ideal for those looking to join a fantastic company in a fri... ",
        "applications": 7,
        "jobUrl": "https://www.reed.co.uk/jobs/warehouse-operative/40936714"
    },
    {
        "jobId": 40873554,
        "employerId": 409576,
        "employerName": "Talentedge",
        "employerProfileId": null,
        "employerProfileName": null,
        "jobTitle": "Interim FP&A Senior Analyst",
        "locationName": "London",
        "minimumSalary": 300.0,
        "maximumSalary": 340.0,
        "currency": "GBP",
        "expirationDate": "27/10/2020",
        "date": "15/09/2020",
        "jobDescription": " Talentedge are partnering with a leading independent media organisation in search of an Interim FP&amp;A, Senior Analyst (3-6 months with opportunity to extend/go perm). The position will support the Group Finance Director in creating finance and reporting processes  for a newly created divisional structure.  The role  Play key role in developing financial planning and reporting processes for newly created division<li... ",
        "applications": 178,
        "jobUrl": "https://www.reed.co.uk/jobs/interim-fp-a-senior-analyst/40873554"
    },
    {
        "jobId": 40869516,
        "employerId": 93176,
        "employerName": "Robertson Sumner Ltd",
        "employerProfileId": null,
        "employerProfileName": null,
        "jobTitle": "Inside Sales Executive - Jabra",
        "locationName": "Slough",
        "minimumSalary": 25000.0,
        "maximumSalary": 25000.0,
        "currency": "GBP",
        "expirationDate": "26/10/2020",
        "date": "14/09/2020",
        "jobDescription": " About Jabra: Jabra is a leader in engineering communications and sound solutions - innovating to empower both consumers and businesses. Through sound and video, they help transform lives. Jabra engineering excellence leads the way, building on 150 years of pioneering  work. This allows them to create integrated headsets and communications tools that help professionals work more productively; wireless headphones and ea... ",
        "applications": 40,
        "jobUrl": "https://www.reed.co.uk/jobs/inside-sales-executive-jabra/40869516"
    },
    {
        "jobId": 40821174,
        "employerId": 576700,
        "employerName": "Ernest Gordon Recruitment Limited",
        "employerProfileId": null,
        "employerProfileName": null,
        "jobTitle": "CNC Operator Nights",
        "locationName": "Ireland",
        "minimumSalary": 22000.0,
        "maximumSalary": 26000.0,
        "currency": "GBP",
        "expirationDate": "15/10/2020",
        "date": "03/09/2020",
        "jobDescription": " Excellent role on offer for a CNC Operator to join a progressive, market leading company who can offer ongoing training and development and the chance to progress. Do you have CNC operating skills? Do you want to work for a business where you will receive a lot of investment and be well looked after? The company design and hand manufacture bespoke and specialist products to the music industry and are making a name for themselve... ",
        "applications": 5,
        "jobUrl": "https://www.reed.co.uk/jobs/cnc-operator-nights/40821174"
    },
    {
        "jobId": 40817749,
        "employerId": 563845,
        "employerName": "Adecco ",
        "employerProfileId": null,
        "employerProfileName": null,
        "jobTitle": "Warehouse Operative",
        "locationName": "Peterborough",
        "minimumSalary": 8.72,
        "maximumSalary": 10.0,
        "currency": "GBP",
        "expirationDate": "15/10/2020",
        "date": "03/09/2020",
        "jobDescription": " Warehouse Operative Immediate Start - temp ongoing Day &amp; Nights PE19 Postcode - must live local or commute under 1 hour We currently have multiple opportunities for a large client based in PE19. No previous experience required! Ideal for those looking to join a fantastic company with great longer term opportunities. Located in St. Neots PE19, your role will to assemble face shields. Sitting at your own ... ",
        "applications": 4,
        "jobUrl": "https://www.reed.co.uk/jobs/warehouse-operative/40817749"
    },
    {
        "jobId": 41017243,
        "employerId": 446405,
        "employerName": "Talentspa",
        "employerProfileId": null,
        "employerProfileName": null,
        "jobTitle": "Senior Sales",
        "locationName": "London",
        "minimumSalary": 25000.0,
        "maximumSalary": 27000.0,
        "currency": "GBP",
        "expirationDate": "12/11/2020",
        "date": "01/10/2020",
        "jobDescription": " Senior Sales Hours: Full-Time Joining: As soon as possible Location: 118A London Wall, Moorgate, London, EC2Y 5JA (currently working remotely). Some travel may be required. Benefits: &#163;25k-27k base &#43; commission (OTE 40k-50k), equity in the company, rapid career progression About the Company: ... ",
        "applications": 18,
        "jobUrl": "https://www.reed.co.uk/jobs/senior-sales/41017243"
    },
    {
        "jobId": 41013309,
        "employerId": 337478,
        "employerName": "Principal Resourcing",
        "employerProfileId": null,
        "employerProfileName": null,
        "jobTitle": "Music Teacher",
        "locationName": "Bradford",
        "minimumSalary": 110.0,
        "maximumSalary": 185.0,
        "currency": "GBP",
        "expirationDate": "12/11/2020",
        "date": "01/10/2020",
        "jobDescription": " A rare and exciting opportunity has arisen to join a thriving Music department at an academy based in Bradford. The academy is looking for a teacher that is committed to not only the attainment and learning of their pupils, but who is a passionate and reflective  individual who is passionate about improving their own knowledge and teaching practise. The academy is dedicated to providing a safe, supportive and happy learning environment for t... ",
        "applications": 1,
        "jobUrl": "https://www.reed.co.uk/jobs/music-teacher/41013309"
    },
    {
        "jobId": 41127814,
        "employerId": 429721,
        "employerName": "Carnegie Consulting Ltd",
        "employerProfileId": null,
        "employerProfileName": null,
        "jobTitle": "Personal Assistant",
        "locationName": "London",
        "minimumSalary": 40000.0,
        "maximumSalary": 50000.0,
        "currency": "GBP",
        "expirationDate": "16/11/2020",
        "date": "05/10/2020",
        "jobDescription": " This is a wonderful opportunity for a PA &#43;&#43; for this startup (with impressive Investor backing). We are looking for a very versatile Team Manager PA who will also have experience with Marketing, PR, Events, etc. Maybe you have worked as sole support for  a start-up so be used to wearing lots of different hats? You will have ideally worked in the finance industry - P.E. Financial PR, etc. The MOST important thing is that you have the ... ",
        "applications": 309,
        "jobUrl": "https://www.reed.co.uk/jobs/personal-assistant/41127814"
    },
    {
        "jobId": 41165456,
        "employerId": 337478,
        "employerName": "Principal Resourcing",
        "employerProfileId": null,
        "employerProfileName": null,
        "jobTitle": "Music Teacher",
        "locationName": "Beverley",
        "minimumSalary": 100.0,
        "maximumSalary": 180.0,
        "currency": "GBP",
        "expirationDate": "23/11/2020",
        "date": "12/10/2020",
        "jobDescription": " A rare and exciting opportunity has arisen to join a thriving Music department at an academy based in the East Riding. The academy is looking for a teacher that is committed to not only the attainment and learning of their pupils, but who is a passionate  and reflective individual who is passionate about improving their own knowledge and teaching practise. The academy is dedicated to providing a safe, supportive and happy learning environmen... ",
        "applications": 1,
        "jobUrl": "https://www.reed.co.uk/jobs/music-teacher/41165456"
    },
    {
        "jobId": 40960850,
        "employerId": 434985,
        "employerName": "Jewson",
        "employerProfileId": null,
        "employerProfileName": null,
        "jobTitle": "Customer Service Advisor Distribution",
        "locationName": "Hertfordshire",
        "minimumSalary": null,
        "maximumSalary": null,
        "currency": null,
        "expirationDate": "23/10/2020",
        "date": "25/09/2020",
        "jobDescription": " At Jewson we pride ourselves on our ability to provide a great welcome to our customers, being proactive when helping them, being trusted, and recognised for our 'customer first' approach. If you enjoy working with people and you think you could help our  customers feel welcome, then this Customer Service Advisor (Distribution) could be a great opportunity for you. This Customer Service Advisor (Distribution) role is working in our Je... ",
        "applications": 22,
        "jobUrl": "https://www.reed.co.uk/jobs/customer-service-advisor-distribution/40960850"
    },
    {
        "jobId": 40931100,
        "employerId": 337478,
        "employerName": "Principal Resourcing",
        "employerProfileId": null,
        "employerProfileName": null,
        "jobTitle": "Music Teacher",
        "locationName": "Hull",
        "minimumSalary": 100.0,
        "maximumSalary": 180.0,
        "currency": "GBP",
        "expirationDate": "02/11/2020",
        "date": "21/09/2020",
        "jobDescription": " Teacher of Music  A rare and exciting opportunity has arisen to join a thriving Music department at an academy based in Hull. The academy is looking for a teacher that is committed to not only the attainment and learning of their pupils, but who is a passionate and reflective  individual who is passionate about improving their own knowledge and teaching practise. The academy is dedicated to providing a safe, supportiv... ",
        "applications": 3,
        "jobUrl": "https://www.reed.co.uk/jobs/music-teacher/40931100"
    },
    {
        "jobId": 40828202,
        "employerId": 311822,
        "employerName": "RecruitmentRevolution.com",
        "employerProfileId": null,
        "employerProfileName": null,
        "jobTitle": "WordPress PHP Developer - Part Remote - £35-50K",
        "locationName": "Reading",
        "minimumSalary": 35000.0,
        "maximumSalary": 50000.0,
        "currency": "GBP",
        "expirationDate": "16/10/2020",
        "date": "04/09/2020",
        "jobDescription": " We have an exciting opportunity for a WordPress PHP Developer to join our growing, fast paced digital agency with reputation for delivering clean, beautiful and superfast web and mobile apps. Role Info: WordPress PHP Developer | Leading Berkshire Digital AgencyReading Base / Part Remote - &#163;35,000 - &#163;50,000 &#43; Fun Perks &amp; Benefits &#43; Part Remote Working ... ",
        "applications": 6,
        "jobUrl": "https://www.reed.co.uk/jobs/wordpress-php-developer-part-remote-35-50k/40828202"
    },
    {
        "jobId": 41073486,
        "employerId": 453617,
        "employerName": "Trust In Soda",
        "employerProfileId": null,
        "employerProfileName": null,
        "jobTitle": "Sysadmin",
        "locationName": "Germany",
        "minimumSalary": 50000.0,
        "maximumSalary": 65000.0,
        "currency": "EUR",
        "expirationDate": "14/11/2020",
        "date": "03/10/2020",
        "jobDescription": " Trust in SODA is exclusively working with one of Berlin's most well-established music organisations who are looking for two sysadmins to join the internal IT team and assist with the administration of both Linux &amp; Windows based servers and networks. To hit the ground running we are looking for individuals with experience of  Linux (Debian) - shell scripting &amp; version control is your daily businessInfr... ",
        "applications": 1,
        "jobUrl": "https://www.reed.co.uk/jobs/sysadmin/41073486"
    },
    {
        "jobId": 41050438,
        "employerId": 434985,
        "employerName": "Jewson",
        "employerProfileId": null,
        "employerProfileName": null,
        "jobTitle": "Assistant Branch Manager",
        "locationName": "South West England",
        "minimumSalary": null,
        "maximumSalary": null,
        "currency": null,
        "expirationDate": "30/10/2020",
        "date": "02/10/2020",
        "jobDescription": " At Jewson we pride ourselves on our ability to provide a great welcome to our customers, being proactive when helping them, being trusted, and recognised for our 'customer first' approach. If you are ambitious and enjoy a busy role that includes supervising  a team and improving operational activity, this Assistant Branch Manager role could be a great opportunity for you. This Assistant Branch Manager role is working in our Jewson Bra... ",
        "applications": 4,
        "jobUrl": "https://www.reed.co.uk/jobs/assistant-branch-manager/41050438"
    },
    {
        "jobId": 41047439,
        "employerId": 487681,
        "employerName": "Saint-Gobain Limited",
        "employerProfileId": null,
        "employerProfileName": null,
        "jobTitle": "Automation & Manual Tester",
        "locationName": "Newbury",
        "minimumSalary": null,
        "maximumSalary": null,
        "currency": null,
        "expirationDate": "30/10/2020",
        "date": "02/10/2020",
        "jobDescription": " Automation &amp; Manual Tester Competitive Salary - Based in Newbury,Berkshire Saint-Gobain -Winners of 'TOP EMPLOYER UK AND GLOBAL' four years running! (2016-2020) A truly exciting time to join us here at Saint-Gobain as we prepare to embark on our new Digital Transformation project. Saint-Gobain is a global leader in the construction industry with a presence in over 6... ",
        "applications": 26,
        "jobUrl": "https://www.reed.co.uk/jobs/automation-manual-tester/41047439"
    },
    {
        "jobId": 41044796,
        "employerId": 434992,
        "employerName": "Gibbs and Dandy",
        "employerProfileId": null,
        "employerProfileName": null,
        "jobTitle": "Customer Service Advisor Counter",
        "locationName": "Gillingham Business Park",
        "minimumSalary": null,
        "maximumSalary": null,
        "currency": null,
        "expirationDate": "30/10/2020",
        "date": "02/10/2020",
        "jobDescription": " Gibbs &amp; Dandy - Customer Service Advisor (Counter)Based: GillinghamGibbs &amp; Dandy - National Merchant of the Year 2018 &amp; 2019 / &quot;One to Watch&quot; Times Top 100 Best Companies to Work for 2019 As a Customer Service Advisor, you'll be the face of the business, meeting and serving the customers that come into the branch throughout the day, as well as those that call in. You'll be a key to the experienc... ",
        "applications": 28,
        "jobUrl": "https://www.reed.co.uk/jobs/customer-service-advisor-counter/41044796"
    },
    {
        "jobId": 41044784,
        "employerId": 434992,
        "employerName": "Gibbs and Dandy",
        "employerProfileId": null,
        "employerProfileName": null,
        "jobTitle": "Customer Service Advisor Counter",
        "locationName": "Cressex Business Park",
        "minimumSalary": null,
        "maximumSalary": null,
        "currency": null,
        "expirationDate": "30/10/2020",
        "date": "02/10/2020",
        "jobDescription": " Gibbs &amp; Dandy - Customer Service Advisor (Counter)Based: High WycombeGibbs &amp; Dandy - National Merchant of the Year 2018 &amp; 2019 / &quot;One to Watch&quot; Times Top 100 Best Companies to Work for 2019 As a Customer Service Advisor, you'll be the face of the business, meeting and serving the customers that come into the branch throughout the day, as well as those that call in. You'll be a key to the experie... ",
        "applications": 26,
        "jobUrl": "https://www.reed.co.uk/jobs/customer-service-advisor-counter/41044784"
    },
    {
        "jobId": 41044760,
        "employerId": 434985,
        "employerName": "Jewson",
        "employerProfileId": null,
        "employerProfileName": null,
        "jobTitle": "Tool Hire Assistant",
        "locationName": "Glasgow",
        "minimumSalary": null,
        "maximumSalary": null,
        "currency": null,
        "expirationDate": "30/10/2020",
        "date": "02/10/2020",
        "jobDescription": " At Jewson we pride ourselves on our ability to provide a great welcome to our customers, being proactive when helping them, being trusted, and recognised for our 'customer first' approach. If you enjoy a 'hands-on' role working with equipment and also enjoy  working with people and making customers feel welcome, then this Tool Hire Assistant could be a great opportunity for you. This Tool Hire Assistant role is working in our Jewson B... ",
        "applications": 25,
        "jobUrl": "https://www.reed.co.uk/jobs/tool-hire-assistant/41044760"
    },
    {
        "jobId": 41137413,
        "employerId": 487681,
        "employerName": "Saint-Gobain Limited",
        "employerProfileId": null,
        "employerProfileName": null,
        "jobTitle": "Digital Product Analyst",
        "locationName": "Newbury",
        "minimumSalary": null,
        "maximumSalary": null,
        "currency": null,
        "expirationDate": "03/11/2020",
        "date": "06/10/2020",
        "jobDescription": " Digital Product Analyst Competitive Salary - Based in Newbury, Berkshire Saint-Gobain - Winners of 'TOP EMPLOYER UK AND GLOBAL' five years running! (2016-2020) A fantastic time to join our already successful Digital team at Saint-Gobain as we prepare to commence the next phase of our Digital Transformation. Saint-Gobain is a global leader in the construc... ",
        "applications": 7,
        "jobUrl": "https://www.reed.co.uk/jobs/digital-product-analyst/41137413"
    },
    {
        "jobId": 41137377,
        "employerId": 487681,
        "employerName": "Saint-Gobain Limited",
        "employerProfileId": null,
        "employerProfileName": null,
        "jobTitle": "Digital Product Analyst",
        "locationName": "Huddersfield",
        "minimumSalary": null,
        "maximumSalary": null,
        "currency": null,
        "expirationDate": "03/11/2020",
        "date": "06/10/2020",
        "jobDescription": " Digital Product Analyst Competitive Salary - Based in Huddersfield, West Yorkshire Saint-Gobain - Winners of 'TOP EMPLOYER UK AND GLOBAL' five years running! (2016-2020) A fantastic time to join our already successful Digital team at Saint-Gobain as we prepare to commence the next phase of our Digital Transformation. Saint-Gobain is a global leader in the construction in... ",
        "applications": 12,
        "jobUrl": "https://www.reed.co.uk/jobs/digital-product-analyst/41137377"
    },
    {
        "jobId": 41039755,
        "employerId": 404559,
        "employerName": "AJ Chambers",
        "employerProfileId": null,
        "employerProfileName": null,
        "jobTitle": "Qualified Accountant - Music & Entertainment Clients ",
        "locationName": "London",
        "minimumSalary": 45000.0,
        "maximumSalary": 50000.0,
        "currency": "GBP",
        "expirationDate": "13/11/2020",
        "date": "02/10/2020",
        "jobDescription": " A truly fantastic opportunity for a qualified Accountant to join a firm of Accountants that specialise within the Music and Entertainment sector.  The ideal candidate will have experience and will be passionate about working with clients in this sector! The firm works with some very well-known musicians and bands, as well as social media stars, TV presenters, record labels and music producers. Some of yo... ",
        "applications": 20,
        "jobUrl": "https://www.reed.co.uk/jobs/qualified-accountant-music-entertainment-clients/41039755"
    },
    {
        "jobId": 41177529,
        "employerId": 456378,
        "employerName": "Balfor Recruitment Limited",
        "employerProfileId": null,
        "employerProfileName": null,
        "jobTitle": "Welfare and Guidance Manager",
        "locationName": "Birmingham",
        "minimumSalary": 27741.0,
        "maximumSalary": 29577.0,
        "currency": "GBP",
        "expirationDate": "24/11/2020",
        "date": "13/10/2020",
        "jobDescription": " Welfare and Guidance Manager  Location: South Birmingham, West Midlands Duration: Grade 4, TTO &#43; 10 days, 36.5 hours/week, permanent  Salary: Pay to scale  My client based in South Birmingham is an all through school and has a reputation within the local area as being a &quot;fantastic school&quot; that has good behaviour and a fantastic support network.  ... ",
        "applications": 3,
        "jobUrl": "https://www.reed.co.uk/jobs/welfare-and-guidance-manager/41177529"
    },
    {
        "jobId": 41159562,
        "employerId": 427940,
        "employerName": "Tradewind Recruitment",
        "employerProfileId": null,
        "employerProfileName": null,
        "jobTitle": "Head of Music",
        "locationName": "London",
        "minimumSalary": null,
        "maximumSalary": null,
        "currency": null,
        "expirationDate": "23/10/2020",
        "date": "09/10/2020",
        "jobDescription": "Tradewind are recruiting! Are you looking for you next role Head of Music at an inner city girls school based in Tower Hamlets?Do you have a passion for nurturing musical talent and learning for young women? This is a rare opportunity to join the Expressive &amp; Performing Arts team. They have sector-leading teacher retention and passionate investment in staff development.The clientAn all-girls school in the heart ... ",
        "applications": 3,
        "jobUrl": "https://www.reed.co.uk/jobs/head-of-music/41159562"
    }
]