applications,currency,date,employerId,employerName,employerProfileId,employerProfileName,expirationDate,jobDescription,jobId,jobTitle,jobUrl,locationName,maximumSalary,minimumSalary
50,GBP,2020-06-10,544143,Harmonic Group Ltd,,,17/11/2020, Finance Operations Manager | Music Industry | London  Harmonic are delighted to be partnering with an international music business who are currently looking for a Finance Operations Manager to join the business.  The Company They are based in modern offices in an easily accessible part of London which is a hub for music companies. The business is well-known for adopting a modern approach... ,41141916,Finance Operations Manager  Music Industry,https://www.reed.co.uk/jobs/finance-operations-manager-music-industry/41141916,London,70000.0,60000.0
32,GBP,2020-10-13,544143,Harmonic Group Ltd,,,24/11/2020," Reporting Accountant | Music Industry | London  Harmonic are delighted to be working exclusively with one of the Music industry's biggest success stories who are currently recruiting for a Reporting Accountant.  The Company: The business have become a global phenomenon, associated with some of the world's biggest superstars and ground breaking technological developments. As they are stil... ",41179419,Reporting Accountant  Music Industry  London,https://www.reed.co.uk/jobs/reporting-accountant-music-industry-london/41179419,London,55000.0,45000.0
42,GBP,2020-09-22,377106,Robert Walters,,,03/11/2020," A truly unique opportunity has arisen for an accomplished Finance Operations Manager to join a very reputable organisation centred at the heart of the media and music industry in central London A truly unique opportunity has arisen for an accomplished Finance Operations Manager to join a very reputable organisation centred at the heart of the media and music industry in central London Reporting into the Finance Director, and ac... ",40944978,Finance Operations Manager,https://www.reed.co.uk/jobs/finance-operations-manager/40944978,London,70000.0,60000.0
151,GBP,2020-08-09,383727,Inspiring Interns & Graduates ,,,20/10/2020," A London based, start up agency backed by a strong consortium of investors, well connected within the sports and entertainment industry. Our client acts as a resource agency to service the sponsorship requirements of top tier sports, music and entertainment  personnel around the world.  Our client is a London based, start up agency backed by a strong consortium of investors, well connected within the sports and entertainment... ",40842118,Commercial Analyst,https://www.reed.co.uk/jobs/commercial-analyst/40842118,Wembley Central,20000.0,20000.0
4,,2020-01-10,569638,SR2,,,12/11/2020,"  PHP (Symfony or Laravel)Web-based appsTop 10 business within the music industry What better way to stay connected to music than to work with one of the most iconic businesses in the industry?  If you haven't heard of them, you've probably heard music made by their products. They now have over 50 years' experience in the industry and in that time, they've built up a pretty prolific list of ar... ",41021501,Software Engineer PHP,https://www.reed.co.uk/jobs/software-engineer-php/41021501,Cardiff,,
17,,2020-09-10,116473,The Music Market / Arts and Media Ltd,,,20/11/2020," Our client, a global music company is seeking a highly skilled Commercial Analyst to provide key intelligence to the business. Key responsibilities will include:  Working both alone and in teams to support the analytical demands of the business to include both trends and performance.Querying data using SQL.Factoring in developments across the industry, Business Partners and technology to inform anal... ",41158850,Commercial Analyst,https://www.reed.co.uk/jobs/commercial-analyst/41158850,London,,
102,GBP,2020-07-10,347335,Sauce Recruitment Ltd,,,05/11/2020,* Executive Varied Responsibilities* Need to have experience in the Music/Entertainment IndustryA busy and progressing Artist Management company is looking for a Personnel Assistant/Management Assistant to support the Director and company with day to day responsibilities. The role is excitingly varied with the opportunity for the right person to be heavily  involved in all areas of the business.You will have previou... ,41148120,Personal Assistant Job - London,https://www.reed.co.uk/jobs/personal-assistant-job-london/41148120,London,24000.0,21000.0
58,GBP,2020-09-22,377106,Robert Walters,,,03/11/2020," A truly unique opportunity has arisen for an accomplished Finance Operations Manager to join a very reputable organisation centred at the heart of the media and music industry in central London A truly unique opportunity has arisen for an accomplished Finance Operations Manager to join a very reputable organisation centred at the heart of the media and music industry in central London Reporting into the Finance Director, and ac... ",40944911,Finance Operations Manager,https://www.reed.co.uk/jobs/finance-operations-manager/40944911,London,70000.0,60000.0
4,,2020-09-21,569638,SR2,,,02/11/2020,"  PHP (Symfony or Laravel)Web-based appsTop 10 business within the music industry What better way to stay connected to music than to work with one of the most iconic businesses in the industry?  If you haven't heard of them, you've probably heard music made by their products. They now have over 50 years' experience in the industry and in that time, they've built up a pretty prolific list of ar... ",40932483,Senior Software Engineer PHP,https://www.reed.co.uk/jobs/senior-software-engineer-php/40932483,Swansea,,
84,GBP,2020-09-16,544143,Harmonic Group Ltd,,,28/10/2020," Payroll Administrator (Sage 50) | Part-Time | Accountancy Practice  Harmonic are delighted to be recruiting for one of the UK's leading media specialist firms of accountants, providing accountancy and taxation services to music and entertainment industry clients. An opportunity has arisen to join the team as the Payroll  Administrator. The Practice is renowned for having the feel of a music or media business and their employees... ",40879393,Payroll Administrator Sage 50  Part-Time  Accountancy Firm,https://www.reed.co.uk/jobs/payroll-administrator-sage-50-part-time-accountancy-firm/40879393,London,30000.0,25000.0
29,GBP,2020-05-10,544143,Harmonic Group Ltd,,,16/11/2020, M&amp;A Analyst | Global TV &amp; Film Business | London Harmonic are proud to be recruiting on behalf of a world-renowned Media &amp; Entertainment business. They are looking for an M&amp;A Analyst to join their dynamic M&amp;A department. The Company The business is a global player in the TV &amp; Film industry; they are responsible for producing and creating some of the most popular s... ,41133489,M&A Analyst  Global TV & Film Business  London,https://www.reed.co.uk/jobs/m-a-analyst-global-tv-film-business-london/41133489,London,60000.0,50000.0
8,,2020-04-09,116473,The Music Market / Arts and Media Ltd,,,16/10/2020," Our client, an international music promotions company is seeking a Financial/Business Consultant to provide senior support to the wider financial team initially for 1 day a week.Key responsibilities will include:  Conducting in-depth reviews of financial circumstances, current provision and future aims.Analysing data to inform tailored financial planning for the company.Completing risk analysis.... ",40825738,Financial Consultant,https://www.reed.co.uk/jobs/financial-consultant/40825738,London,,
46,GBP,2020-11-09,378407,Cedar,,,23/10/2020," Are you ACA qualified, with a passion for all things media, music &amp; entertainment? I am recruiting a Financial Reporting Accountant for a global Media based in central London. &#163;50-55k &#43; 10% bonus &amp; lots of enviable benefits unique to the industry. As Financial Reporting Accountant, your key responsibilities will be:  Heavy involvement in budgeting &amp; forecasting processesInvestiga... ",40861630,Financial Reporting Accountant - Media,https://www.reed.co.uk/jobs/financial-reporting-accountant-media/40861630,London,55000.0,50000.0
186,GBP,2020-08-09,383727,Inspiring Interns & Graduates ,,,20/10/2020," A London based, start up agency backed by a strong consortium of investors, well connected within the sports and entertainment industry. Our client acts as a resource agency to service the sponsorship requirements of top tier sports, music and entertainment  personnel around the world.  Our client is a London based, start up agency backed by a strong consortium of investors, well connected within the sports and entertainment... ",40842036,Operations Executive,https://www.reed.co.uk/jobs/operations-executive/40842036,Wembley Central,20000.0,20000.0
309,GBP,2020-05-10,429721,Carnegie Consulting Ltd,,,16/11/2020," This is a wonderful opportunity for a PA &#43;&#43; for this startup (with impressive Investor backing). We are looking for a very versatile Team Manager PA who will also have experience with Marketing, PR, Events, etc. Maybe you have worked as sole support for  a start-up so be used to wearing lots of different hats? You will have ideally worked in the finance industry - P.E. Financial PR, etc. The MOST important thing is that you have the ... ",41127814,Personal Assistant,https://www.reed.co.uk/jobs/personal-assistant/41127814,London,50000.0,40000.0
52,GBP,2020-06-10,5349,Longbridge Finance & Accountancy,,,17/11/2020,Job Description: My client is a leading player in the music industry and are looking for an Operations Finance Manager to look after the distribution process from start to finish.Responsibilities:- Planning of each distribution producing timelines and impact analysis- Conducting attentive quality assurance checks on all customer distributions- Optimisation and streamlining of internal distribution ... ,41140935,Finance Manager Operations,https://www.reed.co.uk/jobs/finance-manager-operations/41140935,London,70000.0,60000.0
5,,2020-10-14,116473,The Music Market / Arts and Media Ltd,,,25/11/2020," Our client, an internationally acclaimed music publisher, is seeking a Chief Technology Officer to bring technological expertise that enhances business objective. Key responsibilities will include:  Developing projects that include evolving the MVP into a commercial project and incorporating machine learning to create a technologically advanced service.Analysing information flow and system requirements.... ",41180842,Chief Technology Officer ,https://www.reed.co.uk/jobs/chief-technology-officer/41180842,London,,
3,GBP,2020-12-10,598612,Michael Page Technology,,,26/10/2020," Fullstack Developer: Fullstack Developer (PHP / Python) required for the development of high transactional Websites / URLs for a leading Tech services company. Client Details Fullstack Developer: Our client is a Tech company focused in Streaming industry. They have exciting plans that will see their Tech team significantly increase in size, building additional exp... ",41171923,Full Stack Developer - Permanent / FTC,https://www.reed.co.uk/jobs/full-stack-developer-permanent-ftc/41171923,London,85000.0,65000.0
9,GBP,2020-12-10,598612,Michael Page Technology,,,26/10/2020," Frontend Developer: Frontend developers required for the development of high transactional Websites/URLs for a leading Tech services company. Client Details Frontend Developer: Our client is a Tech company focused in Streaming industry. They have exciting plans that will see their Tech team significantly increase in size, building additional expertise and capacity... ",41171831,Frontend Developer - Remote / Homebased Permanent  or FTC,https://www.reed.co.uk/jobs/frontend-developer-remote-homebased-permanent-or-ftc/41171831,London,75000.0,55000.0
20,GBP,2020-09-30,440696,Access Creative College (Access to Music Limited),,,11/11/2020," Post: Digital Marketing Manager Location: 50 Fountain Street, Manchester, M2 2AS Salary: &#163;22,000-&#163;24,000 Hours: Full-time, permanent Commencing: As soon as possible Closing: 28th October 2020  We’re looking for a bright, enthusiastic Digital Marketing Manager to join our expanding marketing team and grow our online presence. We’re a creative bunch who are in the process of developing a new ... ",40983932,Digital Marketing Manager,https://www.reed.co.uk/jobs/digital-marketing-manager/40983932,Manchester,24000.0,22000.0
9,GBP,2020-09-14,602414,Verus Recruitment LTD,,,26/10/2020," Unity Programmer/Developer (Game Development)Location:&nbsp; SheffieldSalary:&nbsp; &#163;30,000 - &#163;40,000 p.a (DOE)Permanent, Full-time. Our client, an independent AAA games development house based in Sheffield, is expanding rapidly and we are keen to talk to experienced Unity Developers. We are looking for someone ideally with experience in Physics and Multiplayer. So if this is you, we  would... ",40868128,Unity Programmer/Developer Game Development,https://www.reed.co.uk/jobs/unity-programmer-developer-game-development/40868128,Sheffield,40000.0,30000.0
17,,2020-03-09,429246,SLS Recruitment,,,15/10/2020," Sales AnalystCheshire&#163;28,000 - &#163;30,000Our client is looking for a passionate and experienced Sales Analyst in the FMCG industry to form part of their growing team. This entrepreneurial consumer goods company took off following the CEO’s successful pitch on Dragon’s Den. Fast forward to the present and our client’s goo... ",40817726,Sales Analyst,https://www.reed.co.uk/jobs/sales-analyst/40817726,Cheshire,,
10,,2020-10-14,391638,Mercer,,,25/11/2020,"  Client Advisor - Marsh - Birmingham The client: Marsh  Marsh is a risk management expert, committed to helping its clients to anticipate, model, and manage threats to their businesses.We are a professional and technical team with an impeccable reputation in a niche market.Despite the tough challenges thrown at our industry from the current pandemic, we are resilient at m... ",41187980,Client Advisor,https://www.reed.co.uk/jobs/client-advisor/41187980,Birmingham,,
24,GBP,2020-09-23,558402,Focusrite,,,04/11/2020," Finance System AccountantBased: High Wycombe, with flexibility for home-workingSalary: &#163;55kTerm: Full-time, Permanent We are looking for a Finance System Accountant to join our team and take the lead on the group’s finance system integrations project and develop business case proposals. If you are successful in this role, you will  W... ",40950899,Finance Systems Accountant,https://www.reed.co.uk/jobs/finance-systems-accountant/40950899,High Wycombe,55000.0,55000.0
14,GBP,2020-03-09,311822,RecruitmentRevolution.com,,,15/10/2020," Our vision is to provide better critical messaging solutions. Our devices and apps enable doctors, nurses, fire crews, lifeboat volunteers, carers and colleagues to save lives and provide effective security. As a Junior Technical Author you will be responsible for writing specialist information about our products and services, and how they work. You will need to explain how things are used in a way that is easy to underst... ",40822071,Junior Technical Author - Critical Messaging Solutions,https://www.reed.co.uk/jobs/junior-technical-author-critical-messaging-solutions/40822071,Basingstoke,25000.0,25000.0
270,,2019-12-09,542356,Pearson,,,12/11/2020," BTEC National Examiner - level 3 Reference: BTECNATX0916 We are currently recruiting Examiners for the BTEC Nationals (Level 3) qualification. This is a part time role which will be completed at home, and in your own time. Purpose A BTEC Nationals Examiner marks candidates’ responses in accordance with the pre-defined mark scheme, whilst adhering to the Code of Practice and examination procedures.... ",38899255,BTEC National Examiner - level 3,https://www.reed.co.uk/jobs/btec-national-examiner-level-3/38899255,London,,
35,,2020-05-10,560222,Flatraterecruitment Group Ltd,,,05/11/2020," Our client is now casting for Models and Extras to appear in new season magazines, commercials, billboards, music videos and extras. If you are looking for a change of career or maybe just part time modelling then this may be opportunity for you. With little or no experience required, there are endless opportunities for models and beginners to work with the biggest names in the industry. This is a cool and fun working environment if s... ",41130831,Casting for Models,https://www.reed.co.uk/jobs/casting-for-models/41130831,London,,
16,,2020-10-13,443615,TempTribe,,,24/11/2020, At TempTribe we’re changing the way you work. Tech-enabled mobile workforces of happy and helpful people.   LET US INTRODUCE OURSELVES… We’re TempTribe. We established our business in London 13 years ago to shake up the hospitality staffing sector; and we did… We believe in building great technology products that help us to provide our clients with outstanding service. We do this by doing lots of ... ,41174366,Business Development Director,https://www.reed.co.uk/jobs/business-development-director/41174366,London,,
6,GBP,2020-09-30,549410,Premier Digital,,,11/11/2020,"Mid/Senior Strategist Central London &#163;40,000 - &#163;55,000 (DOE) An award-winning independent creative agency based in Central London are looking for an ambitious Mid/Senior Strategist to join their ranks, on a permanent basis.This is a fantastic opportunity for an individual looking to push boundaries as well as working across an array of ex... ",40994247,Mid/Senior Strategist,https://www.reed.co.uk/jobs/mid-senior-strategist/40994247,London,55000.0,40000.0
53,,2020-03-09,499687,Kantar Group Limited,,,15/10/2020," Client Manager  KANTAR Worldpanel Westgate London Introduction Kantar has recently launched a new service, Entertainment on Demand. This Client Manager role provides an enviable opportunity to join at the start of this growth journey and help shape and contribute to success in a fast-paced, exciting growth industry.  As a Client Manager in a newly form... ",40822127,Kantar Client Manager,https://www.reed.co.uk/jobs/kantar-client-manager/40822127,London,,
11,,2020-10-15,12503,Handle Recruitment,,,26/11/2020, An amazing opportunity to work at the heart of the Electronic Music Industry. The role:  Brand Marketing Material Design and ExecutionPhotography AssetsPublic relationsAdvertising and media buyingDigital ManagementCampaigns and Tactical Product Marketing SupportBudget ResponsibilityAnalytics Knowledge and Skill requirements... ,41190939,Marketing Executive,https://www.reed.co.uk/jobs/marketing-executive/41190939,London,,
3,GBP,2020-10-15,410694,Pareto ,,,22/10/2020,"Role: Public Sector Sales ManagerLocation: LondonSalary: NegotiablePeople now depend on having an internet connection to listen to music, read the news and talk to friends, and having a lightning fast connectivity has never been more important for the UK and particularly London.Innovation and technology come about to help people and businesses keep up. Just as dial-up and WiFi changed the industrial world, we are pr... ",41189517,Public Sector Sales Manager,https://www.reed.co.uk/jobs/public-sector-sales-manager/41189517,London,60000.0,50000.0
4,GBP,2020-10-14,549408,Premier IT,,,25/11/2020,"Full stack Developer&#163;35,000 - &#163;50,000RemoteA leading digital agency, offering remote work, have an amazing opportunity for a motivated full stack developer to join their creative team. The full stack developer will be creating bespoke campaigns for some of the biggest music artists, brands and clients  across the globe! The full stack developer is encourag... ",41188648,Full Stack PHP Developer,https://www.reed.co.uk/jobs/full-stack-php-developer/41188648,London,50000.0,35000.0
4,GBP,2020-10-14,549408,Premier IT,,,25/11/2020,"Full stack Developer&#163;35,000 - &#163;50,000RemoteA leading digital agency, offering remote work, have an amazing opportunity for a motivated full stack developer to join their creative team. The full stack developer will be creating bespoke campaigns for some of the biggest music artists, brands and clients  across the globe! The full stack developer is encourag... ",41188640,Full Stack PHP Developer,https://www.reed.co.uk/jobs/full-stack-php-developer/41188640,North West England,50000.0,35000.0
62,,2020-02-10,116473,The Music Market / Arts and Media Ltd,,,13/11/2020," Our client, an iconic recording facility is seeking an adept Finance Analyst to support Studio Managers and the Finance Director with financial, business, and administrative support for a maternity cover. Key responsibilities will include:  Authorising budgets, purchase orders and expenses.Dealing with supplier and client queries regarding payments and finance requests.Liaising with accounts payable... ",41043661,Finance Analyst,https://www.reed.co.uk/jobs/finance-analyst/41043661,London,,
12,,2020-09-24,116473,The Music Market / Arts and Media Ltd,,,17/12/2020," Our client, a global Record Company is seeking a highly detail orientated Digital and Data Optimiser to manage their repertoire across their classics and jazz labels. Key responsibilities will include:  Performing empirical testing within music streaming data.Recording accurately data, aggregating and maintaining it to the highest standard.Curating and describing repertoire based on qualities such a... ",40955496,Digital and Data Optimiser,https://www.reed.co.uk/jobs/digital-and-data-optimiser/40955496,London,,
2,GBP,2020-10-14,389257,Morgan McKinley,,,25/11/2020," Are you looking for your next step after qualifying? This expanding firm based in fantastic offices is seeking to recruit a talented Audit and Accounts Senior who is looking for their next challenge. The role is a mix of Audit (approx 40%) and Accounts and  tax (60%), with potential opportunities for growth in the way of secondments, promotion and /or project work as it arises. This firm attracts a high % of talented individuals from Big 4 a... ",41182207,Audit Senior. Fantastic city firm. Partner potential.,https://www.reed.co.uk/jobs/audit-senior-fantastic-city-firm-partner-potential/41182207,London,50000.0,42000.0
4,GBP,2020-06-10,330487,Industria Personnel Services Ltd,,,03/11/2020," PRINT OPERATIVE About Our Client Volume textile placement printers to Retail and trade to National companies. Our client continually invest in their systems, design studio &amp; technology ensuring that they remain the leader in the industry – with production capabilities that are the best  in the UK – if not the world. With over 15,000 sq ft of factory space, the UK’s only 18 colour machine &amp; a production capacity of over ... ",41137473,Print Operatives,https://www.reed.co.uk/jobs/print-operatives/41137473,Hinckley,9.59,9.59
10,,2020-10-14,116473,The Music Market / Arts and Media Ltd,,,25/11/2020," Our client, a global music company is seeking an experienced Learning &amp; Development Business Partner for a twelve-month maternity cover. Key responsibilities will include:  Collaborating with L&amp;D team to co-create and deliver strategies as well as companywide projects.Taking responsibility for assigned business areas and undertaking training needs analysis.Authoring career development programmes a... ",41181552,Learning & Development Business Partner ,https://www.reed.co.uk/jobs/learning-development-business-partner/41181552,London,,
36,GBP,2020-10-13,12503,Handle Recruitment,,,10/11/2020," An exclusive opportunity has become available for a talented and experienced AR Manager to join a global leading Entertainment studio who specialise in some of the worlds most recognised content across all media platforms, including film, television,  music production and sales. The role of the AR Manager will be based in Central London, but will be responsible for the AR functions across the UK &amp; Germany.</... ",41179034,AR Manager - Global Entertainment - 12-14 month contract,https://www.reed.co.uk/jobs/ar-manager-global-entertainment-12-14-month-contract/41179034,London,45000.0,45000.0
22,GBP,2020-01-10,619795,Digital Concrete LTD,,,12/11/2020," Would you describe yourself as a tech wizard? Someone who’s able to sprinkle their magic across audio, video and live streaming technology? If you have honed your skills through working in live events, then you are the person we’re talking too.   You will be working for a leading health organisation who are determined to push the boundaries of medical knowledge and care, for everyone. Their work has changed lives and will continue to ... ",41020773,Senior Event Technician - Audio Visual ,https://www.reed.co.uk/jobs/senior-event-technician-audio-visual/41020773,London,30000.0,30000.0
59,GBP,2020-10-13,347335,Sauce Recruitment Ltd,,,12/11/2020,"Due to continued growth a thriving Digital Music company is looking to expand their data analytics team and is looking for a Junior Analyst to join their team.The company works with a huge number of independent record labels, distributors and artist services on a global scale and as they continue to expand in to new territories and work with more digital services their exceptional growth and reputation continues.The Junior Data... ",41177623,Junior Data Analyst,https://www.reed.co.uk/jobs/junior-data-analyst/41177623,London,28000.0,24000.0
3,GBP,2020-10-13,408461,X4 Group,,,12/11/2020," A global media company are looking to take on an experienced 3D Generalist, with a commercial background in AR/VR immersive experiences, to join their close-knit team who are working on a collection of exciting VR projects. The Company  The client in question specialise in producing state of the art music equipment to be sold on the global music stage. They have recently moved into the AR/VR space in the hope o... ",41176807,3D Generalist,https://www.reed.co.uk/jobs/3d-generalist/41176807,Manchester,45000.0,35000.0
9,,2020-09-10,12503,Handle Recruitment,,,20/11/2020," Commercial Analyst - Music Central London Competitive Salary Fantastic opportunity for an experienced and detailed orientated Commercial Analyst to join a Commercial Intelligence team within an established Music and Entertainment company. Reporting to the Director of Commercial Intelligence, you will be responsible for analysing market and channel trends and reven... ",41158873,Commercial Analyst - Music,https://www.reed.co.uk/jobs/commercial-analyst-music/41158873,London,,
94,GBP,2020-01-10,347335,Sauce Recruitment Ltd,,,30/10/2020,"A global digital media company in Central London are recruiting for a Royalty Reporting Assistant to support the Royalty Reporting Manager and ensure royalty reports are received, processed and delivered efficiently. This is a high volume data analyst role and would suit a recent graduate with experience in data analysis and an interest in Music.This company is in double digit growth and provides and excellent opportunity... ",41007785,Royalty Reporting Assistant,https://www.reed.co.uk/jobs/royalty-reporting-assistant/41007785,London,30000.0,25000.0
6,GBP,2020-10-13,332753,Noir,,,24/11/2020," .NET Developer, .NET Core, C# - Global Record Label - London (Tech stack: .NET Developer, .NET Core 3.1, Azure, Angular 9, Multithreading, RESTful, Web API 2, JavaScript, .NET Developer, Urgent) We are pleased to announce that our client, one of the largest and most recognised brands within the music industry, is seeking .NET Developer to work out of their plush offices in the heart of London's West End. <p... ",41173071,".NET Developer, .NET Core, C# - Global Record Label - London",https://www.reed.co.uk/jobs/net-developer-net-core-c-global-record-label-london/41173071,London,50000.0,30000.0
3,GBP,2020-10-13,332753,Noir,,,24/11/2020," .NET Developer, C#, WPF - Mobile Telecommunications - Manchester (Tech stack: .NET Developer, C#, WPF, Server 2019, MVVM, Prism, TDD, Agile, .NET Developer, Urgent) Established in the early 1990s and listed on the London Stock Exchange our client is an instantly recognizable brand within the mobile telecommunications arena. They are widely recognized as innovators within the market and were the first company to... ",41173064,".NET Developer, C# - Mobile Telecommunications - Manchester",https://www.reed.co.uk/jobs/net-developer-c-mobile-telecommunications-manchester/41173064,Manchester,70000.0,50000.0
7,GBP,2020-10-13,332753,Noir,,,24/11/2020," .NET Developer, .NET Core, C# - Digital Download Site - London (Tech stack: .NET Developer, .NET Core 3.1, Web API 2, Entity Framework, Microservices, Azure, .NET Developer, Urgent)With operations in over 20 countries our client has fast become a major player within the digital download arena. In addition to an award winning website they have launched mobile apps for the iPhone and Android market, the latt... ",41173067,".NET Developer, .NET Core, C# - Digital Download Site - London",https://www.reed.co.uk/jobs/net-developer-net-core-c-digital-download-site-london/41173067,London,80000.0,60000.0
61,GBP,2020-08-10,12503,Handle Recruitment,,,19/11/2020," Management Accountant - Music Technology - London A part qualified Management Accountant is required for our client within the Music Technology industry. This Management Accountant will be responsible for ensuring a smooth running of the finance function including the month end close, statutory audit and  tax returns.  The ideal candidate for this role will have 3 years&#43; experience working as part of a fina... ",41151459,Management Accountant - Music - Central London,https://www.reed.co.uk/jobs/management-accountant-music-central-london/41151459,London,35000.0,32000.0
4,GBP,2020-12-10,332753,Noir,,,23/11/2020," Android Developer (Tech stack: Android Developer, Mobile, Android Developer, Urgent)With operations in over 20 countries our client has fast become a major player within the digital download arena. In addition to an award winning website they have launched mobile apps for the iPhone and Android market, the latter of which has been featured  on Google Play. They have created a real buzz in the industry have... ",41166250,Android Developer,https://www.reed.co.uk/jobs/android-developer/41166250,Aberdeen,40000.0,30000.0
2,GBP,2020-12-10,332753,Noir,,,23/11/2020," .NET Developer, .NET Core, C# - Global Record Label - Hertford (Tech stack: .NET Developer, .NET Core 3.1, Azure, Angular 9, Multithreading, RESTful, Web API 2, JavaScript, .NET Developer, Urgent) We are pleased to announce that our client, one of the largest and most recognised brands within the music industry, is seeking .NET Developer to work out of their plush offices in the heart of Hertford, Hertfordshire... ",41164467,".NET Developer, .NET Core, C# - Global Record Label - Hertford",https://www.reed.co.uk/jobs/net-developer-net-core-c-global-record-label-hertford/41164467,Hertford,65000.0,40000.0
3,GBP,2020-12-10,332753,Noir,,,23/11/2020," .NET Developer, .NET Core, C# - Digital Download Site - Sheffield (Tech stack: .NET Developer, .NET Core 3.1, Web API 2, Entity Framework, Microservices, Azure, .NET Developer, Urgent)With operations in over 20 countries our client has fast become a major player within the digital download arena. In addition to an award winning website they have launched mobile apps for the iPhone and Android market, the l... ",41164458,".NET Developer, C# - Digital Download Site - Sheffield",https://www.reed.co.uk/jobs/net-developer-c-digital-download-site-sheffield/41164458,Sheffield,60000.0,40000.0
3,GBP,2020-12-10,332753,Noir,,,23/11/2020," .NET Developer, .NET Core, C# - Consultancy - Plymouth (Tech stack: .NET Developer, .NET Core 3.1, ASP.NET, C#, React, Angular 9, Microservices, Vue.js, TypeScript, Azure, Web API 2, Agile, SQL Server 2019, .NET Developer, Urgent) Our client is an award winning Microsoft consultancy. They specialise in delivering innovative .NET technology based business solutions to investment banks, financial services compani... ",41164455,".NET Developer, .NET Core, C# - Consultancy - Plymouth",https://www.reed.co.uk/jobs/net-developer-net-core-c-consultancy-plymouth/41164455,Plymouth,50000.0,30000.0
4,GBP,2020-12-10,332753,Noir,,,23/11/2020," .NET Developer, .NET Core, C# - Digital Download Site - Bristol (Tech stack: .NET Developer, .NET Core 3.1, Web API 2, Entity Framework, Microservices, Azure, .NET Developer, Urgent)With operations in over 20 countries our client has fast become a major player within the digital download arena. In addition to an award winning website they have launched mobile apps for the iPhone and Android market, the lat... ",41164454,".NET Developer, .NET Core, C# - Digital Download Site - Bristol",https://www.reed.co.uk/jobs/net-developer-net-core-c-digital-download-site-bristol/41164454,Bristol,80000.0,60000.0
3,GBP,2020-12-10,332753,Noir,,,23/11/2020," .NET Developer, .NET Core, C# - Global Record Label - Bradford (Tech stack: .NET Developer, .NET Core 3.1, Azure, Angular 9, Multithreading, RESTful, Web API 2, JavaScript, .NET Developer, Urgent) We are pleased to announce that our client, one of the largest and most recognised brands within the music industry, is seeking .NET Developer to work out of their plush offices in the heart of Bradford. You wi... ",41164451,".NET Developer, .NET Core, C# - Global Record Label - Bradford",https://www.reed.co.uk/jobs/net-developer-net-core-c-global-record-label-bradford/41164451,Bradford,65000.0,40000.0
2,GBP,2020-12-10,332753,Noir,,,23/11/2020," .NET Developer, .NET Core, C# - Consultancy - Stevenage (Tech stack: .NET Developer, .NET Core 3.1, ASP.NET, C#, React, Angular 9, Microservices, Vue.js, TypeScript, Azure, Web API 2, Agile, SQL Server 2019, .NET Developer, Urgent) Our client is an award winning Microsoft consultancy. They specialise in delivering innovative .NET technology based business solutions to investment banks, financial services compan... ",41164438,".NET Developer, .NET Core, C# - Consultancy - Stevenage",https://www.reed.co.uk/jobs/net-developer-net-core-c-consultancy-stevenage/41164438,Stevenage,55000.0,35000.0
2,GBP,2020-12-10,332753,Noir,,,23/11/2020," .NET Developer, C#, WPF - Mobile Teleco - Milton Keynes (Tech stack: .NET Developer, .NET Core 3.1, C#, WPF, Server 2019, MVVM, Prism, TDD, Agile, .NET Developer, Urgent) Established in the early 1990s and listed on the London Stock Exchange our client is an instantly recognizable brand within the mobile telecommunications arena. They are widely recognized as innovators within the market and were the first comp... ",41164431,".NET Developer, C#, WPF - Mobile Teleco - Milton Keynes",https://www.reed.co.uk/jobs/net-developer-c-wpf-mobile-teleco-milton-keynes/41164431,Milton Keynes,50000.0,30000.0
2,GBP,2020-12-10,332753,Noir,,,23/11/2020," .NET Developer, .NET Core, C# - Consultancy - Bracknell (Tech stack: .NET Developer, .NET Core 3.1, ASP.NET, C#, React, Angular 9, Microservices, Vue.js, TypeScript, Azure, Web API 2, Agile, SQL Server 2019, .NET Developer, Urgent) Our client is an award winning Microsoft consultancy. They specialise in delivering innovative .NET technology based business solutions to investment banks, financial services compan... ",41164405,".NET Developer, .NET Core, C# - Consultancy - Bracknell",https://www.reed.co.uk/jobs/net-developer-net-core-c-consultancy-bracknell/41164405,Bracknell,60000.0,30000.0
2,GBP,2020-12-10,332753,Noir,,,23/11/2020," .NET Developer, .NET Core, C# - Newcastle-under-Lyme (Tech stack: .NET Developer, .NET Core 3.1, ASP.NET, C#, React, Angular 9, Microservices, Vue.js, TypeScript, Azure, Web API 2, Agile, SQL Server 2019, .NET Developer, Urgent) Our client is an award winning Microsoft consultancy. They specialise in delivering innovative .NET technology based business solutions to investment banks, financial services companies... ",41164395,".NET Developer, .NET Core, C# - Newcastle-under-Lyme",https://www.reed.co.uk/jobs/net-developer-net-core-c-newcastle-under-lyme/41164395,Stoke-on-Trent,50000.0,30000.0
2,GBP,2020-12-10,332753,Noir,,,23/11/2020," .NET Developer, .NET Core, C# - Consultancy - Bangor (Tech stack: .NET Developer, .NET Core 3.1, ASP.NET, C#, React, Angular 9, Microservices, Vue.js, TypeScript, Azure, Web API 2, Agile, SQL Server 2019, .NET Developer, Urgent) Our client is an award winning Microsoft consultancy. They specialise in delivering innovative .NET technology based business solutions to investment banks, financial services companies... ",41164393,".NET Developer, .NET Core, C# - Consultancy - Bangor",https://www.reed.co.uk/jobs/net-developer-net-core-c-consultancy-bangor/41164393,Bangor,50000.0,30000.0
4,GBP,2020-12-10,332753,Noir,,,23/11/2020," .NET Developer, .NET Core, C# - Digital Download Site - Woking (Tech stack: .NET Developer, .NET Core 3.1, Web API 2, Entity Framework, Microservices, Azure, .NET Developer, Urgent)With operations in over 20 countries our client has fast become a major player within the digital download arena. In addition to an award winning website they have launched mobile apps for the iPhone and Android market, the latt... ",41164380,".NET Developer, .NET Core, C# - Digital Download Site - Woking",https://www.reed.co.uk/jobs/net-developer-net-core-c-digital-download-site-woking/41164380,Woking,80000.0,60000.0
3,GBP,2020-12-10,332753,Noir,,,23/11/2020," .NET Developer, .NET Core, C# - Global Record Label - Leatherhead (Tech stack: .NET Developer, .NET Core 3.1, Azure, Angular 9, Multithreading, RESTful, Web API 2, JavaScript, .NET Developer, Urgent) We are pleased to announce that our client, one of the largest and most recognised brands within the music industry, is seeking .NET Developer to work out of their plush offices in the heart of Leatherhead. ... ",41164381,".NET Developer, C# - Global Record Label - Leatherhead",https://www.reed.co.uk/jobs/net-developer-c-global-record-label-leatherhead/41164381,Leatherhead,45000.0,30000.0
3,GBP,2020-12-10,332753,Noir,,,23/11/2020," .NET Developer, C#, WPF - Mobile Telecommunications - London (Tech stack: .NET Developer, .NET Core 3.1, C#, WPF, Server 2019, MVVM, Prism, TDD, Agile, .NET Developer, Urgent) Established in the early 1990s and listed on the London Stock Exchange our client is an instantly recognizable brand within the mobile telecommunications arena. They are widely recognized as innovators within the market and were the first... ",41164369,".NET Developer, C#, WPF - Mobile Telecommunications - London",https://www.reed.co.uk/jobs/net-developer-c-wpf-mobile-telecommunications-london/41164369,London,50000.0,30000.0
2,GBP,2020-12-10,332753,Noir,,,23/11/2020," .NET Developer, .NET Core, C# - Global Record Label - Salford (Tech stack: .NET Developer, .NET Core 3.1, Azure, Angular 9, Multithreading, RESTful, Web API 2, JavaScript, .NET Developer, Urgent) We are pleased to announce that our client, one of the largest and most recognised brands within the music industry, is seeking .NET Developer to work out of their plush offices in the heart of Salford. You will... ",41164360,".NET Developer, .NET Core, C# - Global Record Label - Salford",https://www.reed.co.uk/jobs/net-developer-net-core-c-global-record-label-salford/41164360,Swinton,65000.0,40000.0
4,GBP,2020-12-10,332753,Noir,,,23/11/2020," .NET Developer, .NET Core, C# - Consultancy - Bromley (Tech stack: .NET Developer, .NET Core 3.1, ASP.NET, C#, React, Angular 9, Microservices, Vue.js, TypeScript, Azure, Web API 2, Agile, SQL Server 2019, .NET Developer, Urgent) Our client is an award winning Microsoft consultancy. They specialise in delivering innovative .NET technology based business solutions to investment banks, financial services companie... ",41164353,".NET Developer, .NET Core, C# - Consultancy - Bromley",https://www.reed.co.uk/jobs/net-developer-net-core-c-consultancy-bromley/41164353,Bromley,50000.0,40000.0
2,GBP,2020-12-10,332753,Noir,,,23/11/2020," .NET Developer, .NET Core, C# - Digital Download Site - Manchester (Tech stack: .NET Developer, .NET Core 3.1, Web API 2, Entity Framework, Microservices, Azure, .NET Developer, Urgent)With operations in over 20 countries our client has fast become a major player within the digital download arena. In addition to an award winning website they have launched mobile apps for the iPhone and Android market, the ... ",41164346,".NET Developer, C# - Digital Download Site - Manchester",https://www.reed.co.uk/jobs/net-developer-c-digital-download-site-manchester/41164346,Manchester,50000.0,30000.0
7,GBP,2020-12-10,332753,Noir,,,23/11/2020," .NET Developer, .NET Core, C# - Consultancy - London Or Surrey (Tech stack: .NET Developer, .NET Core 3.1, ASP.NET, C#, React, Angular 9, Microservices, Vue.js, TypeScript, Azure, Web API 2, Agile, SQL Server 2019, .NET Developer, Urgent) Our client is an award winning Microsoft consultancy. They specialise in delivering innovative .NET technology based business solutions to investment banks, financial services... ",41164341,".NET Developer, .NET Core, C# - Consultancy - London Or Surrey",https://www.reed.co.uk/jobs/net-developer-net-core-c-consultancy-london-or-surrey/41164341,London,70000.0,40000.0
1,GBP,2020-12-10,332753,Noir,,,23/11/2020," .NET Developer, .NET Core, C# - Digital Download Site - Hatfield (Tech stack: .NET Developer, .NET Core 3.1, Web API 2, Entity Framework, Microservices, Azure, .NET Developer, Urgent)With operations in over 20 countries our client has fast become a major player within the digital download arena. In addition to an award winning website they have launched mobile apps for the iPhone and Android market, the la... ",41164339,".NET Developer, C# - Digital Download Site - Hatfield",https://www.reed.co.uk/jobs/net-developer-c-digital-download-site-hatfield/41164339,Hatfield,60000.0,40000.0
0,GBP,2020-12-10,332753,Noir,,,23/11/2020," .NET Developer, .NET Core, C# - Digital Download Site - Weston-super-Mare (Tech stack: .NET Developer, .NET Core 3.1, Web API 2, Entity Framework, Microservices, Azure, .NET Developer, Urgent)With operations in over 20 countries our client has fast become a major player within the digital download arena. In addition to an award winning website they have launched mobile apps for the iPhone and Android marke... ",41164322,".NET Developer, C# - Digital Download Site - Weston-super-Mare",https://www.reed.co.uk/jobs/net-developer-c-digital-download-site-weston-super-mare/41164322,Weston-super-Mare,35000.0,30000.0
55,GBP,2020-09-29,616262,PM Human Capital Solutions ,,,10/11/2020," PM Human Capital Solutions are currently working with an established and well respected top 100 US accounting firm that has an office in Central London, the firm work with a wide range of clients but mainly specialise in working with music and entertainment  industry clients. The firm works with some very well-known international artists along with clients in the sports sectors and high net worth individuals. We are looking for... ",40977362,Assistant Manager - International Accounting Practice / Music / Entertainment / HNW ,https://www.reed.co.uk/jobs/assistant-manager-international-accounting-practice-music-entertainment-hnw/40977362,Southwark,55000.0,40000.0
34,GBP,2020-09-29,321873,CCR Recruitment & Selection,,,10/11/2020," B2B Business Development Executive &#163;22,000-&#163;25,000 basic salary, based on experience &#43; Realistic Commission OTE additional &#163;15-18,000 PLUS Excellent Benefits Package Location: Southwark (London) Over the past 42 years, my client has delivered over 11,000 successful projects to a hugely diverse client list. To continue this track record of succ... ",40977046,B2B Business Development Executive,https://www.reed.co.uk/jobs/b2b-business-development-executive/40977046,London,25000.0,22000.0
3,GBP,2020-09-24,576700,Ernest Gordon Recruitment Limited,,,05/11/2020," Excellent role on offer for a CNC Operator to join a progressive, market leading company who can offer ongoing training and development and the chance to progress. Do you have CNC operating skills? Do you want to work for a business where you will receive a lot of investment and be well looked after? The company design and hand manufacture bespoke and specialist products to the music industry and are making a name for themselve... ",40957019,CNC Operator,https://www.reed.co.uk/jobs/cnc-operator/40957019,Ireland,26000.0,22000.0
71,GBP,2020-09-21,506870,BrighterBox,,,21/10/2020," Company Description This full-service PR agency specialises in Entertainment Technology PR. They cover all media fields associated with tech, gaming, and gadgets. They are looking for someone to help the digital side of the business. They host, manage and maintain press websites  for some of the biggest companies in Video Games, and are looking for someone to support their digital team. It is a great stepping stone if... ",40933841,Gaming Digital Operations Executive,https://www.reed.co.uk/jobs/gaming-digital-operations-executive/40933841,London,18000.0,15000.0
42,,2020-09-17,12503,Handle Recruitment,,,29/10/2020," Fantastic opportunity for a passionate and organised Archive Engineer to join a post production team at a globally recognised music recording studio space. Key features will include:   Transferring audio at hi-res from a variety of different sources, including analogue tape, but also digital formats such as Umatic and DATBeing a strong team player by supporting your colleagues in completing tasksBuilding ... ",40897329,Archive Engineer - Music,https://www.reed.co.uk/jobs/archive-engineer-music/40897329,London,,
42,GBP,2020-09-17,616262,PM Human Capital Solutions ,,,29/10/2020," PM Human Capital Solutions are currently working with an established and well respected top 100 US accounting firm that has an office in Central London, the firm work with a wide range of clients but mainly specialise in working with music and entertainment  industry clients. The firm works with some very well-known international artists along with clients in the sports sectors and high net worth individuals. We are looking for... ",40893971,Assistant Manager - Top 100 US Accounting Firm - Music & Entertainment ,https://www.reed.co.uk/jobs/assistant-manager-top-100-us-accounting-firm-music-entertainment/40893971,Southwark,55000.0,45000.0
43,GBP,2020-09-16,446933,Clear Edge Search & Selection Ltd.,,,28/10/2020," Business Development Manager - Craft Beer National &#163;28,000 - &#163;35,000 &#43; Bonus &#43; Travel  This is a fantastic opportunity for someone to join one of the original leaders of the craft beer revolution. The business has an incredible range of Session Ales, Porters, Ambers and Sours and have won countless awards in the field. They have done some  amazing colla... ",40878177,Business Development Manager - Craft Beer,https://www.reed.co.uk/jobs/business-development-manager-craft-beer/40878177,London,35000.0,28000.0
178,GBP,2020-09-15,409576,Talentedge,,,27/10/2020," Talentedge are partnering with a leading independent media organisation in search of an Interim FP&amp;A, Senior Analyst (3-6 months with opportunity to extend/go perm). The position will support the Group Finance Director in creating finance and reporting processes  for a newly created divisional structure.  The role  Play key role in developing financial planning and reporting processes for newly created division<li... ",40873554,Interim FP&A Senior Analyst,https://www.reed.co.uk/jobs/interim-fp-a-senior-analyst/40873554,London,340.0,300.0
70,,2020-09-15,116473,The Music Market / Arts and Media Ltd,,,27/10/2020," Our client, an iconic record label is seeking an adaptable Junior Streaming &amp; Commerce Analyst to assist campaigns for some of the world’s biggest artists. Key responsibilities will include:  Regularly reporting and forecasting track/album consumption for further analysis across streaming manager, physical retail, and digital download partners.Providing updates on develo... ",40873004,Junior Streaming & Commerce Analyst ,https://www.reed.co.uk/jobs/junior-streaming-commerce-analyst/40873004,London,,
49,GBP,2020-09-15,611914,Edgewell UK LTD,,,27/10/2020," Digital Content Team Leader - Radio Office based in Central London &#43; some travel to Events. Permanent. &#163;34,000 - &#163;45,000 &#43; Expenses &#43; Company Benefits This is a unique opportunity to lead the Digital team at a leading Radio station working across their award winning brands. You will work closely with productions, commercial and the wider digital team as a leader in the creation of inno... ",40871450,Digital Content Team Leader - Radio,https://www.reed.co.uk/jobs/digital-content-team-leader-radio/40871450,London,45000.0,34000.0
5,GBP,2020-03-09,576700,Ernest Gordon Recruitment Limited,,,15/10/2020," Excellent role on offer for a CNC Operator to join a progressive, market leading company who can offer ongoing training and development and the chance to progress. Do you have CNC operating skills? Do you want to work for a business where you will receive a lot of investment and be well looked after? The company design and hand manufacture bespoke and specialist products to the music industry and are making a name for themselve... ",40821174,CNC Operator Nights,https://www.reed.co.uk/jobs/cnc-operator-nights/40821174,Ireland,26000.0,22000.0
15,,2020-03-09,339255,Pro-Finance Recruitment Group,,,15/10/2020," Accounts and Audit Senior  Location: Jubilee and Metropolitan Line Salary: &#163;45,000 - &#163;48,000 &#43; fantastic opportunities  Would you like to join a well-established and highly reputable accountancy practice with over 80 years of experience?Do you want to have an exciting and varied portfolio of clients in the Media and Entertainment industry? What is great ab... ",40820777,Accounts and Audit Senior,https://www.reed.co.uk/jobs/accounts-and-audit-senior/40820777,London,,
158,GBP,2019-09-18,321873,CCR Recruitment & Selection,,,18/11/2020," Business Development Executive &#163;22,000-&#163;25,000 based on experience &#43; Realistic Commission OTE additional &#163;15-18,000 PLUS Excellent Benefits Package Location: Southwark (London) Over the past 42 years, my client has delivered over 11,000 successful projects to a hugely diverse client list. To continue this track record of success, they believe ... ",38943384,Business Development Executive,https://www.reed.co.uk/jobs/business-development-executive/38943384,Southwark,25000.0,22000.0
30,GBP,2020-01-10,602414,Verus Recruitment LTD,,,12/11/2020," Graduate Game Developer (Game Development)Location:&nbsp; Sheffield, UKSalary:&nbsp; &#163;20,000 - &#163;25,000 p.a (DOE)Permanent, Full-time. Our client, an independent AAA games development house based in Sheffield, is expanding rapidly and we are keen to talk to Graduate Games Developers. As their Graduate Games Programmer /Developer, you will be supporting the programming team to create a world ... ",41019155,Graduate Game Developer,https://www.reed.co.uk/jobs/graduate-game-developer/41019155,Sheffield,25000.0,20000.0
1,GBP,2020-01-10,337478,Principal Resourcing,,,12/11/2020," A rare and exciting opportunity has arisen to join a thriving Music department at an academy based in Bradford. The academy is looking for a teacher that is committed to not only the attainment and learning of their pupils, but who is a passionate and reflective  individual who is passionate about improving their own knowledge and teaching practise. The academy is dedicated to providing a safe, supportive and happy learning environment for t... ",41013309,Music Teacher,https://www.reed.co.uk/jobs/music-teacher/41013309,Bradford,185.0,110.0
26,GBP,2020-12-10,1607,Ruella James,,,23/11/2020," Business Development / Interim Team Leader - Digital Tech Recruitment Consultancy Basic c. &#163;60-65k&#43;&#43;&#43; OTE &#163;100k &#43; Benefits include an early Friday finish, birthday bed day and quarterly lunches and annual trips for consultants who hit their target. Based London - City Friendly, collaborative and relaxed culture - music is played in the office! Non conveyor b... ",41166092,Business Development - Business Development,https://www.reed.co.uk/jobs/business-development-business-development/41166092,London,100000.0,60000.0
1,GBP,2020-12-10,337478,Principal Resourcing,,,23/11/2020," A rare and exciting opportunity has arisen to join a thriving Music department at an academy based in the East Riding. The academy is looking for a teacher that is committed to not only the attainment and learning of their pupils, but who is a passionate  and reflective individual who is passionate about improving their own knowledge and teaching practise. The academy is dedicated to providing a safe, supportive and happy learning environmen... ",41165456,Music Teacher,https://www.reed.co.uk/jobs/music-teacher/41165456,Beverley,180.0,100.0
7,EUR,2020-09-29,8887,DMS Computer Recruitment,,,10/11/2020," Graphic Designer, Limassol, Cyprus  Our client has a reputation of empowering game-changers in the tech industry. Our client helps shape businesses, build their brands and launch their digital products. The client designs and build brands that are based on strong strategic foundations. Not sell logos, they develop brands that make a difference in the market.  The Role The client i... ",40979906,"Junior/Mid Level Graphic Designer - Limassol, Cyprus",https://www.reed.co.uk/jobs/junior-mid-level-graphic-designer-limassol-cyprus/40979906,Limassol,24000.0,18000.0
155,,2020-09-29,628501,Soundmouse,,,10/11/2020," Company Background Soundmouse is a leading platform that operates to collect royalty data for television, radio and the internet. Our clients include Broadcasters worldwide such as: Sky, Virgin, Channel 4, Discovery and Fox.We have a wide range of technologies, from web tools, large relational databases, pattern recognition server farms and large storage devices holding media assets.We are a technical company and therefore... ",40976731,Project Manager,https://www.reed.co.uk/jobs/project-manager/40976731,London,,
31,,2020-09-29,628501,Soundmouse,,,08/11/2020," Company Background Soundmouse is a leading platform that operates to collect royalty data for television,radio and the internet. Our clients include Broadcasters worldwide such as: Sky,Virgin, Channel 4, Discovery and Fox. We have a wide range of technologies, fromweb tools, large relational databases, pattern recognition server farms and largestorage devices holding media assets.We... ",40976157,Technical Assistant,https://www.reed.co.uk/jobs/technical-assistant/40976157,London,,
60,GBP,2020-09-29,1607,Ruella James,,,10/11/2020," Business Development / Interim Team Leader - Digital Tech Recruitment Consultancy Basic c. &#163;60-65k&#43;&#43;&#43; OTE &#163;100k &#43; Benefits include an early Friday finish, birthday bed day and quarterly lunches and annual trips for consultants who hit their target. Based London - City Friendly, collaborative and relaxed culture - music is played in the office! Non conveyor b... ",40975499,Business Development - Business Development,https://www.reed.co.uk/jobs/business-development-business-development/40975499,London,100000.0,60000.0
43,GBP,2020-09-29,479671,This is Prime Limited,,,10/11/2020," This is Prime are hiring! Salary: &#163;21 - &#163;24K - OTE Year 1 &#163;30 - &#163;35K We are looking for someone who is seeking a company that they can grow in. You do not have to be the finished product; we have just been recognised by BESMA as the UK’s number 1 at sales training, we want to invest that into YOU to ensure you reach your  maximum potential. What are we looking for? I am not going to bore you wi... ",40974722,Graduate Sales Resourcer - Work for Prime!,https://www.reed.co.uk/jobs/graduate-sales-resourcer-work-for-prime/40974722,London,24000.0,21000.0
1,,2020-09-28,524744,Hays Specialist Recruitment Limited,,,09/11/2020," Behavioural TA, Derby Do you want to work with hard to reach young people? Do you have a background in Education, Residential Care, Youth Work or Sports Coaching? Do you have an additional skill such as Sports, Art or Music? Your new companyHays Education are proud to work in partnership with a number of Pupil Referral Units and Alternative Provisions in Derby which cater for students who strug... ",40971269,Behavioural TA,https://www.reed.co.uk/jobs/behavioural-ta/40971269,Nottinghamshire,,
22,GBP,2020-09-25,207638,Equals One,,,06/11/2020, Sales Leader - Booking Protect (Events Industry) Salary 40/50k plus bonus Based Worcester or Leeds &#43; extensive travel when required Calling all entrepreneurs. Want the chance to run a business &quot;your way&quot; but never had the freedom to impose your innovation and ideas? Can you influence people and switch round your patter like a chameleon when needed to seal the deal? Sound like ... ,40964428,Sales Leader,https://www.reed.co.uk/jobs/sales-leader/40964428,Worcester,50000.0,40000.0
23,GBP,2020-09-23,321873,CCR Recruitment & Selection,,,04/11/2020," Business Development Executive/Lead Generator &#163;22,000-&#163;24,000 based on experience &#43; Realistic Commission OTE additional &#163;8-15,000 PLUS Excellent Benefits Package (see below) Location: Southwark (very close to London Bridge)  This is a unique opportunity to work for a fantastic company who do well to retain their staff and promote from within. Based aro... ",40949584,Business Development Executive/Lead Generator,https://www.reed.co.uk/jobs/business-development-executive-lead-generator/40949584,London,24000.0,22000.0
31,GBP,2020-09-21,524744,Hays Specialist Recruitment Limited,,,19/10/2020," Digital Marketing Executive&#163;35,000OxfordI am currently working with a leading B2B &amp; B2C organisation based in Oxford which specialise in the audio and commercial performance industry Due to an increase in activity, my client is looking for a commercial Digital Marketing Executive to join their growing team. This is a great opportunity to be involv... ",40936413,Digital Marketing Executive,https://www.reed.co.uk/jobs/digital-marketing-executive/40936413,Oxfordshire,35000.0,35000.0
38,GBP,2020-09-17,405923,Vision Financial Recruitment,,,29/10/2020," Job Title: Finance Manager Creative / Video / Film Tech production company Reports to: Global Group Financial Controller Remuneration: &#163;50,000-&#163;55,000 Based in: London Summary: Our Client is a private equity backed Video/Film production agency often working within the music arena or with fi... ",40892166,Finance Manager - Video/Film Tech Production Company ,https://www.reed.co.uk/jobs/finance-manager-video-film-tech-production-company/40892166,London,55000.0,50000.0
3,GBP,2020-09-21,337478,Principal Resourcing,,,02/11/2020," Teacher of Music  A rare and exciting opportunity has arisen to join a thriving Music department at an academy based in Hull. The academy is looking for a teacher that is committed to not only the attainment and learning of their pupils, but who is a passionate and reflective  individual who is passionate about improving their own knowledge and teaching practise. The academy is dedicated to providing a safe, supportiv... ",40931100,Music Teacher,https://www.reed.co.uk/jobs/music-teacher/40931100,Hull,180.0,100.0
4,GBP,2020-09-09,524744,Hays Specialist Recruitment Limited,,,21/10/2020," Behavioural Support Ta , Nottingham Do you want to work with hard to reach young people? Do you have a background in Education, Residential Care, Youth Work or Sports Coaching? Do you have an additional skill such as Sports, Art or Music?Your new companyHays Education are proud to work in partnership with a number of Pupil Referral Units and Alternative Provisions in Nottinghamshire which cater ... ",40847285,Behavioural Support TA,https://www.reed.co.uk/jobs/behavioural-support-ta/40847285,Nottinghamshire,75.0,65.0
70,GBP,2020-03-09,1607,Ruella James,,,15/10/2020," Business Development / Interim Team Leader - Digital Tech Recruitment Consultancy Basic c. &#163;60-65k&#43;&#43;&#43; OTE &#163;100k &#43; Benefits include an early Friday finish, birthday bed day and quarterly lunches and annual trips for consultants who hit their target. Based London - City Friendly, collaborative and relaxed culture - music is played in the office! Non conveyor b... ",40817286,Business Development - Business Development,https://www.reed.co.uk/jobs/business-development-business-development/40817286,London,100000.0,60000.0
4,,2020-10-15,574149,BMG UK,,,26/11/2020," Position: Senior Director - Finance (Global Catalogue)Contract: 12 Month Maternity Cover, ASAP Start Department: International Finance Recordings HubLocation: Paddington, London (Currently home-working) Your Mission at BMG. You will be responsible for pro-actively supporting the continued growth of BMG’s global catalogue busin... ",41190476,Senior Director - Finance (Global Catalogue Recordings) ,https://www.reed.co.uk/jobs/senior-director-finance-global-catalogue-recordings/41190476,Paddington,,
