applications,currency,date,employerId,employerName,employerProfileId,employerProfileName,expirationDate,jobDescription,jobId,jobTitle,jobUrl,locationName,maximumSalary,minimumSalary
1,GBP,2020-10-13,628702,Gymboree Play & Music Tunbridge Wells ,,,30/10/2020,"  Job Vacancy - Full time teacher Gymboree Play &amp; Music Tunbridge Wells - Royal Victoria Place Tunbridge Wells      Are you an energetic, person who wants a career working with children &amp; their families? Do you enjoy making a difference to the early year’s development of babies and young children? Do you like to entertain and have great customer service skills? If the  answer to either of these questions is yes, then Gymboree P... ",41175909,Gymboree Play and Music Teacher ,https://www.reed.co.uk/jobs/gymboree-play-and-music-teacher/41175909,Tunbridge Wells,18000.0,18000.0
95,GBP,2020-09-25,429606,Harper May Ltd,,,06/11/2020, Harper May is currently working with a state of the art music and events venue who are actively seeking a Finance Director to join their team based in Central London. The group has ambitious expansion plans including a brand new site coming soon to London.  The role would be directly responsible for their largest site. The successful candidate will be fully qualified and must come from a Venues/Events/Premium brand background. <strong... ,40965236,Finance Director,https://www.reed.co.uk/jobs/finance-director/40965236,London,110000.0,100000.0
86,GBP,2020-09-23,429606,Harper May Ltd,,,04/11/2020, Harper May is currently working with a state of the art music and events venue who are actively seeking a Finance Director to join their team based in Central London. The group has ambitious expansion plans including a brand new site coming soon to London.  The role would be directly responsible for their largest site. The successful candidate will be fully qualified and must come from a Venues/Events/Premium brand background. <strong... ,40952705,Finance Director,https://www.reed.co.uk/jobs/finance-director/40952705,London,110000.0,10000.0
5,GBP,2020-09-22,359549,Smart Teachers,,,20/10/2020," Smart Teachers is recruiting for a specialist Music Teacher, specialising in teaching ages 3- 13 years of age. The successful Music Teacher will join a fantastic team of staff in a reputable Independent school in the London borough of Redbridge. Beautifully  located just off of a desirable and cosmopolitan high street in an idyllic setting, candidates seeking immediate employment are encouraged to apply (this role may become permanent). The ... ",40940731,Music Teacher,https://www.reed.co.uk/jobs/music-teacher/40940731,Redbridge,180.0,150.0
21,GBP,2020-07-09,382251,Reeson Education,,,19/10/2020," TA September start for an experienced TA, in a superb mixed mainstream school in South London. The essential requirements for this TA will be a University Degree, as well as a GCSE grade in C in both Maths and English. This TA post is suitable for you if you an experienced TA or recent Graduate. Responsibilities for this TA position will be to work alongside other members of the school to support ... ",40835864,TA,https://www.reed.co.uk/jobs/ta/40835864,London,22000.0,19000.0
31,GBP,2020-07-09,382251,Reeson Education,,,19/10/2020," Cover Supervisor Immediate start for a Cover Supervisor, in a superb mixed mainstream school in South London. The essential requirements for this Cover Supervisor position will be a University Degree, as well as a GCSE grade in C in both Maths and English. This Cover Supervisor post is suitable for you if you an experienced Cover Supervisor or recent Graduate. Responsibilities for this Cover Super... ",40835847,Cover Supervisor,https://www.reed.co.uk/jobs/cover-supervisor/40835847,London,32001.0,22520.0
0,,2020-09-30,626228,Partnership Jobs,,,11/11/2020,"IMPACT Scotland seeks to appoint additional Trustees to expand the breadth of skills, experience and diversity of its Board, as it realises its ambition to increase access to the arts in Scotland through the provision of a world-class centre for music  and performance in the heart of Edinburgh.The Dunard Centre will be the first purpose-designed venue of its kind built in Edinburgh for over a century and one of the boldest ventures i... ",40989834,IMPACT SCOTLAND - TRUSTEES,https://www.reed.co.uk/jobs/impact-scotland-trustees/40989834,Edinburgh,,
