applications,currency,date,employerId,employerName,employerProfileId,employerProfileName,expirationDate,jobDescription,jobId,jobTitle,jobUrl,locationName,maximumSalary,minimumSalary
10,GBP,2020-09-18,2064,Supreme Recruitment,,,30/10/2020," Nursery Nurse Level 2 The company As a company we are passionate about ensuring the wellbeing of our employee's. In this vein we have competitive salaries, work on enhanced government ratios, provide lunch, extensive training opportunities to enhance CPD, provide staff with access to Westfield  health and Enjoy Benefits discounts from their weekly shop to restaurants, cinema and more!, we pay staff for their time completing sta... ",40904303,Nursery Nurse / Early Years Educator,https://www.reed.co.uk/jobs/nursery-nurse-early-years-educator/40904303,London,18471.0,17393.0
23,GBP,2020-09-23,321873,CCR Recruitment & Selection,,,04/11/2020," Business Development Executive/Lead Generator &#163;22,000-&#163;24,000 based on experience &#43; Realistic Commission OTE additional &#163;8-15,000 PLUS Excellent Benefits Package (see below) Location: Southwark (very close to London Bridge)  This is a unique opportunity to work for a fantastic company who do well to retain their staff and promote from within. Based aro... ",40949584,Business Development Executive/Lead Generator,https://www.reed.co.uk/jobs/business-development-executive-lead-generator/40949584,London,24000.0,22000.0
2,GBP,2020-09-28,596608,NFP People Limited,,,28/10/2020, Female Support Worker Have you ever thought about supporting people with a learning disability to be empowered and in control of their own lives? We are looking for a Support Worker in the Billericay area to support four friends living together. This post is exempt under Sch 9 Pt 1 of the Equality Act 2010 and is only open to female applicants. Our client is a charity that supports people with a learning... ,40970066,Female Support Worker,https://www.reed.co.uk/jobs/female-support-worker/40970066,Billericay,9.01,9.01
22,,2020-09-25,434985,Jewson,,,23/10/2020," At Jewson we pride ourselves on our ability to provide a great welcome to our customers, being proactive when helping them, being trusted, and recognised for our 'customer first' approach. If you enjoy working with people and you think you could help our  customers feel welcome, then this Customer Service Advisor (Distribution) could be a great opportunity for you. This Customer Service Advisor (Distribution) role is working in our Je... ",40960850,Customer Service Advisor Distribution,https://www.reed.co.uk/jobs/customer-service-advisor-distribution/40960850,Hertfordshire,,
28,,2020-02-10,434992,Gibbs and Dandy,,,30/10/2020," Gibbs &amp; Dandy - Customer Service Advisor (Counter)Based: GillinghamGibbs &amp; Dandy - National Merchant of the Year 2018 &amp; 2019 / &quot;One to Watch&quot; Times Top 100 Best Companies to Work for 2019 As a Customer Service Advisor, you'll be the face of the business, meeting and serving the customers that come into the branch throughout the day, as well as those that call in. You'll be a key to the experienc... ",41044796,Customer Service Advisor Counter,https://www.reed.co.uk/jobs/customer-service-advisor-counter/41044796,Gillingham Business Park,,
38,,2020-02-10,434992,Gibbs and Dandy,,,30/10/2020," Gibbs &amp; Dandy - Business Development Executive Based: Woking Salary: &#163;28,000 - 34,000 depending on experience Gibbs &amp; Dandy - National Merchant of the Year 2018 &amp; 2019 / &quot;One to Watch&quot; Times Top 100 Best Companies to Work for 2019 As a Business Development Executive, you'll be the face (and voice) of the busines... ",41044591,Business Development Executive,https://www.reed.co.uk/jobs/business-development-executive/41044591,Woking,,
13,,2020-09-25,434985,Jewson,,,23/10/2020," Customer Service Advisor/ Timber Mill Assistant (Yard and Branch) - Jewson Builders' Merchants Based in Morecambe, Lancashire  Jewson are a part of Saint-Gobain - Winners of 'TOP EMPLOYER UK AND GLOBAL' five years running! (2016-2020) We have an exciting opportunity for energetic and enthusiastic Customer Service Advisor/ Timber Mill Assistant t... ",40960951,Customer Service Advisor/Timber Mill Assistant,https://www.reed.co.uk/jobs/customer-service-advisor-timber-mill-assistant/40960951,Morecambe,,
7,,2020-09-25,434985,Jewson,,,23/10/2020," The position is only open to internal applicants of Saint Gobain. Please note that any applications made by people outside of Saint Gobain will not be considered at this stage. At Jewson we pride ourselves on our ability to provide a great welcome to our customers, being proactive when helping them, being trusted, and recognised for our 'customer first' approach. If you enjoy working with people and you think you could help our  custo... ",40960864,Customer Service Advisor Distribution,https://www.reed.co.uk/jobs/customer-service-advisor-distribution/40960864,Nottinghamshire,,
3,GBP,2020-09-23,434252,Randstad Education,,,04/11/2020," Are you a qualified HLTA? Do you have experience leading a classroom as a HLTA and supporting as a TA? Have you worked with EYFS and primary pupils? Are you committed to the attainment of pupils from the age of reception? And are you looking for a new role  in an amazing school from October 2020? If so please see below! I am currently recruiting on behalf of a client located in fulwood, Preston. At the moment they are foreseeing requi... ",40950461,HLTA support to a preparatory School,https://www.reed.co.uk/jobs/hlta-support-to-a-preparatory-school/40950461,Preston,80.0,70.0
15,GBP,2020-09-17,364714,Prospero Teaching,,,29/10/2020," Support Worker School: Secondary school  Key stages: Key Stage 4  Location: Kingsbury Start date: Immediate Start Prospero Teaching are actively seeking Support Workers for a Special Needs School based in Kingsbury, to support Key Stage 4 with moderate to severe learning disabilities and complex behaviours. The diver... ",40898416,"Support Worker, Kingsbury, Hendon, Immediate Start",https://www.reed.co.uk/jobs/support-worker-kingsbury-hendon-immediate-start/40898416,Barnet,13.0,9.0
15,,2020-08-21,434985,Jewson,,,15/10/2020," At Jewson we pride ourselves on our ability to provide a great welcome to our customers, being proactive when helping them, being trusted, and recognised for our 'customer first' approach. If you enjoy working with people and you think you could help our  customers feel welcome, then this Customer Service Advisor (Distribution) could be a great opportunity for you. This Customer Service Advisor (Distribution</... ",40763325,Customer Service Advisor Distribution,https://www.reed.co.uk/jobs/customer-service-advisor-distribution/40763325,Cranleigh,,
