[
    {
        "jobId": 41178864,
        "employerId": 110954,
        "employerName": "Recruitment Solutions",
        "employerProfileId": null,
        "employerProfileName": null,
        "jobTitle": "Marketing, Communications and PR Executive",
        "locationName": "Tunbridge Wells",
        "minimumSalary": 24000.0,
        "maximumSalary": 28000.0,
        "currency": "GBP",
        "expirationDate": "24/11/2020",
        "date": "13/10/2020",
        "jobDescription": " Excited by the thought of joining a market leading company? Do you have marketing, communications and PR? Then this could be the role for you! I am currently working with an international trading business in a fast-growing sub-sector of the music, events and entertainment sector who are on an exciting trajectory of growth. Established for over 20 years, they pride themselves on there product quality,  market knowledge an... ",
        "applications": 9,
        "jobUrl": "https://www.reed.co.uk/jobs/marketing-communications-and-pr-executive/41178864"
    },
    {
        "jobId": 40842036,
        "employerId": 383727,
        "employerName": "Inspiring Interns & Graduates ",
        "employerProfileId": null,
        "employerProfileName": null,
        "jobTitle": "Operations Executive",
        "locationName": "Wembley Central",
        "minimumSalary": 20000.0,
        "maximumSalary": 20000.0,
        "currency": "GBP",
        "expirationDate": "20/10/2020",
        "date": "08/09/2020",
        "jobDescription": " A London based, start up agency backed by a strong consortium of investors, well connected within the sports and entertainment industry. Our client acts as a resource agency to service the sponsorship requirements of top tier sports, music and entertainment  personnel around the world.  Our client is a London based, start up agency backed by a strong consortium of investors, well connected within the sports and entertainment... ",
        "applications": 186,
        "jobUrl": "https://www.reed.co.uk/jobs/operations-executive/40842036"
    },
    {
        "jobId": 41190939,
        "employerId": 12503,
        "employerName": "Handle Recruitment",
        "employerProfileId": null,
        "employerProfileName": null,
        "jobTitle": "Marketing Executive",
        "locationName": "London",
        "minimumSalary": null,
        "maximumSalary": null,
        "currency": null,
        "expirationDate": "26/11/2020",
        "date": "15/10/2020",
        "jobDescription": " An amazing opportunity to work at the heart of the Electronic Music Industry. The role:  Brand Marketing Material Design and ExecutionPhotography AssetsPublic relationsAdvertising and media buyingDigital ManagementCampaigns and Tactical Product Marketing SupportBudget ResponsibilityAnalytics Knowledge and Skill requirements... ",
        "applications": 11,
        "jobUrl": "https://www.reed.co.uk/jobs/marketing-executive/41190939"
    },
    {
        "jobId": 41140073,
        "employerId": 507210,
        "employerName": "First Achieve Ltd",
        "employerProfileId": null,
        "employerProfileName": null,
        "jobTitle": "Digital Sales Manager",
        "locationName": "Manchester",
        "minimumSalary": 28000.0,
        "maximumSalary": 30000.0,
        "currency": "GBP",
        "expirationDate": "17/11/2020",
        "date": "06/10/2020",
        "jobDescription": " With a winning formula for success, not only in their marketing field, but in how they develop their staff. Working for this company, you will be encouraged to grow, celebrated for your achievements, and get rewarded for the company's victories. As a Digital Sales Manager, you will be responsible for prospecting, developing, and converting new business opportunities. Being self-motivated you will be understanding what the client needs... ",
        "applications": 9,
        "jobUrl": "https://www.reed.co.uk/jobs/digital-sales-manager/41140073"
    },
    {
        "jobId": 41176373,
        "employerId": 628396,
        "employerName": "Work From Home Jobs UK",
        "employerProfileId": null,
        "employerProfileName": null,
        "jobTitle": "Home Based Opportunity / Work From Home",
        "locationName": "London",
        "minimumSalary": 55.0,
        "maximumSalary": 67.0,
        "currency": "GBP",
        "expirationDate": "24/11/2020",
        "date": "13/10/2020",
        "jobDescription": " Share your opinion to help big UK brands deliver better products &amp; services. Survey Assistant responsibilities include taking surveys and writing marketing-related feedback. Are you looking for a reliable and easy way to earn money and work from home? Earn up to &#163;67.00 per day completing paid surveys online with the UK’s leading market research companies. Complete surveys based on everything from shopping to music and ... ",
        "applications": 168,
        "jobUrl": "https://www.reed.co.uk/jobs/home-based-opportunity-work-from-home/41176373"
    },
    {
        "jobId": 41176279,
        "employerId": 628396,
        "employerName": "Work From Home Jobs UK",
        "employerProfileId": null,
        "employerProfileName": null,
        "jobTitle": "Work From Home/ Remote Part-Time Job",
        "locationName": "London",
        "minimumSalary": 55.0,
        "maximumSalary": 67.0,
        "currency": "GBP",
        "expirationDate": "24/11/2020",
        "date": "13/10/2020",
        "jobDescription": " Immediate Start - Earn Extra Money In Your Spare Time We are currently looking for members to start working online and from home - flexible hours. All you need is a smartphone, tablet or laptop to get involved. Share your opinion to help big UK brands deliver better products &amp; services. Survey Assistant responsibilities include taking surveys and writing marketing-related feedback. Earn extra income to put towards wh... ",
        "applications": 118,
        "jobUrl": "https://www.reed.co.uk/jobs/work-from-home-remote-part-time-job/41176279"
    },
    {
        "jobId": 41149236,
        "employerId": 404651,
        "employerName": "Recruitment Genius",
        "employerProfileId": null,
        "employerProfileName": null,
        "jobTitle": "Digital Project Manager",
        "locationName": "Bristol",
        "minimumSalary": 30000.0,
        "maximumSalary": 40000.0,
        "currency": "GBP",
        "expirationDate": "19/11/2020",
        "date": "08/10/2020",
        "jobDescription": "Do you want to join a vibrant and flourishing digital agency that are based in Bristol's creative quarter, and are experienced in delivering all kinds of successful digital projects for fantastic high-end clients?How about working with an enthusiastic and driven team, who love what they do and have fun while they do it?Or maybe a company that offers the relaxed environment and big opportunities of a small team, but with t... ",
        "applications": 18,
        "jobUrl": "https://www.reed.co.uk/jobs/digital-project-manager/41149236"
    },
    {
        "jobId": 40893411,
        "employerId": 588419,
        "employerName": "Intequal",
        "employerProfileId": null,
        "employerProfileName": null,
        "jobTitle": "Digital Marketing Apprentice",
        "locationName": "Saltney",
        "minimumSalary": null,
        "maximumSalary": null,
        "currency": null,
        "expirationDate": "26/10/2020",
        "date": "17/09/2020",
        "jobDescription": " Vacancy Overview: Do you have an interest in marketing? Would you like to earn while you learn? If so, this Digital Marketing Apprenticeship could be the perfect opportunity for you! If youre organised, creative and love to communicate, this programme is for you. Working Week: Monday - Friday 9.00am - 5.00pm Weekly Wage: &#163;157.00 <... ",
        "applications": 15,
        "jobUrl": "https://www.reed.co.uk/jobs/digital-marketing-apprentice/40893411"
    },
    {
        "jobId": 40820777,
        "employerId": 339255,
        "employerName": "Pro-Finance Recruitment Group",
        "employerProfileId": null,
        "employerProfileName": null,
        "jobTitle": "Accounts and Audit Senior",
        "locationName": "London",
        "minimumSalary": null,
        "maximumSalary": null,
        "currency": null,
        "expirationDate": "15/10/2020",
        "date": "03/09/2020",
        "jobDescription": " Accounts and Audit Senior  Location: Jubilee and Metropolitan Line Salary: &#163;45,000 - &#163;48,000 &#43; fantastic opportunities  Would you like to join a well-established and highly reputable accountancy practice with over 80 years of experience?Do you want to have an exciting and varied portfolio of clients in the Media and Entertainment industry? What is great ab... ",
        "applications": 15,
        "jobUrl": "https://www.reed.co.uk/jobs/accounts-and-audit-senior/40820777"
    },
    {
        "jobId": 41127814,
        "employerId": 429721,
        "employerName": "Carnegie Consulting Ltd",
        "employerProfileId": null,
        "employerProfileName": null,
        "jobTitle": "Personal Assistant",
        "locationName": "London",
        "minimumSalary": 40000.0,
        "maximumSalary": 50000.0,
        "currency": "GBP",
        "expirationDate": "16/11/2020",
        "date": "05/10/2020",
        "jobDescription": " This is a wonderful opportunity for a PA &#43;&#43; for this startup (with impressive Investor backing). We are looking for a very versatile Team Manager PA who will also have experience with Marketing, PR, Events, etc. Maybe you have worked as sole support for  a start-up so be used to wearing lots of different hats? You will have ideally worked in the finance industry - P.E. Financial PR, etc. The MOST important thing is that you have the ... ",
        "applications": 309,
        "jobUrl": "https://www.reed.co.uk/jobs/personal-assistant/41127814"
    },
    {
        "jobId": 40936413,
        "employerId": 524744,
        "employerName": "Hays Specialist Recruitment Limited",
        "employerProfileId": null,
        "employerProfileName": null,
        "jobTitle": "Digital Marketing Executive",
        "locationName": "Oxfordshire",
        "minimumSalary": 35000.0,
        "maximumSalary": 35000.0,
        "currency": "GBP",
        "expirationDate": "19/10/2020",
        "date": "21/09/2020",
        "jobDescription": " Digital Marketing Executive&#163;35,000OxfordI am currently working with a leading B2B &amp; B2C organisation based in Oxford which specialise in the audio and commercial performance industry Due to an increase in activity, my client is looking for a commercial Digital Marketing Executive to join their growing team. This is a great opportunity to be involv... ",
        "applications": 31,
        "jobUrl": "https://www.reed.co.uk/jobs/digital-marketing-executive/40936413"
    },
    {
        "jobId": 41190476,
        "employerId": 574149,
        "employerName": "BMG UK",
        "employerProfileId": null,
        "employerProfileName": null,
        "jobTitle": "Senior Director - Finance (Global Catalogue Recordings) ",
        "locationName": "Paddington",
        "minimumSalary": null,
        "maximumSalary": null,
        "currency": null,
        "expirationDate": "26/11/2020",
        "date": "15/10/2020",
        "jobDescription": " Position: Senior Director - Finance (Global Catalogue)Contract: 12 Month Maternity Cover, ASAP Start Department: International Finance Recordings HubLocation: Paddington, London (Currently home-working) Your Mission at BMG. You will be responsible for pro-actively supporting the continued growth of BMG’s global catalogue busin... ",
        "applications": 4,
        "jobUrl": "https://www.reed.co.uk/jobs/senior-director-finance-global-catalogue-recordings/41190476"
    },
    {
        "jobId": 41189969,
        "employerId": 588419,
        "employerName": "Intequal",
        "employerProfileId": null,
        "employerProfileName": null,
        "jobTitle": "Marketing Executive Apprentice",
        "locationName": "Cullompton",
        "minimumSalary": null,
        "maximumSalary": null,
        "currency": null,
        "expirationDate": "09/11/2020",
        "date": "15/10/2020",
        "jobDescription": " Vacancy Overview: Our client is looking for a highly motivated and analytically-minded individual to join their advertising operations team. Working Week: Monday to Friday Weekly Wage: &#163;9000.00 Detailed Job Description: Working with an array of high-profile global clients, you will manage the delivery of... ",
        "applications": 0,
        "jobUrl": "https://www.reed.co.uk/jobs/marketing-executive-apprentice/41189969"
    },
    {
        "jobId": 41183077,
        "employerId": 499132,
        "employerName": "Rule Recruitment Ltd",
        "employerProfileId": null,
        "employerProfileName": null,
        "jobTitle": "Recruitment Consultancy - Permanent - SOHO.",
        "locationName": "London",
        "minimumSalary": 25000.0,
        "maximumSalary": 40000.0,
        "currency": "GBP",
        "expirationDate": "25/11/2020",
        "date": "14/10/2020",
        "jobDescription": " Based in the centre of Soho surrounded by shops and bars the company specialises in Marketing, Media and IT. Currently 35 big, the company is looking to expand by taking on several new graduates to become future business leaders during their expansion. You  will be going in as a trainee but everyone in the business has been promoted within their first 6 months - very quick progression. With a dressed down culture, office dog and a bar it is ... ",
        "applications": 13,
        "jobUrl": "https://www.reed.co.uk/jobs/recruitment-consultancy-permanent-soho/41183077"
    },
    {
        "jobId": 40833611,
        "employerId": 499132,
        "employerName": "Rule Recruitment Ltd",
        "employerProfileId": null,
        "employerProfileName": null,
        "jobTitle": "Recruitment Consultant",
        "locationName": "London",
        "minimumSalary": 23000.0,
        "maximumSalary": 40000.0,
        "currency": "GBP",
        "expirationDate": "23/11/2020",
        "date": "07/09/2020",
        "jobDescription": " Recruitment Consultancy - Permanent - SOHO. Based in the centre of Soho surrounded by shops and bars the company specialises in Marketing, Media and IT. Currently 35 big, the company is looking to expand by taking on several new graduates to become future business leaders during their expansion. You  will be going in as a trainee but everyone in the business has been promoted within their first 6 months - very quick p... ",
        "applications": 164,
        "jobUrl": "https://www.reed.co.uk/jobs/recruitment-consultant/40833611"
    },
    {
        "jobId": 40983932,
        "employerId": 440696,
        "employerName": "Access Creative College (Access to Music Limited)",
        "employerProfileId": null,
        "employerProfileName": null,
        "jobTitle": "Digital Marketing Manager",
        "locationName": "Manchester",
        "minimumSalary": 22000.0,
        "maximumSalary": 24000.0,
        "currency": "GBP",
        "expirationDate": "11/11/2020",
        "date": "30/09/2020",
        "jobDescription": " Post: Digital Marketing Manager Location: 50 Fountain Street, Manchester, M2 2AS Salary: &#163;22,000-&#163;24,000 Hours: Full-time, permanent Commencing: As soon as possible Closing: 28th October 2020  We’re looking for a bright, enthusiastic Digital Marketing Manager to join our expanding marketing team and grow our online presence. We’re a creative bunch who are in the process of developing a new ... ",
        "applications": 20,
        "jobUrl": "https://www.reed.co.uk/jobs/digital-marketing-manager/40983932"
    },
    {
        "jobId": 41147711,
        "employerId": 602414,
        "employerName": "Verus Recruitment LTD",
        "employerProfileId": null,
        "employerProfileName": null,
        "jobTitle": "Digital Marketing Manager",
        "locationName": "Sheffield",
        "minimumSalary": 30000.0,
        "maximumSalary": 35000.0,
        "currency": "GBP",
        "expirationDate": "18/11/2020",
        "date": "07/10/2020",
        "jobDescription": " Digital Marketing Manager Location:&nbsp; Sheffield, UK Salary:&nbsp; &#163;30,000 - &#163;35,000 p.a (DOE) Permanent, Full-time. Our client, a national waste management solutions business based in Sheffield are expanding and we are keen to speak with Digital Marketing Managers for this newly created position. In this senior and influential role, you will work closely with the Commercial Director and intern... ",
        "applications": 8,
        "jobUrl": "https://www.reed.co.uk/jobs/digital-marketing-manager/41147711"
    },
    {
        "jobId": 40970301,
        "employerId": 404651,
        "employerName": "Recruitment Genius",
        "employerProfileId": null,
        "employerProfileName": null,
        "jobTitle": "Events and Music Festivals Sales Team",
        "locationName": "London",
        "minimumSalary": 26000.0,
        "maximumSalary": 32000.0,
        "currency": "GBP",
        "expirationDate": "09/11/2020",
        "date": "28/09/2020",
        "jobDescription": "Since its establishment in 2015, this Spring Break festival has been a tradition for thousands of students year after year, and now they are on the hunt for a new addition that needs to be highly motivated, vibrant gift of the gab individual with a passion  for success to join their London office!Candidates will be joining the festival team to promote the brands run of events and festivals annually, through the university market util... ",
        "applications": 162,
        "jobUrl": "https://www.reed.co.uk/jobs/events-and-music-festivals-sales-team/40970301"
    },
    {
        "jobId": 41132177,
        "employerId": 490244,
        "employerName": "Orchard Agency",
        "employerProfileId": null,
        "employerProfileName": null,
        "jobTitle": "Motion Designer",
        "locationName": "Leeds",
        "minimumSalary": 35000.0,
        "maximumSalary": 40000.0,
        "currency": "GBP",
        "expirationDate": "16/11/2020",
        "date": "05/10/2020",
        "jobDescription": " 100% remote working, established almost 40 years, 25 days holiday &#43; bank holidays, great pension contribution, global campaigns, varied multimedia projects across 3D, video editing, graphic and web design. This is an incredibly rare opportunity as an experienced Motion and multimedia designer to work remotely for a global scientific technology brand established for almost 40 years. You will be working very closely with anothe... ",
        "applications": 9,
        "jobUrl": "https://www.reed.co.uk/jobs/motion-designer/41132177"
    },
    {
        "jobId": 41132156,
        "employerId": 490244,
        "employerName": "Orchard Agency",
        "employerProfileId": null,
        "employerProfileName": null,
        "jobTitle": "Motion Designer",
        "locationName": "Manchester",
        "minimumSalary": 35000.0,
        "maximumSalary": 40000.0,
        "currency": "GBP",
        "expirationDate": "16/11/2020",
        "date": "05/10/2020",
        "jobDescription": " 100% remote working, established almost 40 years, 25 days holiday &#43; bank holidays, great pension contribution, global campaigns, varied multimedia projects across 3D, video editing, graphic and web design. This is an incredibly rare opportunity as an experienced Motion and multimedia designer to work remotely for a global scientific technology brand established for almost 40 years. You will be working very closely with anothe... ",
        "applications": 11,
        "jobUrl": "https://www.reed.co.uk/jobs/motion-designer/41132156"
    },
    {
        "jobId": 40990357,
        "employerId": 628396,
        "employerName": "Work From Home Jobs UK",
        "employerProfileId": null,
        "employerProfileName": null,
        "jobTitle": "Home Based / Work From Home Job",
        "locationName": "London",
        "minimumSalary": null,
        "maximumSalary": null,
        "currency": null,
        "expirationDate": "11/11/2020",
        "date": "30/09/2020",
        "jobDescription": " Share your opinion to help big UK brands deliver better products &amp; services. Survey Assistant responsibilities include taking surveys and writing marketing-related feedback. Are you looking for a reliable and easy way to earn money and work from home? Earn up to &#163;67.00 per day completing paid surveys online with the UK’s leading market research companies. Complete surveys based on everything from shopping to music and ... ",
        "applications": 141,
        "jobUrl": "https://www.reed.co.uk/jobs/home-based-work-from-home-job/40990357"
    },
    {
        "jobId": 41151459,
        "employerId": 12503,
        "employerName": "Handle Recruitment",
        "employerProfileId": null,
        "employerProfileName": null,
        "jobTitle": "Management Accountant - Music - Central London",
        "locationName": "London",
        "minimumSalary": 32000.0,
        "maximumSalary": 35000.0,
        "currency": "GBP",
        "expirationDate": "19/11/2020",
        "date": "08/10/2020",
        "jobDescription": " Management Accountant - Music Technology - London A part qualified Management Accountant is required for our client within the Music Technology industry. This Management Accountant will be responsible for ensuring a smooth running of the finance function including the month end close, statutory audit and  tax returns.  The ideal candidate for this role will have 3 years&#43; experience working as part of a fina... ",
        "applications": 61,
        "jobUrl": "https://www.reed.co.uk/jobs/management-accountant-music-central-london/41151459"
    },
    {
        "jobId": 40950679,
        "employerId": 11488,
        "employerName": "Centre People",
        "employerProfileId": null,
        "employerProfileName": null,
        "jobTitle": "Japanese-speaking Analyst in Dubai (Ref: TY43392)",
        "locationName": "London",
        "minimumSalary": null,
        "maximumSalary": null,
        "currency": null,
        "expirationDate": "04/11/2020",
        "date": "23/09/2020",
        "jobDescription": " A Japanese international bank seeks an Analyst to join their growing office in Dubai. The overall purpose of the Job is to assist the Head of Corporate Planning with business planning and business control matters and creating materials for various purpose  such as marketing. The Role  Communicate with Secretary Office in Tokyo, CPD, and relevant divisionsLogistic arrangement (coordination of clien... ",
        "applications": 4,
        "jobUrl": "https://www.reed.co.uk/jobs/japanese-speaking-analyst-in-dubai-ref-ty43392/40950679"
    },
    {
        "jobId": 40873004,
        "employerId": 116473,
        "employerName": "The Music Market / Arts and Media Ltd",
        "employerProfileId": null,
        "employerProfileName": null,
        "jobTitle": "Junior Streaming & Commerce Analyst ",
        "locationName": "London",
        "minimumSalary": null,
        "maximumSalary": null,
        "currency": null,
        "expirationDate": "27/10/2020",
        "date": "15/09/2020",
        "jobDescription": " Our client, an iconic record label is seeking an adaptable Junior Streaming &amp; Commerce Analyst to assist campaigns for some of the world’s biggest artists. Key responsibilities will include:  Regularly reporting and forecasting track/album consumption for further analysis across streaming manager, physical retail, and digital download partners.Providing updates on develo... ",
        "applications": 70,
        "jobUrl": "https://www.reed.co.uk/jobs/junior-streaming-commerce-analyst/40873004"
    },
    {
        "jobId": 40872839,
        "employerId": 419301,
        "employerName": "Future Education",
        "employerProfileId": null,
        "employerProfileName": null,
        "jobTitle": "Media Studies Teacher (MPS or UPS)",
        "locationName": "Rainham",
        "minimumSalary": 140.0,
        "maximumSalary": 175.0,
        "currency": "GBP",
        "expirationDate": "27/10/2020",
        "date": "15/09/2020",
        "jobDescription": " Ofsted rated 'Good’ Mainstream Secondary School located in Rainham is recruiting for a full-time maternity cover Media Studies Teacher / Teacher of Media Studies (MPS or UPS). This is to start in January 2021! Focused and dedicated Headteacher who has great vision and clear aspirations. Strong and supportive school and team. Teaching at this school is a minimum of a &quot;Good&quot; and all new teachers who join must be able to demons... ",
        "applications": 1,
        "jobUrl": "https://www.reed.co.uk/jobs/media-studies-teacher-mps-or-ups/40872839"
    },
    {
        "jobId": 41177098,
        "employerId": 617477,
        "employerName": "Computer Futures",
        "employerProfileId": null,
        "employerProfileName": null,
        "jobTitle": "IT Events - Event Technician",
        "locationName": "London",
        "minimumSalary": 150.0,
        "maximumSalary": 200.0,
        "currency": "GBP",
        "expirationDate": "24/11/2020",
        "date": "13/10/2020",
        "jobDescription": " Computer Futures are working with a global media company who are currently recruiting for an experienced AV Technician. Working in Corporate events, this is a global role and you must be comfortable to travel internationally to many of the client offices worldwide. You should have a strong background of covering corporate Media events (more so than Live events - music or sports)</strong... ",
        "applications": 13,
        "jobUrl": "https://www.reed.co.uk/jobs/it-events-event-technician/41177098"
    },
    {
        "jobId": 41167599,
        "employerId": 441823,
        "employerName": "Chichester College Group",
        "employerProfileId": null,
        "employerProfileName": null,
        "jobTitle": "Technician in Music",
        "locationName": "Chichester",
        "minimumSalary": 18180.0,
        "maximumSalary": 18180.0,
        "currency": "GBP",
        "expirationDate": "23/11/2020",
        "date": "12/10/2020",
        "jobDescription": " We have an exciting opportunity for a Technician in Music to support the delivery of learning opportunities for students on various courses within the Performing Arts departmentat the Chichester Campus. You will join us on a part timebasis, fixed term contract until 1sy July 2021 in return for a competitive salary pro rata of &#163;18,180 per annum (i.e. &#163;4,913.51 per annum). <st... ",
        "applications": 3,
        "jobUrl": "https://www.reed.co.uk/jobs/technician-in-music/41167599"
    },
    {
        "jobId": 40960850,
        "employerId": 434985,
        "employerName": "Jewson",
        "employerProfileId": null,
        "employerProfileName": null,
        "jobTitle": "Customer Service Advisor Distribution",
        "locationName": "Hertfordshire",
        "minimumSalary": null,
        "maximumSalary": null,
        "currency": null,
        "expirationDate": "23/10/2020",
        "date": "25/09/2020",
        "jobDescription": " At Jewson we pride ourselves on our ability to provide a great welcome to our customers, being proactive when helping them, being trusted, and recognised for our 'customer first' approach. If you enjoy working with people and you think you could help our  customers feel welcome, then this Customer Service Advisor (Distribution) could be a great opportunity for you. This Customer Service Advisor (Distribution) role is working in our Je... ",
        "applications": 22,
        "jobUrl": "https://www.reed.co.uk/jobs/customer-service-advisor-distribution/40960850"
    },
    {
        "jobId": 40817726,
        "employerId": 429246,
        "employerName": "SLS Recruitment",
        "employerProfileId": null,
        "employerProfileName": null,
        "jobTitle": "Sales Analyst",
        "locationName": "Cheshire",
        "minimumSalary": null,
        "maximumSalary": null,
        "currency": null,
        "expirationDate": "15/10/2020",
        "date": "03/09/2020",
        "jobDescription": " Sales AnalystCheshire&#163;28,000 - &#163;30,000Our client is looking for a passionate and experienced Sales Analyst in the FMCG industry to form part of their growing team. This entrepreneurial consumer goods company took off following the CEO’s successful pitch on Dragon’s Den. Fast forward to the present and our client’s goo... ",
        "applications": 17,
        "jobUrl": "https://www.reed.co.uk/jobs/sales-analyst/40817726"
    },
    {
        "jobId": 41050438,
        "employerId": 434985,
        "employerName": "Jewson",
        "employerProfileId": null,
        "employerProfileName": null,
        "jobTitle": "Assistant Branch Manager",
        "locationName": "South West England",
        "minimumSalary": null,
        "maximumSalary": null,
        "currency": null,
        "expirationDate": "30/10/2020",
        "date": "02/10/2020",
        "jobDescription": " At Jewson we pride ourselves on our ability to provide a great welcome to our customers, being proactive when helping them, being trusted, and recognised for our 'customer first' approach. If you are ambitious and enjoy a busy role that includes supervising  a team and improving operational activity, this Assistant Branch Manager role could be a great opportunity for you. This Assistant Branch Manager role is working in our Jewson Bra... ",
        "applications": 4,
        "jobUrl": "https://www.reed.co.uk/jobs/assistant-branch-manager/41050438"
    },
    {
        "jobId": 41047439,
        "employerId": 487681,
        "employerName": "Saint-Gobain Limited",
        "employerProfileId": null,
        "employerProfileName": null,
        "jobTitle": "Automation & Manual Tester",
        "locationName": "Newbury",
        "minimumSalary": null,
        "maximumSalary": null,
        "currency": null,
        "expirationDate": "30/10/2020",
        "date": "02/10/2020",
        "jobDescription": " Automation &amp; Manual Tester Competitive Salary - Based in Newbury,Berkshire Saint-Gobain -Winners of 'TOP EMPLOYER UK AND GLOBAL' four years running! (2016-2020) A truly exciting time to join us here at Saint-Gobain as we prepare to embark on our new Digital Transformation project. Saint-Gobain is a global leader in the construction industry with a presence in over 6... ",
        "applications": 26,
        "jobUrl": "https://www.reed.co.uk/jobs/automation-manual-tester/41047439"
    },
    {
        "jobId": 41046518,
        "employerId": 434985,
        "employerName": "Jewson",
        "employerProfileId": null,
        "employerProfileName": null,
        "jobTitle": "Timber Business Development Manager",
        "locationName": "Plymouth",
        "minimumSalary": null,
        "maximumSalary": null,
        "currency": null,
        "expirationDate": "30/10/2020",
        "date": "02/10/2020",
        "jobDescription": " Are you an expert in timber and want to contribute to the growth of the Jewson brand? We're looking for a Timber Business Development Manager to work in partnership across our Plymouth Business Unit, delivering profitable sales and margin growth for timber,  panel and related products to both new and existing customers. You will ensure that the timber and related product offer in the Business Unit is market leading locally and leads to marke... ",
        "applications": 4,
        "jobUrl": "https://www.reed.co.uk/jobs/timber-business-development-manager/41046518"
    },
    {
        "jobId": 41044796,
        "employerId": 434992,
        "employerName": "Gibbs and Dandy",
        "employerProfileId": null,
        "employerProfileName": null,
        "jobTitle": "Customer Service Advisor Counter",
        "locationName": "Gillingham Business Park",
        "minimumSalary": null,
        "maximumSalary": null,
        "currency": null,
        "expirationDate": "30/10/2020",
        "date": "02/10/2020",
        "jobDescription": " Gibbs &amp; Dandy - Customer Service Advisor (Counter)Based: GillinghamGibbs &amp; Dandy - National Merchant of the Year 2018 &amp; 2019 / &quot;One to Watch&quot; Times Top 100 Best Companies to Work for 2019 As a Customer Service Advisor, you'll be the face of the business, meeting and serving the customers that come into the branch throughout the day, as well as those that call in. You'll be a key to the experienc... ",
        "applications": 28,
        "jobUrl": "https://www.reed.co.uk/jobs/customer-service-advisor-counter/41044796"
    },
    {
        "jobId": 41044784,
        "employerId": 434992,
        "employerName": "Gibbs and Dandy",
        "employerProfileId": null,
        "employerProfileName": null,
        "jobTitle": "Customer Service Advisor Counter",
        "locationName": "Cressex Business Park",
        "minimumSalary": null,
        "maximumSalary": null,
        "currency": null,
        "expirationDate": "30/10/2020",
        "date": "02/10/2020",
        "jobDescription": " Gibbs &amp; Dandy - Customer Service Advisor (Counter)Based: High WycombeGibbs &amp; Dandy - National Merchant of the Year 2018 &amp; 2019 / &quot;One to Watch&quot; Times Top 100 Best Companies to Work for 2019 As a Customer Service Advisor, you'll be the face of the business, meeting and serving the customers that come into the branch throughout the day, as well as those that call in. You'll be a key to the experie... ",
        "applications": 26,
        "jobUrl": "https://www.reed.co.uk/jobs/customer-service-advisor-counter/41044784"
    },
    {
        "jobId": 41044769,
        "employerId": 434985,
        "employerName": "Jewson",
        "employerProfileId": null,
        "employerProfileName": null,
        "jobTitle": "Tool Hire Supervisor",
        "locationName": "Lochgilphead",
        "minimumSalary": null,
        "maximumSalary": null,
        "currency": null,
        "expirationDate": "30/10/2020",
        "date": "02/10/2020",
        "jobDescription": " The position is only open to internal applicants of Saint Gobain. Please note that any applications made by people outside of Saint Gobain will not be considered at this stage. At Jewson we pride ourselves on our ability to provide a great welcome to our customers, being proactive when helping them, being trusted, and recognised for our 'customer first' approach. If you enjoy a customer-facing role where you are responsible for  drivi... ",
        "applications": 1,
        "jobUrl": "https://www.reed.co.uk/jobs/tool-hire-supervisor/41044769"
    },
    {
        "jobId": 41044760,
        "employerId": 434985,
        "employerName": "Jewson",
        "employerProfileId": null,
        "employerProfileName": null,
        "jobTitle": "Tool Hire Assistant",
        "locationName": "Glasgow",
        "minimumSalary": null,
        "maximumSalary": null,
        "currency": null,
        "expirationDate": "30/10/2020",
        "date": "02/10/2020",
        "jobDescription": " At Jewson we pride ourselves on our ability to provide a great welcome to our customers, being proactive when helping them, being trusted, and recognised for our 'customer first' approach. If you enjoy a 'hands-on' role working with equipment and also enjoy  working with people and making customers feel welcome, then this Tool Hire Assistant could be a great opportunity for you. This Tool Hire Assistant role is working in our Jewson B... ",
        "applications": 25,
        "jobUrl": "https://www.reed.co.uk/jobs/tool-hire-assistant/41044760"
    },
    {
        "jobId": 41044591,
        "employerId": 434992,
        "employerName": "Gibbs and Dandy",
        "employerProfileId": null,
        "employerProfileName": null,
        "jobTitle": "Business Development Executive",
        "locationName": "Woking",
        "minimumSalary": null,
        "maximumSalary": null,
        "currency": null,
        "expirationDate": "30/10/2020",
        "date": "02/10/2020",
        "jobDescription": " Gibbs &amp; Dandy - Business Development Executive Based: Woking Salary: &#163;28,000 - 34,000 depending on experience Gibbs &amp; Dandy - National Merchant of the Year 2018 &amp; 2019 / &quot;One to Watch&quot; Times Top 100 Best Companies to Work for 2019 As a Business Development Executive, you'll be the face (and voice) of the busines... ",
        "applications": 38,
        "jobUrl": "https://www.reed.co.uk/jobs/business-development-executive/41044591"
    },
    {
        "jobId": 41137413,
        "employerId": 487681,
        "employerName": "Saint-Gobain Limited",
        "employerProfileId": null,
        "employerProfileName": null,
        "jobTitle": "Digital Product Analyst",
        "locationName": "Newbury",
        "minimumSalary": null,
        "maximumSalary": null,
        "currency": null,
        "expirationDate": "03/11/2020",
        "date": "06/10/2020",
        "jobDescription": " Digital Product Analyst Competitive Salary - Based in Newbury, Berkshire Saint-Gobain - Winners of 'TOP EMPLOYER UK AND GLOBAL' five years running! (2016-2020) A fantastic time to join our already successful Digital team at Saint-Gobain as we prepare to commence the next phase of our Digital Transformation. Saint-Gobain is a global leader in the construc... ",
        "applications": 7,
        "jobUrl": "https://www.reed.co.uk/jobs/digital-product-analyst/41137413"
    },
    {
        "jobId": 41137377,
        "employerId": 487681,
        "employerName": "Saint-Gobain Limited",
        "employerProfileId": null,
        "employerProfileName": null,
        "jobTitle": "Digital Product Analyst",
        "locationName": "Huddersfield",
        "minimumSalary": null,
        "maximumSalary": null,
        "currency": null,
        "expirationDate": "03/11/2020",
        "date": "06/10/2020",
        "jobDescription": " Digital Product Analyst Competitive Salary - Based in Huddersfield, West Yorkshire Saint-Gobain - Winners of 'TOP EMPLOYER UK AND GLOBAL' five years running! (2016-2020) A fantastic time to join our already successful Digital team at Saint-Gobain as we prepare to commence the next phase of our Digital Transformation. Saint-Gobain is a global leader in the construction in... ",
        "applications": 12,
        "jobUrl": "https://www.reed.co.uk/jobs/digital-product-analyst/41137377"
    },
    {
        "jobId": 41158706,
        "employerId": 571034,
        "employerName": "Hiring People",
        "employerProfileId": null,
        "employerProfileName": null,
        "jobTitle": "Web Developer",
        "locationName": "Bristol",
        "minimumSalary": 25000.0,
        "maximumSalary": 40000.0,
        "currency": "GBP",
        "expirationDate": "06/11/2020",
        "date": "09/10/2020",
        "jobDescription": " A fantastic opportunity for a high-calibre Web Developer who is seeking a new role with an established, but entrepreneurial forward-thinking company! Our client is indisputably at the forefront of coach training and personal development worldwide, along with working on some fantastic digital projects with some well-known household names.&nbsp; It’s an exciting time in the digital world, so they want to... ",
        "applications": 4,
        "jobUrl": "https://www.reed.co.uk/jobs/web-developer/41158706"
    },
    {
        "jobId": 41165764,
        "employerId": 434985,
        "employerName": "Jewson",
        "employerProfileId": null,
        "employerProfileName": null,
        "jobTitle": "Senior Customer Service Advisor",
        "locationName": "Cardigan",
        "minimumSalary": null,
        "maximumSalary": null,
        "currency": null,
        "expirationDate": "09/11/2020",
        "date": "12/10/2020",
        "jobDescription": " At Jewson we pride ourselves on our ability to provide a great welcome to our customers, being proactive when helping them, being trusted, and recognised for our 'customer first' approach. If you enjoy working with people, you're a good listener and you  think you could help our customers feel welcome, then this Senior Customer Service Advisor (Sales) vacancy could be a great opportunity for you. This Senior C... ",
        "applications": 0,
        "jobUrl": "https://www.reed.co.uk/jobs/senior-customer-service-advisor/41165764"
    },
    {
        "jobId": 40974507,
        "employerId": 487681,
        "employerName": "Saint-Gobain Limited",
        "employerProfileId": null,
        "employerProfileName": null,
        "jobTitle": "Data Analyst",
        "locationName": "Huddersfield",
        "minimumSalary": null,
        "maximumSalary": null,
        "currency": null,
        "expirationDate": "27/10/2020",
        "date": "29/09/2020",
        "jobDescription": " Data Analyst  Saint Gobain - Home Based / Remote Working Do you have demonstrated experience in Excel? as well as experience with programming languages such as R / Python / SAS / Matlab / SQL? Followed by a proven track record of implementing and utilising digital analytics tools? If so this vacancy may be your perfect next move! Job Purpose  To provide the busine... ",
        "applications": 48,
        "jobUrl": "https://www.reed.co.uk/jobs/data-analyst/40974507"
    },
    {
        "jobId": 40969368,
        "employerId": 434985,
        "employerName": "Jewson",
        "employerProfileId": null,
        "employerProfileName": null,
        "jobTitle": "Senior Customer Service Advisor - Sales",
        "locationName": "Brighton",
        "minimumSalary": null,
        "maximumSalary": null,
        "currency": null,
        "expirationDate": "26/10/2020",
        "date": "28/09/2020",
        "jobDescription": " ?At Jewson we pride ourselves on our ability to provide a great welcome to our customers, being proactive when helping them, being trusted, and recognised for our 'customer first' approach. If you enjoy working with people, you're a good listener and you  think you could help our customers feel welcome, then this Senior Customer Service Advisor (Sales) could be a great opportunity for you. This Senior Customer... ",
        "applications": 14,
        "jobUrl": "https://www.reed.co.uk/jobs/senior-customer-service-advisor-sales/40969368"
    },
    {
        "jobId": 40960991,
        "employerId": 434985,
        "employerName": "Jewson",
        "employerProfileId": null,
        "employerProfileName": null,
        "jobTitle": "Tool Hire Assistant",
        "locationName": "County Durham",
        "minimumSalary": null,
        "maximumSalary": null,
        "currency": null,
        "expirationDate": "23/10/2020",
        "date": "25/09/2020",
        "jobDescription": " At Jewson we pride ourselves on our ability to provide a great welcome to our customers, being proactive when helping them, being trusted, and recognised for our 'customer first' approach. If you enjoy a 'hands-on' role working with equipment and also enjoy  working with people and making customers feel welcome, then this Tool Hire Assistant could be a great opportunity for you. This Tool Hire Assistant role is working in our Jewson B... ",
        "applications": 11,
        "jobUrl": "https://www.reed.co.uk/jobs/tool-hire-assistant/40960991"
    },
    {
        "jobId": 40960951,
        "employerId": 434985,
        "employerName": "Jewson",
        "employerProfileId": null,
        "employerProfileName": null,
        "jobTitle": "Customer Service Advisor/Timber Mill Assistant",
        "locationName": "Morecambe",
        "minimumSalary": null,
        "maximumSalary": null,
        "currency": null,
        "expirationDate": "23/10/2020",
        "date": "25/09/2020",
        "jobDescription": " Customer Service Advisor/ Timber Mill Assistant (Yard and Branch) - Jewson Builders' Merchants Based in Morecambe, Lancashire  Jewson are a part of Saint-Gobain - Winners of 'TOP EMPLOYER UK AND GLOBAL' five years running! (2016-2020) We have an exciting opportunity for energetic and enthusiastic Customer Service Advisor/ Timber Mill Assistant t... ",
        "applications": 13,
        "jobUrl": "https://www.reed.co.uk/jobs/customer-service-advisor-timber-mill-assistant/40960951"
    },
    {
        "jobId": 40960864,
        "employerId": 434985,
        "employerName": "Jewson",
        "employerProfileId": null,
        "employerProfileName": null,
        "jobTitle": "Customer Service Advisor Distribution",
        "locationName": "Nottinghamshire",
        "minimumSalary": null,
        "maximumSalary": null,
        "currency": null,
        "expirationDate": "23/10/2020",
        "date": "25/09/2020",
        "jobDescription": " The position is only open to internal applicants of Saint Gobain. Please note that any applications made by people outside of Saint Gobain will not be considered at this stage. At Jewson we pride ourselves on our ability to provide a great welcome to our customers, being proactive when helping them, being trusted, and recognised for our 'customer first' approach. If you enjoy working with people and you think you could help our  custo... ",
        "applications": 7,
        "jobUrl": "https://www.reed.co.uk/jobs/customer-service-advisor-distribution/40960864"
    },
    {
        "jobId": 40893842,
        "employerId": 628205,
        "employerName": "Automile",
        "employerProfileId": null,
        "employerProfileName": null,
        "jobTitle": "New Business Development Manager",
        "locationName": "Stockholm",
        "minimumSalary": 35000.0,
        "maximumSalary": 60000.0,
        "currency": "GBP",
        "expirationDate": "29/10/2020",
        "date": "17/09/2020",
        "jobDescription": " New Business Development Manager, Stockholm, Sweden Automile is a SaaS company in hyper-growth disrupting a $30 Billion telematics market and beyond. With a perfect blend of big data, technology, and a positive start-up mentality Automile is transforming the lives of our customers by making them more productive  whilst saving them thousands of pounds. With tens of thousands of customers, across all industries a... ",
        "applications": 11,
        "jobUrl": "https://www.reed.co.uk/jobs/new-business-development-manager/40893842"
    },
    {
        "jobId": 40893461,
        "employerId": 434985,
        "employerName": "Jewson",
        "employerProfileId": null,
        "employerProfileName": null,
        "jobTitle": "Customer Service Advisor Sales",
        "locationName": "Pinchbeck",
        "minimumSalary": null,
        "maximumSalary": null,
        "currency": null,
        "expirationDate": "15/10/2020",
        "date": "17/09/2020",
        "jobDescription": " At Jewson we pride ourselves on our ability to provide a great welcome to our customers, being proactive when helping them, being trusted, and recognised for our 'customer first' approach. If you enjoy working with people, you're a good listener and you  think you could help our customers feel welcome, then this Customer Service Advisor (Sales) could be a great opportunity for you. This Customer Service Adviso... ",
        "applications": 18,
        "jobUrl": "https://www.reed.co.uk/jobs/customer-service-advisor-sales/40893461"
    },
    {
        "jobId": 40763325,
        "employerId": 434985,
        "employerName": "Jewson",
        "employerProfileId": null,
        "employerProfileName": null,
        "jobTitle": "Customer Service Advisor Distribution",
        "locationName": "Cranleigh",
        "minimumSalary": null,
        "maximumSalary": null,
        "currency": null,
        "expirationDate": "15/10/2020",
        "date": "21/08/2020",
        "jobDescription": " At Jewson we pride ourselves on our ability to provide a great welcome to our customers, being proactive when helping them, being trusted, and recognised for our 'customer first' approach. If you enjoy working with people and you think you could help our  customers feel welcome, then this Customer Service Advisor (Distribution) could be a great opportunity for you. This Customer Service Advisor (Distribution</... ",
        "applications": 15,
        "jobUrl": "https://www.reed.co.uk/jobs/customer-service-advisor-distribution/40763325"
    },
    {
        "jobId": 40869516,
        "employerId": 93176,
        "employerName": "Robertson Sumner Ltd",
        "employerProfileId": null,
        "employerProfileName": null,
        "jobTitle": "Inside Sales Executive - Jabra",
        "locationName": "Slough",
        "minimumSalary": 25000.0,
        "maximumSalary": 25000.0,
        "currency": "GBP",
        "expirationDate": "26/10/2020",
        "date": "14/09/2020",
        "jobDescription": " About Jabra: Jabra is a leader in engineering communications and sound solutions - innovating to empower both consumers and businesses. Through sound and video, they help transform lives. Jabra engineering excellence leads the way, building on 150 years of pioneering  work. This allows them to create integrated headsets and communications tools that help professionals work more productively; wireless headphones and ea... ",
        "applications": 40,
        "jobUrl": "https://www.reed.co.uk/jobs/inside-sales-executive-jabra/40869516"
    }
]