applications,currency,date,employerId,employerName,employerProfileId,employerProfileName,expirationDate,jobDescription,jobId,jobTitle,jobUrl,locationName,maximumSalary,minimumSalary
2,GBP,2020-01-10,432060,Academics ,,,12/11/2020," Music Therapy - Learning Support / Teaching Assistant - Guildford The question: Would you like to work with children in learning and support? Is music one of your strengths? Are you aspiring to be a Music Therapist? The opportunity: This is an excellent career development opportunity for someone with an interest in Support and Special Education Needs, and is the perfect position f... ",41006367,TEACHING ASSISTANT -  Aspiring Music Therapist,https://www.reed.co.uk/jobs/teaching-assistant-aspiring-music-therapist/41006367,Godalming,75.0,65.0
0,GBP,2020-05-10,623473,Term Time Teachers,,,16/11/2020, Head of Music  Temporary position up until August 2021 Full MPS/UPS &#43; TLR Sheerness Required to start January 2021 Are you a Music teacher and inspirational subject leader of exceptional ability? Term Time Teachers could be able to help if you are ready to take the next step in your career! We ar... ,41130660,Head of Music,https://www.reed.co.uk/jobs/head-of-music/41130660,Sheerness,40490.0,24373.0
3,,2020-09-10,427940,Tradewind Recruitment,,,23/10/2020,Tradewind are recruiting! Are you looking for you next role Head of Music at an inner city girls school based in Tower Hamlets?Do you have a passion for nurturing musical talent and learning for young women? This is a rare opportunity to join the Expressive &amp; Performing Arts team. They have sector-leading teacher retention and passionate investment in staff development.The clientAn all-girls school in the heart ... ,41159562,Head of Music,https://www.reed.co.uk/jobs/head-of-music/41159562,London,,
0,,2020-10-14,626228,Partnership Jobs,,,25/11/2020,Customer Assistant for Tech Brand (German)GermanJobs Technology Headphones--Now relocating candidates from Germany and other European countries BE PART OF ITWho is your favourite musician Whether you are into pop rock rap or country every song sounds next level on Bose products Bose make headphones and speakers of extremely high quality they even make a water resistant speaker Working with Bose through our host  com... ,41187184,Kundenberater für Technologieunternehmen Deutsche,https://www.reed.co.uk/jobs/kundenberater-fr-technologieunternehmen-deutsche/41187184,Lisbon,,
0,,2020-10-14,626228,Partnership Jobs,,,25/11/2020,"Pay: MPS/UPS &#43; TLRStart Date: December 2020/ January 2021Are you an inspirational and experienced subject leader ready to take the next step in your career?Can you inspire, support, challenge and motivate staff?Have you the desire and experience to lead a department, to raise student aspirations and attainment?If the answers are yes, then we want to meet you to discuss this exciting... ",41187177,Head of Music - Full-time,https://www.reed.co.uk/jobs/head-of-music-full-time/41187177,Sheerness,,
1,,2020-09-24,626228,Partnership Jobs,,,12/11/2020,"Pay: MPS/UPS &#43; TLRStart Date: December 2020/ January 2021Are you an inspirational and experienced subject leader ready to take the next step in your career?Can you inspire, support, challenge and motivate staff?Have you the desire and experience to lead a department, to raise student aspirations and attainment?If the answers are yes, then we want to meet you to discuss this exciting... ",40957514,Head of Music - Full-time,https://www.reed.co.uk/jobs/head-of-music-full-time/40957514,Sheerness,,
