applications,currency,date,employerId,employerName,employerProfileId,employerProfileName,expirationDate,jobDescription,jobId,jobTitle,jobUrl,locationName,maximumSalary,minimumSalary
1,,2020-10-14,626228,Partnership Jobs,,,25/11/2020,"THE ROLEWe are seeking an enthusiastic and experienced piano teacher to join our thriving department from January 2021. The successful candidate will be initially teaching one-to-one lessons to pupils in the Junior School, from Year 3 to Year 6, although there may  be eventual scope to teach in the Senior School. There is currently approximately a full day of teaching available on an employed basis.In ord... ",41186271,Visiting Music Teacher - Piano,https://www.reed.co.uk/jobs/visiting-music-teacher-piano/41186271,Highgate,,
2,GBP,2020-09-17,564408,Active Recruitment Ltd,,,29/10/2020," **Teacher of Music. **January 2021 start. **School based in Southend. **Specialism in Piano welcome.  Active Recruitment are looking for a Music Teacher to join a &quot;Good/Outstanding&quot; school based in Southend-on-Sea, Essex.  The successful applicant will be asked to plan and deliver Music to KS4 and will hold a recognised UK Teaching Qualification. Ideally, you will have a specialism in teaching and... ",40893770,Teacher of Music ,https://www.reed.co.uk/jobs/teacher-of-music/40893770,Southend-on-Sea,185.0,135.0
1,,2020-10-13,623473,Term Time Teachers,,,24/11/2020," The school exposes their pupils to academic challenges, personal development and knowledge enrichment to allow overall development of their pupils. They treat each pupil as an individual, provide a foundation for life, teach them to have high expectations  for themselves and strive to excel. They offer a wide curriculum and extra curricular activities to enrich the pupils. They are looking for a teacher who are good at:Planning,... ",41179435,Music Teacher,https://www.reed.co.uk/jobs/music-teacher/41179435,Maidstone,,
1,GBP,2020-09-30,110799,Time Recruitment,,,11/11/2020,"Registered NurseLocation: Sutton Coldfield, Birmingham&#163;16.50 - &#163;17.00 per hour (&#163;32,175 per annum) &#43; Paid Breaks &#43; Paid HandoverDays - 37.5 hoursWe are proud to be working alongside a specialist luxury independent nursing provider in the commutable area of Sutton Coldfield, Birmingham specialising in general nursing, gold standard palliative care and dementia nursing care setting in its search... ",40992118,Registered Nurse,https://www.reed.co.uk/jobs/registered-nurse/40992118,Sutton Coldfield,32715.0,32715.0
4,GBP,2020-09-30,110799,Time Recruitment,,,28/10/2020,"Registered NurseLocation: Sutton Coldfield, Birmingham&#163;16.50 - &#163;17.00 per hour (&#163;32,175 per annum) &#43; Paid Breaks &#43; Paid HandoverDays - 37.5 hoursWe are proud to be working alongside a specialist luxury independent nursing provider in the commutable area of Sutton Coldfield, Birmingham specialising in general nursing, gold standard palliative care and dementia nursing care setting in its search... ",40991909,Registered Nurse,https://www.reed.co.uk/jobs/registered-nurse/40991909,Birmingham,17.0,16.5
54,GBP,2020-09-25,88638,Greycoat Lumleys,,,06/11/2020," Part-time Nanny Job, SW6, London, October 2020  Our client based in Fulham is currently looking for an experienced Nanny to work three days a week. The nanny should be able to provide stimulation for their two energetic daughters who are 5 and 3 years old. Mum will be working from home and although this  is a sole charge role, Mum will sometimes help with pick ups etc - agreed with the Nanny in advance.  Duties  Tak... ",40964300,Part-time Nanny Job,https://www.reed.co.uk/jobs/part-time-nanny-job/40964300,London,18.0,15.0
0,GBP,2020-09-24,495956,HC-One Limited,,,05/11/2020," About The Role *&#163;1000 Welcome Bonus.*Paid NMC PIN renewal, we cover your annual registration fee.*Paid individual membership for the Nursing Times.Paid PVG Check. Night Shift Allowance available. As a Charge Nurse, at HC One, you’ll have one quali... ",40956262,Charge Nurse,https://www.reed.co.uk/jobs/charge-nurse/40956262,East Lothian,18.0,18.0
0,GBP,2020-10-14,446759,Maria Mallaband Care Group,,,11/11/2020," About the Role The Domestic Assistant is part of the care team and as such works with other staff and maintains a clean and safe environment for all Service Users and staff. Main duties:  Promote the Company Mission Statement at all times.Ensure the Home’s furniture, furnishings and fittings are sufficiently clean.Ensure all surfaces of floors, walls and cei... ",41188854,Domestic Assistant Day,https://www.reed.co.uk/jobs/domestic-assistant-day/41188854,Ilkley,8.85,8.85
3,GBP,2020-10-06,446759,Maria Mallaband Care Group,,,23/10/2020," About the Role About the role; As a Senior Carer for Maria Mallaband Care Group we ask for you to care for our residents like they are your own family, caring for their Physical, Psychological and Social needs. Assisting residents with personal care activities such as washing, personal  hygiene, dressing and assisting with meals. We would love to hear from you if you have previously worked as a... ",40478380,Senior Carer,https://www.reed.co.uk/jobs/senior-carer/40478380,Ilkley,9.6,9.6
0,GBP,2020-10-06,446759,Maria Mallaband Care Group,,,29/10/2020," About the Role About the role; As a Registered Nurse for Maria Mallaband Care Group we ask for you to care for our residents like they are your own family, caring for their Physical, Psychological and Social needs while being the best quality, most highly regarded Care Provider in the  United Kingdom. Become a Key worker and make difference. About You;</st... ",40478364,Registered Nurse Nurse Qualified,https://www.reed.co.uk/jobs/registered-nurse-nurse-qualified/40478364,Ilkley,19.0,19.0
0,GBP,2020-09-06,446759,Maria Mallaband Care Group,,,23/10/2020," About the Role About the role; As a Registered Nurse for Maria Mallaband Care Group we ask for you to care for our residents like they are your own family, caring for their Physical, Psychological and Social needs while being the best quality, most highly regarded Care Provider in the  United Kingdom. Become a Key worker and make difference. About You;</st... ",40476196,Registered Nurse Nurse Qualified,https://www.reed.co.uk/jobs/registered-nurse-nurse-qualified/40476196,Ilkley,19.0,19.0
0,GBP,2020-09-24,495956,HC-One Limited,,,05/11/2020," About The Role *&#163;1000 Welcome Bonus.*Paid NMC PIN renewal, we cover your annual registration fee.*Paid individual membership for the Nursing Times.Paid PVG Check. Night Shift Allowance available. We are looking for a passionate and caring individual with a proven ... ",40956260,Registered Nurse,https://www.reed.co.uk/jobs/registered-nurse/40956260,East Lothian,16.5,16.5
9,GBP,2020-07-21,446759,Maria Mallaband Care Group,,,20/10/2020," About the Role As a Healthcare Assistant for Maria Mallaband Care Group we ask for you to care for our residents like they are your own family, caring for their Physical, Psychological and Social needs. Assisting residents with personal care activities such as washing,  personal hygiene, dressing and assisting with meals. We would love to hear from you if you have previously worked as a Care Assistant, Care Giver, Hom... ",40626920,Care Assistant Day & Night,https://www.reed.co.uk/jobs/care-assistant-day-night/40626920,Thornton-Cleveleys,9.25,8.85
2,GBP,2020-09-06,446759,Maria Mallaband Care Group,,,29/10/2020," About the Role As a Healthcare Assistant for Maria Mallaband Care Group we ask for you to care for our residents like they are your own family, caring for their Physical, Psychological and Social needs. Assisting residents with personal care activities such as washing,  personal hygiene, dressing and assisting with meals. We would love to hear from you if you have previously worked as a Care Assistant, Care Giver, Hom... ",40476096,Care Assistant Day & Night,https://www.reed.co.uk/jobs/care-assistant-day-night/40476096,Ilkley,9.4,9.0
5,GBP,2020-09-17,446759,Maria Mallaband Care Group,,,29/10/2020," About the Role The Cook/Chef must be reliable and fully competent in all aspects of kitchen duties and be able to produce a variety of menus, including catering for special dietary needs, whilst not exceeding the budget.  Main duties:  Promote the Company Mission Statement at all times.Prepare menu in line with allocated food budget. Prepare, cook and serve meals c... ",40894822,Chef Day,https://www.reed.co.uk/jobs/chef-day/40894822,Ilkley,10.6,10.6
2,GBP,2020-09-21,446759,Maria Mallaband Care Group,,,09/11/2020," About the Role As a Healthcare Assistant for Maria Mallaband Care Group we ask for you to care for our residents like they are your own family, caring for their Physical, Psychological and Social needs. Assisting residents with personal care activities such as washing,  personal hygiene, dressing and assisting with meals. We would love to hear from you if you have previously worked as a Care Assistant, Care Giver, Hom... ",40933260,Care Assistant Day,https://www.reed.co.uk/jobs/care-assistant-day/40933260,Ilkley,9.4,9.0
3,GBP,2020-09-21,446759,Maria Mallaband Care Group,,,09/11/2020," About the Role As a Healthcare Assistant for Maria Mallaband Care Group we ask for you to care for our residents like they are your own family, caring for their Physical, Psychological and Social needs. Assisting residents with personal care activities such as washing,  personal hygiene, dressing and assisting with meals. We would love to hear from you if you have previously worked as a Care Assistant, Care Giver, Hom... ",40933261,Care Assistant Night,https://www.reed.co.uk/jobs/care-assistant-night/40933261,Ilkley,9.4,9.0
8,GBP,2020-09-06,446759,Maria Mallaband Care Group,,,23/10/2020," About the Role As a Healthcare Assistant for Maria Mallaband Care Group we ask for you to care for our residents like they are your own family, caring for their Physical, Psychological and Social needs. Assisting residents with personal care activities such as washing,  personal hygiene, dressing and assisting with meals. We would love to hear from you if you have previously worked as a Care Assistant, Care Giver, Hom... ",40476097,Care Assistant Day & Night,https://www.reed.co.uk/jobs/care-assistant-day-night/40476097,Ilkley,9.4,9.0
0,,2020-10-14,626228,Partnership Jobs,,,25/11/2020,"The SchoolThe Minors Nursery School is a well-established, outstanding Nursery School in Notting Hill, and a part of the Alpha Plus Group of schools. We are currently looking for an experienced and enthusiastic part time music teacher to join our team.The RoleDuties &amp; Responsibilities will include the following: Leading music sessions for nursery ... ",41185013,Music Teacher Part Time,https://www.reed.co.uk/jobs/music-teacher-part-time/41185013,Notting Hill,,
