[
    {
        "jobId": 41186271,
        "employerId": 626228,
        "employerName": "Partnership Jobs",
        "employerProfileId": null,
        "employerProfileName": null,
        "jobTitle": "Visiting Music Teacher - Piano",
        "locationName": "Highgate",
        "minimumSalary": null,
        "maximumSalary": null,
        "currency": null,
        "expirationDate": "25/11/2020",
        "date": "14/10/2020",
        "jobDescription": "THE ROLEWe are seeking an enthusiastic and experienced piano teacher to join our thriving department from January 2021. The successful candidate will be initially teaching one-to-one lessons to pupils in the Junior School, from Year 3 to Year 6, although there may  be eventual scope to teach in the Senior School. There is currently approximately a full day of teaching available on an employed basis.In ord... ",
        "applications": 1,
        "jobUrl": "https://www.reed.co.uk/jobs/visiting-music-teacher-piano/41186271"
    },
    {
        "jobId": 40893770,
        "employerId": 564408,
        "employerName": "Active Recruitment Ltd",
        "employerProfileId": null,
        "employerProfileName": null,
        "jobTitle": "Teacher of Music ",
        "locationName": "Southend-on-Sea",
        "minimumSalary": 135.0,
        "maximumSalary": 185.0,
        "currency": "GBP",
        "expirationDate": "29/10/2020",
        "date": "17/09/2020",
        "jobDescription": " **Teacher of Music. **January 2021 start. **School based in Southend. **Specialism in Piano welcome.  Active Recruitment are looking for a Music Teacher to join a &quot;Good/Outstanding&quot; school based in Southend-on-Sea, Essex.  The successful applicant will be asked to plan and deliver Music to KS4 and will hold a recognised UK Teaching Qualification. Ideally, you will have a specialism in teaching and... ",
        "applications": 2,
        "jobUrl": "https://www.reed.co.uk/jobs/teacher-of-music/40893770"
    },
    {
        "jobId": 41179435,
        "employerId": 623473,
        "employerName": "Term Time Teachers",
        "employerProfileId": null,
        "employerProfileName": null,
        "jobTitle": "Music Teacher",
        "locationName": "Maidstone",
        "minimumSalary": null,
        "maximumSalary": null,
        "currency": null,
        "expirationDate": "24/11/2020",
        "date": "13/10/2020",
        "jobDescription": " The school exposes their pupils to academic challenges, personal development and knowledge enrichment to allow overall development of their pupils. They treat each pupil as an individual, provide a foundation for life, teach them to have high expectations  for themselves and strive to excel. They offer a wide curriculum and extra curricular activities to enrich the pupils. They are looking for a teacher who are good at:Planning,... ",
        "applications": 1,
        "jobUrl": "https://www.reed.co.uk/jobs/music-teacher/41179435"
    },
    {
        "jobId": 40992118,
        "employerId": 110799,
        "employerName": "Time Recruitment",
        "employerProfileId": null,
        "employerProfileName": null,
        "jobTitle": "Registered Nurse",
        "locationName": "Sutton Coldfield",
        "minimumSalary": 32715.0,
        "maximumSalary": 32715.0,
        "currency": "GBP",
        "expirationDate": "11/11/2020",
        "date": "30/09/2020",
        "jobDescription": "Registered NurseLocation: Sutton Coldfield, Birmingham&#163;16.50 - &#163;17.00 per hour (&#163;32,175 per annum) &#43; Paid Breaks &#43; Paid HandoverDays - 37.5 hoursWe are proud to be working alongside a specialist luxury independent nursing provider in the commutable area of Sutton Coldfield, Birmingham specialising in general nursing, gold standard palliative care and dementia nursing care setting in its search... ",
        "applications": 1,
        "jobUrl": "https://www.reed.co.uk/jobs/registered-nurse/40992118"
    },
    {
        "jobId": 40991909,
        "employerId": 110799,
        "employerName": "Time Recruitment",
        "employerProfileId": null,
        "employerProfileName": null,
        "jobTitle": "Registered Nurse",
        "locationName": "Birmingham",
        "minimumSalary": 16.5,
        "maximumSalary": 17.0,
        "currency": "GBP",
        "expirationDate": "28/10/2020",
        "date": "30/09/2020",
        "jobDescription": "Registered NurseLocation: Sutton Coldfield, Birmingham&#163;16.50 - &#163;17.00 per hour (&#163;32,175 per annum) &#43; Paid Breaks &#43; Paid HandoverDays - 37.5 hoursWe are proud to be working alongside a specialist luxury independent nursing provider in the commutable area of Sutton Coldfield, Birmingham specialising in general nursing, gold standard palliative care and dementia nursing care setting in its search... ",
        "applications": 4,
        "jobUrl": "https://www.reed.co.uk/jobs/registered-nurse/40991909"
    },
    {
        "jobId": 40964300,
        "employerId": 88638,
        "employerName": "Greycoat Lumleys",
        "employerProfileId": null,
        "employerProfileName": null,
        "jobTitle": "Part-time Nanny Job",
        "locationName": "London",
        "minimumSalary": 15.0,
        "maximumSalary": 18.0,
        "currency": "GBP",
        "expirationDate": "06/11/2020",
        "date": "25/09/2020",
        "jobDescription": " Part-time Nanny Job, SW6, London, October 2020  Our client based in Fulham is currently looking for an experienced Nanny to work three days a week. The nanny should be able to provide stimulation for their two energetic daughters who are 5 and 3 years old. Mum will be working from home and although this  is a sole charge role, Mum will sometimes help with pick ups etc - agreed with the Nanny in advance.  Duties  Tak... ",
        "applications": 54,
        "jobUrl": "https://www.reed.co.uk/jobs/part-time-nanny-job/40964300"
    },
    {
        "jobId": 40956262,
        "employerId": 495956,
        "employerName": "HC-One Limited",
        "employerProfileId": null,
        "employerProfileName": null,
        "jobTitle": "Charge Nurse",
        "locationName": "East Lothian",
        "minimumSalary": 18.0,
        "maximumSalary": 18.0,
        "currency": "GBP",
        "expirationDate": "05/11/2020",
        "date": "24/09/2020",
        "jobDescription": " About The Role *&#163;1000 Welcome Bonus.*Paid NMC PIN renewal, we cover your annual registration fee.*Paid individual membership for the Nursing Times.Paid PVG Check. Night Shift Allowance available. As a Charge Nurse, at HC One, you’ll have one quali... ",
        "applications": 0,
        "jobUrl": "https://www.reed.co.uk/jobs/charge-nurse/40956262"
    },
    {
        "jobId": 41188854,
        "employerId": 446759,
        "employerName": "Maria Mallaband Care Group",
        "employerProfileId": null,
        "employerProfileName": null,
        "jobTitle": "Domestic Assistant Day",
        "locationName": "Ilkley",
        "minimumSalary": 8.85,
        "maximumSalary": 8.85,
        "currency": "GBP",
        "expirationDate": "11/11/2020",
        "date": "14/10/2020",
        "jobDescription": " About the Role The Domestic Assistant is part of the care team and as such works with other staff and maintains a clean and safe environment for all Service Users and staff. Main duties:  Promote the Company Mission Statement at all times.Ensure the Home’s furniture, furnishings and fittings are sufficiently clean.Ensure all surfaces of floors, walls and cei... ",
        "applications": 0,
        "jobUrl": "https://www.reed.co.uk/jobs/domestic-assistant-day/41188854"
    },
    {
        "jobId": 40478380,
        "employerId": 446759,
        "employerName": "Maria Mallaband Care Group",
        "employerProfileId": null,
        "employerProfileName": null,
        "jobTitle": "Senior Carer",
        "locationName": "Ilkley",
        "minimumSalary": 9.6,
        "maximumSalary": 9.6,
        "currency": "GBP",
        "expirationDate": "23/10/2020",
        "date": "10/06/2020",
        "jobDescription": " About the Role About the role; As a Senior Carer for Maria Mallaband Care Group we ask for you to care for our residents like they are your own family, caring for their Physical, Psychological and Social needs. Assisting residents with personal care activities such as washing, personal  hygiene, dressing and assisting with meals. We would love to hear from you if you have previously worked as a... ",
        "applications": 3,
        "jobUrl": "https://www.reed.co.uk/jobs/senior-carer/40478380"
    },
    {
        "jobId": 40478364,
        "employerId": 446759,
        "employerName": "Maria Mallaband Care Group",
        "employerProfileId": null,
        "employerProfileName": null,
        "jobTitle": "Registered Nurse Nurse Qualified",
        "locationName": "Ilkley",
        "minimumSalary": 19.0,
        "maximumSalary": 19.0,
        "currency": "GBP",
        "expirationDate": "29/10/2020",
        "date": "10/06/2020",
        "jobDescription": " About the Role About the role; As a Registered Nurse for Maria Mallaband Care Group we ask for you to care for our residents like they are your own family, caring for their Physical, Psychological and Social needs while being the best quality, most highly regarded Care Provider in the  United Kingdom. Become a Key worker and make difference. About You;</st... ",
        "applications": 0,
        "jobUrl": "https://www.reed.co.uk/jobs/registered-nurse-nurse-qualified/40478364"
    },
    {
        "jobId": 40476196,
        "employerId": 446759,
        "employerName": "Maria Mallaband Care Group",
        "employerProfileId": null,
        "employerProfileName": null,
        "jobTitle": "Registered Nurse Nurse Qualified",
        "locationName": "Ilkley",
        "minimumSalary": 19.0,
        "maximumSalary": 19.0,
        "currency": "GBP",
        "expirationDate": "23/10/2020",
        "date": "09/06/2020",
        "jobDescription": " About the Role About the role; As a Registered Nurse for Maria Mallaband Care Group we ask for you to care for our residents like they are your own family, caring for their Physical, Psychological and Social needs while being the best quality, most highly regarded Care Provider in the  United Kingdom. Become a Key worker and make difference. About You;</st... ",
        "applications": 0,
        "jobUrl": "https://www.reed.co.uk/jobs/registered-nurse-nurse-qualified/40476196"
    },
    {
        "jobId": 40956260,
        "employerId": 495956,
        "employerName": "HC-One Limited",
        "employerProfileId": null,
        "employerProfileName": null,
        "jobTitle": "Registered Nurse",
        "locationName": "East Lothian",
        "minimumSalary": 16.5,
        "maximumSalary": 16.5,
        "currency": "GBP",
        "expirationDate": "05/11/2020",
        "date": "24/09/2020",
        "jobDescription": " About The Role *&#163;1000 Welcome Bonus.*Paid NMC PIN renewal, we cover your annual registration fee.*Paid individual membership for the Nursing Times.Paid PVG Check. Night Shift Allowance available. We are looking for a passionate and caring individual with a proven ... ",
        "applications": 0,
        "jobUrl": "https://www.reed.co.uk/jobs/registered-nurse/40956260"
    },
    {
        "jobId": 40626920,
        "employerId": 446759,
        "employerName": "Maria Mallaband Care Group",
        "employerProfileId": null,
        "employerProfileName": null,
        "jobTitle": "Care Assistant Day & Night",
        "locationName": "Thornton-Cleveleys",
        "minimumSalary": 8.85,
        "maximumSalary": 9.25,
        "currency": "GBP",
        "expirationDate": "20/10/2020",
        "date": "21/07/2020",
        "jobDescription": " About the Role As a Healthcare Assistant for Maria Mallaband Care Group we ask for you to care for our residents like they are your own family, caring for their Physical, Psychological and Social needs. Assisting residents with personal care activities such as washing,  personal hygiene, dressing and assisting with meals. We would love to hear from you if you have previously worked as a Care Assistant, Care Giver, Hom... ",
        "applications": 9,
        "jobUrl": "https://www.reed.co.uk/jobs/care-assistant-day-night/40626920"
    },
    {
        "jobId": 40476096,
        "employerId": 446759,
        "employerName": "Maria Mallaband Care Group",
        "employerProfileId": null,
        "employerProfileName": null,
        "jobTitle": "Care Assistant Day & Night",
        "locationName": "Ilkley",
        "minimumSalary": 9.0,
        "maximumSalary": 9.4,
        "currency": "GBP",
        "expirationDate": "29/10/2020",
        "date": "09/06/2020",
        "jobDescription": " About the Role As a Healthcare Assistant for Maria Mallaband Care Group we ask for you to care for our residents like they are your own family, caring for their Physical, Psychological and Social needs. Assisting residents with personal care activities such as washing,  personal hygiene, dressing and assisting with meals. We would love to hear from you if you have previously worked as a Care Assistant, Care Giver, Hom... ",
        "applications": 2,
        "jobUrl": "https://www.reed.co.uk/jobs/care-assistant-day-night/40476096"
    },
    {
        "jobId": 40894822,
        "employerId": 446759,
        "employerName": "Maria Mallaband Care Group",
        "employerProfileId": null,
        "employerProfileName": null,
        "jobTitle": "Chef Day",
        "locationName": "Ilkley",
        "minimumSalary": 10.6,
        "maximumSalary": 10.6,
        "currency": "GBP",
        "expirationDate": "29/10/2020",
        "date": "17/09/2020",
        "jobDescription": " About the Role The Cook/Chef must be reliable and fully competent in all aspects of kitchen duties and be able to produce a variety of menus, including catering for special dietary needs, whilst not exceeding the budget.  Main duties:  Promote the Company Mission Statement at all times.Prepare menu in line with allocated food budget. Prepare, cook and serve meals c... ",
        "applications": 5,
        "jobUrl": "https://www.reed.co.uk/jobs/chef-day/40894822"
    },
    {
        "jobId": 40933260,
        "employerId": 446759,
        "employerName": "Maria Mallaband Care Group",
        "employerProfileId": null,
        "employerProfileName": null,
        "jobTitle": "Care Assistant Day",
        "locationName": "Ilkley",
        "minimumSalary": 9.0,
        "maximumSalary": 9.4,
        "currency": "GBP",
        "expirationDate": "09/11/2020",
        "date": "21/09/2020",
        "jobDescription": " About the Role As a Healthcare Assistant for Maria Mallaband Care Group we ask for you to care for our residents like they are your own family, caring for their Physical, Psychological and Social needs. Assisting residents with personal care activities such as washing,  personal hygiene, dressing and assisting with meals. We would love to hear from you if you have previously worked as a Care Assistant, Care Giver, Hom... ",
        "applications": 2,
        "jobUrl": "https://www.reed.co.uk/jobs/care-assistant-day/40933260"
    },
    {
        "jobId": 40933261,
        "employerId": 446759,
        "employerName": "Maria Mallaband Care Group",
        "employerProfileId": null,
        "employerProfileName": null,
        "jobTitle": "Care Assistant Night",
        "locationName": "Ilkley",
        "minimumSalary": 9.0,
        "maximumSalary": 9.4,
        "currency": "GBP",
        "expirationDate": "09/11/2020",
        "date": "21/09/2020",
        "jobDescription": " About the Role As a Healthcare Assistant for Maria Mallaband Care Group we ask for you to care for our residents like they are your own family, caring for their Physical, Psychological and Social needs. Assisting residents with personal care activities such as washing,  personal hygiene, dressing and assisting with meals. We would love to hear from you if you have previously worked as a Care Assistant, Care Giver, Hom... ",
        "applications": 3,
        "jobUrl": "https://www.reed.co.uk/jobs/care-assistant-night/40933261"
    },
    {
        "jobId": 40476097,
        "employerId": 446759,
        "employerName": "Maria Mallaband Care Group",
        "employerProfileId": null,
        "employerProfileName": null,
        "jobTitle": "Care Assistant Day & Night",
        "locationName": "Ilkley",
        "minimumSalary": 9.0,
        "maximumSalary": 9.4,
        "currency": "GBP",
        "expirationDate": "23/10/2020",
        "date": "09/06/2020",
        "jobDescription": " About the Role As a Healthcare Assistant for Maria Mallaband Care Group we ask for you to care for our residents like they are your own family, caring for their Physical, Psychological and Social needs. Assisting residents with personal care activities such as washing,  personal hygiene, dressing and assisting with meals. We would love to hear from you if you have previously worked as a Care Assistant, Care Giver, Hom... ",
        "applications": 8,
        "jobUrl": "https://www.reed.co.uk/jobs/care-assistant-day-night/40476097"
    },
    {
        "jobId": 41185013,
        "employerId": 626228,
        "employerName": "Partnership Jobs",
        "employerProfileId": null,
        "employerProfileName": null,
        "jobTitle": "Music Teacher Part Time",
        "locationName": "Notting Hill",
        "minimumSalary": null,
        "maximumSalary": null,
        "currency": null,
        "expirationDate": "25/11/2020",
        "date": "14/10/2020",
        "jobDescription": "The SchoolThe Minors Nursery School is a well-established, outstanding Nursery School in Notting Hill, and a part of the Alpha Plus Group of schools. We are currently looking for an experienced and enthusiastic part time music teacher to join our team.The RoleDuties &amp; Responsibilities will include the following: Leading music sessions for nursery ... ",
        "applications": 0,
        "jobUrl": "https://www.reed.co.uk/jobs/music-teacher-part-time/41185013"
    }
]