applications,currency,date,employerId,employerName,employerProfileId,employerProfileName,expirationDate,jobDescription,jobId,jobTitle,jobUrl,locationName,maximumSalary,minimumSalary
6,GBP,2020-10-13,332753,Noir,,,24/11/2020," .NET Developer, .NET Core, C# - Global Record Label - London (Tech stack: .NET Developer, .NET Core 3.1, Azure, Angular 9, Multithreading, RESTful, Web API 2, JavaScript, .NET Developer, Urgent) We are pleased to announce that our client, one of the largest and most recognised brands within the music industry, is seeking .NET Developer to work out of their plush offices in the heart of London's West End. <p... ",41173071,".NET Developer, .NET Core, C# - Global Record Label - London",https://www.reed.co.uk/jobs/net-developer-net-core-c-global-record-label-london/41173071,London,50000.0,30000.0
2,GBP,2020-12-10,332753,Noir,,,23/11/2020," .NET Developer, .NET Core, C# - Global Record Label - Hertford (Tech stack: .NET Developer, .NET Core 3.1, Azure, Angular 9, Multithreading, RESTful, Web API 2, JavaScript, .NET Developer, Urgent) We are pleased to announce that our client, one of the largest and most recognised brands within the music industry, is seeking .NET Developer to work out of their plush offices in the heart of Hertford, Hertfordshire... ",41164467,".NET Developer, .NET Core, C# - Global Record Label - Hertford",https://www.reed.co.uk/jobs/net-developer-net-core-c-global-record-label-hertford/41164467,Hertford,65000.0,40000.0
3,GBP,2020-12-10,332753,Noir,,,23/11/2020," .NET Developer, .NET Core, C# - Global Record Label - Bradford (Tech stack: .NET Developer, .NET Core 3.1, Azure, Angular 9, Multithreading, RESTful, Web API 2, JavaScript, .NET Developer, Urgent) We are pleased to announce that our client, one of the largest and most recognised brands within the music industry, is seeking .NET Developer to work out of their plush offices in the heart of Bradford. You wi... ",41164451,".NET Developer, .NET Core, C# - Global Record Label - Bradford",https://www.reed.co.uk/jobs/net-developer-net-core-c-global-record-label-bradford/41164451,Bradford,65000.0,40000.0
3,GBP,2020-12-10,332753,Noir,,,23/11/2020," .NET Developer, .NET Core, C# - Global Record Label - Leatherhead (Tech stack: .NET Developer, .NET Core 3.1, Azure, Angular 9, Multithreading, RESTful, Web API 2, JavaScript, .NET Developer, Urgent) We are pleased to announce that our client, one of the largest and most recognised brands within the music industry, is seeking .NET Developer to work out of their plush offices in the heart of Leatherhead. ... ",41164381,".NET Developer, C# - Global Record Label - Leatherhead",https://www.reed.co.uk/jobs/net-developer-c-global-record-label-leatherhead/41164381,Leatherhead,45000.0,30000.0
2,GBP,2020-12-10,332753,Noir,,,23/11/2020," .NET Developer, .NET Core, C# - Global Record Label - Salford (Tech stack: .NET Developer, .NET Core 3.1, Azure, Angular 9, Multithreading, RESTful, Web API 2, JavaScript, .NET Developer, Urgent) We are pleased to announce that our client, one of the largest and most recognised brands within the music industry, is seeking .NET Developer to work out of their plush offices in the heart of Salford. You will... ",41164360,".NET Developer, .NET Core, C# - Global Record Label - Salford",https://www.reed.co.uk/jobs/net-developer-net-core-c-global-record-label-salford/41164360,Swinton,65000.0,40000.0
11,GBP,2020-02-09,350193,Syntech Recruitment Ltd,,,25/11/2020, Sewing Machinist· &#163;11.50 to 12.50 per hour· Excellent benefits · 37 hour week (Mon to Thurs 8.00 - 17.00 and Fri 8.00 - 12.00) · Overtime paid at time and a half Sewing Machinist required to work on high quality aircraft seating. The successful Sewing Machinist is to cut and stitch all fabric and webbing parts required for Aircraft Seat Assembly and survival aid containers... ,40812891,Industrial Sewer,https://www.reed.co.uk/jobs/industrial-sewer/40812891,Uxbridge,24000.0,22000.0
12,GBP,2020-02-09,350193,Syntech Recruitment Ltd,,,25/11/2020," Sewing Machinist· Salary to &#163;24k · Excellent benefits · 37 hour week (Mon to Thurs 8.00 - 17.00 and Fri 8.00 - 12.00) · Overtime paid at time and a half Sewing Machinist required to work in an assembly department for an Aerospace company. The successful Sewing Machinist is to assemble, cut and stitch all fabric and webbing parts required for Aircraft Seat Assembly and surv... ",40812721,Sewing Machinist,https://www.reed.co.uk/jobs/sewing-machinist/40812721,Uxbridge,24000.0,22000.0
3,,2020-01-10,502026,360 Resourcing Solutions,,,12/11/2020," An opportunity has arisen in the Technical Departments at our client's site in&nbsp;March, Cambridgeshire. The company is an incredibly exciting place to work, at the forefront of modern Farming and Food Distribution&nbsp;means its fast-paced, stimulating, and rewarding.&nbsp; They work with the biggest food retail brands in the UK and Europe and want people who will do  what’s right for the company and their customers. <strong... ",41009271,Technical Operative Process Assurance,https://www.reed.co.uk/jobs/technical-operative-process-assurance/41009271,March,,
4,GBP,2020-09-30,350193,Syntech Recruitment Ltd,,,11/11/2020," Aerospace Sewer· Salary to &#163;24k · Excellent benefits · 37 hour week (Mon to Thurs 8.00 - 17.00 and Fri 8.00 - 12.00) · Overtime paid at time and a half Aerospace Sewer required to work in an assembly department for an Aerospace company. The successful Sewing is to assemble, cut and stitch all fabric and webbing parts required for Aircraft Seat Assembly and survival aid con... ",40982966,Aerospace Sewer,https://www.reed.co.uk/jobs/aerospace-sewer/40982966,Gerrards Cross,24000.0,22000.0
23,GBP,2020-09-28,397447,NJR Recruitment,,,09/11/2020," Business Development Manager - Hygiene / Cleaning Products Location: East Lancashire Salary: &#163;25,000 - &#163;40,000 DOE, plus comms and benefits We are recruiting for a manufacturer in the East Lancs area that due to expansion are looking for a Business Development Manager to sell their own label products as well as their blending and bottling servi... ",40969833,Business Development Manager,https://www.reed.co.uk/jobs/business-development-manager/40969833,Blackburn,40000.0,25000.0
6,GBP,2020-09-18,350193,Syntech Recruitment Ltd,,,30/10/2020," Sewing Machinist· Salary to &#163;24k · Excellent benefits · 37 hour week (Mon to Thurs 8.00 - 17.00 and Fri 8.00 - 12.00) · Overtime paid at time and a half Sewing Machinist required to work in an assembly department for an Aerospace company. The successful Sewing Machinist is to assemble, cut and stitch all fabric and webbing parts required for Aircraft Seat Assembly and surv... ",40905135,Sewing Machinist,https://www.reed.co.uk/jobs/sewing-machinist/40905135,Gerrards Cross,24000.0,22000.0
70,,2020-09-15,116473,The Music Market / Arts and Media Ltd,,,27/10/2020," Our client, an iconic record label is seeking an adaptable Junior Streaming &amp; Commerce Analyst to assist campaigns for some of the world’s biggest artists. Key responsibilities will include:  Regularly reporting and forecasting track/album consumption for further analysis across streaming manager, physical retail, and digital download partners.Providing updates on develo... ",40873004,Junior Streaming & Commerce Analyst ,https://www.reed.co.uk/jobs/junior-streaming-commerce-analyst/40873004,London,,
15,GBP,2020-11-09,626161,Major,,,23/10/2020," Major Recruitment are looking to take on a Maintenance Process Technician for a market leading client based in Spennymoor. This role is a twelve week temporary to permanent contact, where after a successful twelve week probation period, applicants will transfer  to our client on a full time, permanent basis. Working hours are Monday to Friday on a three shift rotation - 0600-1400/1400-2200/2200-0600  Duties</... ",40860061,Maintenance Process Technician ,https://www.reed.co.uk/jobs/maintenance-process-technician/40860061,Spennymoor,15.4,13.46
4,,2020-09-28,514667,Greencore,,,09/11/2020," Reporting to the Commercial Director, the Head of Food will develop and lead our strategy for the&nbsp;NPD team to help drive our customers to become overall market leaders across multiple categories.&nbsp;&nbsp;  Create and develop our Salads food strategy for each category / business area that supports our ambition to become the UK's leading added value salad producer.&nbsp;&nbsp;Lead the innovation agenda for the busi... ",40969694,Head of Food - Salads,https://www.reed.co.uk/jobs/head-of-food-salads/40969694,Boston,,
61,GBP,2020-09-17,404651,Recruitment Genius,,,29/10/2020,A luxury home furnishings company are looking for an experienced senior buyer &amp; homeware retailer.In this role you will have the expertise in making key strategic decisions to help drive businesses forward. You should be able to demonstrate a strong understanding of the home furniture market and be highly trend driven. A proven track record in product &amp; departmental development skills along with a stro... ,40897376,Senior Head of Buying and Global Sourcing,https://www.reed.co.uk/jobs/senior-head-of-buying-and-global-sourcing/40897376,London,65000.0,50000.0
8,,2020-09-10,367333,Baltic Recruitment Limited,,,30/10/2020," Baltic Recruitment are currently looking for a Production Operative for a long term temporary role in Newton Aycliffe. Candidates must have experience and have a Fork Lift Truck licence (counterbalance)  Shifts will be working, 4 on -- 4 off // 7-7 // 12 hour shifts Duties will include:  To segregate scrap produced by the extrusion linesTo store the finished rework and record locationMonitor... ",41158818,Production Operative,https://www.reed.co.uk/jobs/production-operative/41158818,Newton Aycliffe,,
8,GBP,2020-12-10,477351,Michael Page Marketing,,,26/10/2020," An excellent opportunity to join a business as their Account Director. You will take responsibility for some of their lead accounts within the Financial Services sector. Client Details A leading tech business who has an excellent career opportunity for the right person. Description As the Account Director, you will:  Take responsibility for their key partners/clients</... ",41171899,Account Director,https://www.reed.co.uk/jobs/account-director/41171899,Manchester,75000.0,50000.0
4,GBP,2020-09-09,373521,1st Choice Rec,,,21/10/2020," Warehouse Assistant -- Biggleswade  Hours are 2 – 10pm paying &#163;9.00ph Duties and Responsibilities: • Un load and load Vans• Track and document stock• Tag and label merchandise • Label and stockpile merchandise according to size, shape, and type.• Box, wrap and pack merchandise in accordance with relevant procedures and standards• Prepare all orders for shipment• ... ",40847558,warehouse assistant,https://www.reed.co.uk/jobs/warehouse-assistant/40847558,Biggleswade,9.0,9.0
5,GBP,2020-11-10,446962,The Advocate Group,,,08/11/2020," Job Title: National Account Manager Location: Merseyside We are currently supporting an established business that, due to expansion, is looking for an experienced National Account Manager to deliver new business and world class customer service to the OoH, convenience and wholesale sector, as well as dealing with  food service and discounters. We want to speak with high performing Nation... ",41163876,National Account Manager - Snacking,https://www.reed.co.uk/jobs/national-account-manager-snacking/41163876,Merseyside,50000.0,40000.0
3,GBP,2020-06-10,464988,Page Group,,,03/11/2020," Based in Northampton, looking for a number of Quality Control Technician to work the weekend shift;  Friday - Sunday  6am - 6pm Client Details The Medicom Group is one of the world's leading manufacturers and distributors of high-quality, single-use, preventive and infection control products for the medical, dental, industrial, animal health, laboratory, retail and health and wellness markets.  Me... ",41138816,Quality Control Technician - WEEKENDS,https://www.reed.co.uk/jobs/quality-control-technician-weekends/41138816,Northampton,12.5,11.0
25,GBP,2020-06-10,243859,Acorn Recruitment And Training,,,17/11/2020,"A very exciting opportunity with huge earning potential has opened for a Senior National Account Manager. This role is ideal for someone who is driven and really wants to make a name for themselves within with FMCG Sector (Mostly Ambient). You will be working with all the top players and will need to already have experience with the Top 4 Grocery's, ideally own  label experience would be an needed bonus!As the Senior Nati... ",41136631,Senior National Account Manager,https://www.reed.co.uk/jobs/senior-national-account-manager/41136631,Leatherhead,80000.0,40000.0
0,,2020-10-13,514667,Greencore,,,24/11/2020," As a Despatch Operative you will check appropriate working materials are available at the beginning of the shift i.e. tape, boxes, trays, tray inserts, compactor bags and refer to Chargehand if unavailable. You will check tape machine (e.g. blades clean), ensure that cages are available, check product coming through the window i.e. price, date, front/back label, seals, blisters, correct procedures, quality of product and remove any ou... ",41176315,Despatch Window Operative - Nights,https://www.reed.co.uk/jobs/despatch-window-operative-nights/41176315,Worksop,,
2,GBP,2020-10-13,514667,Greencore,,,24/11/2020,"  Record actions &amp; escalate non-conformances to the appropriate levelMaintain raw material traceability documentation.Cross reference incoming raw materials against agreed supplier specificationsChallenge bad practice where seen and drive improvement through coaching and trainingFacilitate the collection of samples for the testing scheduleCollect samples &amp; conduct analysis, recording r... ",41176092,Quality Auditor,https://www.reed.co.uk/jobs/quality-auditor/41176092,Selby,9.65,9.65
1,GBP,2020-01-10,588841,Workchain,,,29/10/2020, Counter Balance FLT and Warehouse operative Start Time: Afternoon&nbsp;4pm Compulsary- must have counterbalance license.Loading &amp; Unloading of: Palletised Freight and Palletised Bulk BagsSpecial Requirements:&nbsp;Respect for Health &amp; SafetyProactive / well organised and attention to detailPhysically fit&nbsp;Able to work on own initiative – Willing /Able to find a so... ,41005690,Forklift Driver Counterbalance,https://www.reed.co.uk/jobs/forklift-driver-counterbalance/41005690,Newton,11.0,9.0
7,GBP,2020-09-30,563845,Adecco ,,,28/10/2020, Are you methodical and have the ability to follow instructions? Do you work well in a team?  Would you consider yourself to have excellent attention to detail?If you answered YES then read on....My client is an established growing Family run business and they are now looking for a Machine Operator to join their team.Your duties will include;* Learning all aspects of print producti... ,40995251,Machine Operator,https://www.reed.co.uk/jobs/machine-operator/40995251,Wellington,19760.0,19760.0
11,GBP,2020-08-10,247035,CORECRUITMENT,,,05/11/2020," Factory Manager – FMCG Food Manufacturer &#163;80,000-&#163;90,000Relocation to DubaiPlease note this is a position to relocate and to be based in Dubai.My leading manufacturer in the FMCG food market, specialising in developing private-label products for top global grocery retailers and well-known international foodservice operat... ",41152188,Factory Manager - FMCG Food Manufacturer,https://www.reed.co.uk/jobs/factory-manager-fmcg-food-manufacturer/41152188,Manchester,90000.0,80000.0
15,GBP,2020-08-10,247035,CORECRUITMENT,,,05/11/2020," Factory Manager – FMCG Food Manufacturer &#163;80,000-&#163;90,000Relocation to DubaiPlease note this is a position to relocate and to be based in Dubai.My leading manufacturer in the FMCG food market, specialising in developing private-label products for top global grocery retailers and well-known international foodservice operat... ",41152149,Factory Manager - FMCG Food Manufacturer,https://www.reed.co.uk/jobs/factory-manager-fmcg-food-manufacturer/41152149,Birmingham,90000.0,80000.0
13,GBP,2020-08-10,247035,CORECRUITMENT,,,05/11/2020," Factory Manager – FMCG Food Manufacturer &#163;80,000-&#163;90,000Relocation to DubaiPlease note this is a position to relocate and to be based in Dubai.My leading manufacturer in the FMCG food market, specialising in developing private-label products for top global grocery retailers and well-known international foodservice operat... ",41152074,Factory Manager - FMCG Food Manufacturer,https://www.reed.co.uk/jobs/factory-manager-fmcg-food-manufacturer/41152074,London,90000.0,80000.0
1,GBP,2020-08-10,529312,Quad Recruitment,,,19/11/2020, Job Description Locum ACT Pharmacy Technician - Locum Locum start date ASAP Band 5 Locum pay rates We are looking for a dependable Pharmacy Technician that will process and fill prescriptions. You will undertake other tasks under the direction of a pharmacist to provide excellent customer service and ensure the pharmacy runs smoothly. As a pharmacy technician  you must be detail-oriented and reliable since the job... ,41150612,Locum ACT Pharmacy technician ,https://www.reed.co.uk/jobs/locum-act-pharmacy-technician/41150612,Wolverhampton,20.0,15.0
0,GBP,2020-08-10,529312,Quad Recruitment,,,19/11/2020, Pharmacy Technician - Locum Locum start date 19th of October - end of December 09:00 - 17:00pm Band 5 Locum pay rates We are looking for a dependable Pharmacy Technician that will process and fill prescriptions. You will undertake other tasks under the direction of a pharmacist to provide excellent customer service and ensure the pharmacy runs smoothly. As a pharmacy technician  you must be detail-oriented and rel... ,41150250,locum pharmacy technician,https://www.reed.co.uk/jobs/locum-pharmacy-technician/41150250,Darlington,20.0,15.0
6,GBP,2020-09-25,400060,Education World Ltd,,,06/11/2020, Our client is currently looking for a Process Technician to strengthen the existing team. Job Description  Assist the Production Manager and shift leader with the smooth running of the hydraulic/pneumatic manufacturing processes and electronic/micro-processor-controlled moulding pressesComplete 12 improvement projects and present them in a professional way along with tracking any savings and provi... ,40963948,Process Technician,https://www.reed.co.uk/jobs/process-technician/40963948,Spennymoor,11.65,11.65
18,GBP,2020-09-16,532625,Kairos Recruitment Group,,,28/10/2020," *Labels* New Business Development Manager Location: UK Wide Salary: &#163;40,000 &#43; bonus &#43; car &#43; laptop &#43; phone &#43; usual The Company: Label Manufacturing company Job Title: Business Development Manager Job Description of the *Labels* Business Development Manager:  We are looki... ",40877535,Labels New Business Development Manager,https://www.reed.co.uk/jobs/labels-new-business-development-manager/40877535,Manchester,41000.0,39000.0
13,GBP,2020-09-16,532625,Kairos Recruitment Group,,,28/10/2020," *Labels* New Business Development Manager Location: UK Wide Salary: &#163;40,000 &#43; bonus &#43; car &#43; laptop &#43; phone &#43; usual The Company: Label Manufacturing company Job Title: Business Development Manager Job Description of the *Labels* Business Development Manager:  We are looki... ",40877524,Labels New Business Development Manager,https://www.reed.co.uk/jobs/labels-new-business-development-manager/40877524,Newcastle Upon Tyne,41000.0,39000.0
15,GBP,2020-09-16,532625,Kairos Recruitment Group,,,28/10/2020," *Labels* New Business Development Manager Location: UK Wide Salary: &#163;40,000 &#43; bonus &#43; car &#43; laptop &#43; phone &#43; usual The Company: Label Manufacturing company Job Title: Business Development Manager Job Description of the *Labels* Business Development Manager:  We are looki... ",40877505,Labels New Business Development Manager,https://www.reed.co.uk/jobs/labels-new-business-development-manager/40877505,Bristol,41000.0,39000.0
20,GBP,2020-09-16,532625,Kairos Recruitment Group,,,28/10/2020," *Labels* New Business Development Manager Location: UK Wide Salary: &#163;40,000 &#43; bonus &#43; car &#43; laptop &#43; phone &#43; usual The Company: Label Manufacturing company Job Title: Business Development Manager Job Description of the *Labels* Business Development Manager:  We are looki... ",40877489,Labels New Business Development Manager,https://www.reed.co.uk/jobs/labels-new-business-development-manager/40877489,London,41000.0,39000.0
19,GBP,2020-09-16,532625,Kairos Recruitment Group,,,28/10/2020," *Labels* New Business Development Manager Location: UK Wide Salary: &#163;40,000 &#43; bonus &#43; car &#43; laptop &#43; phone &#43; usual The Company: Label Manufacturing company Job Title: Business Development Manager Job Description of the *Labels* Business Development Manager:  We are looki... ",40877477,Labels New Business Development Manager,https://www.reed.co.uk/jobs/labels-new-business-development-manager/40877477,Birmingham,41000.0,39000.0
1,,2020-09-15,514667,Greencore,,,27/10/2020," As a Despatch Operative you will check appropriate working materials are available at the beginning of the shift i.e. tape, boxes, trays, tray inserts, compactor bags and refer to Chargehand if unavailable. You will check tape machine (e.g. blades clean), ensure that cages are available, check product coming through the window i.e. price, date, front/back label, seals, blisters, correct procedures, quality of product and remove any ou... ",40874377,Despatch Window Operative,https://www.reed.co.uk/jobs/despatch-window-operative/40874377,Worksop,,
5,,2020-09-15,514667,Greencore,,,27/10/2020," You will check previous shift picking sheets as required, pick to customer orders, using the appropriate picking sheet, stack correctly on pallets/cages ensuring no damage to products. You'll also label&nbsp;the pallets with appropriate customer/depot identification and “shrink wrap” the pallets before moving them to the appropriate area. Other duties include to plan how many pallets are required per shift, to record shortages ... ",40874251,Despatch Picking Operative,https://www.reed.co.uk/jobs/despatch-picking-operative/40874251,Worksop,,
14,GBP,2020-09-14,314172,Nigel Wright,,,26/10/2020," The Company: Our client, Castle MacLellan Foods, a highly successful and growing Chilled food manufacturer are looking to recruit a Site Operations Manager for their business in Kirkcudbright, Dumfries &amp; Galloway.Part of the Kavli Group, the Company’s core values of teamwork, ambition, long term thinking and continuous improvement are central to the success of the business.Castle MacLellan ... ",40866241,Site Operations Manager,https://www.reed.co.uk/jobs/site-operations-manager/40866241,Dumfries,0.0,0.0
13,GBP,2020-10-09,626574,AA Labels,,,22/10/2020," DUTIES &amp; RESPONSIBILITIES  Research, select and purchase quality products and materials;Maintain a fortnightly purchasing strategy update the purchasing strategy as and when required;Ensure the company’s purchasing is in line with the Company’s budget;Build relationships with suppliers and negotiate with them for the best pricing;Process orders and plan deliveries as per co... ",40852891,Purchasing Manager,https://www.reed.co.uk/jobs/purchasing-manager/40852891,Peterborough,30000.0,28000.0
31,GBP,2020-08-27,464988,Page Group,,,21/10/2020," Based in Northampton, looking for a number of Quality Control Technician to work the night shift;  Monday - Thursday 8pm-6am Client Details The Medicom Group is one of the world's leading manufacturers and distributors of high-quality, single-use, preventive and infection control products for the medical, dental, industrial, animal health, laboratory, retail and health and wellness markets.  Medic... ",40791841,Quality Control Technician,https://www.reed.co.uk/jobs/quality-control-technician/40791841,Northampton,12.5,11.0
4,GBP,2020-07-10,560222,Flatraterecruitment Group Ltd,,,18/11/2020, To be responsible for all warehouse operations and activities. This role is to build specific radiators for each specified job. There is a necessity to build specific size of looms for each radiator. Test electric components and the KW once build to ensure  safety of the product. Ensure that the factory has an accurate weekly stock control as well as a tidy warehouse. You will also be required to work across the UK and stay away when necessa... ,41142862,Assembly Technician,https://www.reed.co.uk/jobs/assembly-technician/41142862,Garforth,19000.0,18000.0
3,GBP,2020-02-10,446405,Talentspa,,,13/11/2020," Print Room Supervisor Location: Atherstone Salary: &#163;24,000 Hours of Work: 5 on 2 off, 7am – 5pm, 10 hrs per shift About the Company: Our client is an established family owned business and leading supplier to UK retailers and the food service and wholesale sectors, they specialise in the supply and delivery of fresh exo... ",41050262,Print Room Supervisor,https://www.reed.co.uk/jobs/print-room-supervisor/41050262,Atherstone On Stour,24000.0,24000.0
4,GBP,2020-09-10,364551,Kandhu Ltd,,,06/11/2020," We are looking for a Packaging Technologist to join a rapidly expanding business who supply the UK retail trade. OUR CLIENT is the leading UK independent bottler of wines and spirits, specialising in producing quality own-label wines to the UK Multiple and Convenience Retail Sectors. They believe that the success of their business is dependent upon  the skills, attitudes, flexibility and commitment of their employees,... ",41162369,Packaging Technologist,https://www.reed.co.uk/jobs/packaging-technologist/41162369,Salford,28000.0,25000.0
10,GBP,2020-09-29,626574,AA Labels,,,10/11/2020," REPORTING TO: Team Leader &amp; Operations Manager DUTIES &amp; RESPONSIBILITIES o To ensure that all products conform to internal quality standards. o To quality check orders at setup stage on the machines. o To package and label products as per company packaging policy. o Dispatch - To operate dispatch systems, ensure all orders are dispatched on time, an... ",40977371,Assistant Team Leader (QC & Dispatch),https://www.reed.co.uk/jobs/assistant-team-leader-qc-dispatch/40977371,Peterborough,22000.0,22000.0
4,GBP,2020-09-25,350392,b3 jobs ltd,,,06/11/2020," Multi-Skilled Engineer (Electrical Bias) Job ref: 62696 | &#163;37,355 | North West  The company  This is a fantastic opportunity to work for a leading, well-known food manufacturer which is part of a large national group. Products are manufactured to the highest quality and are supplied into all the major UK retailers under both own brand and private  label.  <st... ",40960232,Multi-Skilled Engineer (Electrical) - Food Manufacturing,https://www.reed.co.uk/jobs/multi-skilled-engineer-electrical-food-manufacturing/40960232,Blackburn,37355.0,37355.0
6,GBP,2020-09-22,560222,Flatraterecruitment Group Ltd,,,22/10/2020, OBJECTIVES: To be responsible for all warehouse operations and activities. This role is to build specific radiators for each specified job. There is a necessity to build specific size of looms for each radiator. Test electric components and the KW once build to ensure  safety of the product. Ensure that the factory has an accurate weekly stock control as well as a tidy warehouse. You will also be required to work across the UK and sta... ,40940164,Assembly & Installation Technician,https://www.reed.co.uk/jobs/assembly-installation-technician/40940164,Garforth,19000.0,18000.0
5,,2020-09-22,596297,Winhurst Recruitment,,,03/11/2020,"  Are you an experienced NPD Technologist who has dealt with the major supermarkets?Would you like to work with brands as well as own label?And is it your ambition to work for a business who work together as a team, and pride themselves on nurturing &amp; developing careers? If so, we'd love to hear from you as our client is looking to recruit an NPD Technologist to join their food manufacturing business ba... ",40939296,NPD Technologist,https://www.reed.co.uk/jobs/npd-technologist/40939296,Crabtree,,
5,GBP,2020-09-18,364551,Kandhu Ltd,,,16/10/2020," OUR CLIENT is the leading UK independent bottler of wines and spirits, specialising in producing quality own-label wines to the UK Multiple and Convenience Retail Sectors. They believe that the success of their business is dependent upon the skills, attitudes,  flexibility and commitment of their employees, so they look to recruit high quality people to work effectively in a strong team-working climate which is innovating and encourages high... ",40914279,Packaging Technologist,https://www.reed.co.uk/jobs/packaging-technologist/40914279,Salford,32000.0,28000.0
13,,2020-09-17,2763,ADLIB,,,29/10/2020,"  Play a key role in the development of new products.Be part of a fast paced, agile agency with a close-knit team.Real progression opportunities and career development. We're looking for an impressive Technical Project Manager to join one of Bath’s most exciting agencies. This is an exciting opportunity to utilise technical understanding around software and product development, with process driven projec... ",40896368,Project Manager,https://www.reed.co.uk/jobs/project-manager/40896368,Bristol,,
