[
    {
        "jobId": 40870342,
        "employerId": 74730,
        "employerName": "Metzger Search & Selection Ltd",
        "employerProfileId": null,
        "employerProfileName": null,
        "jobTitle": "Senior Business Development Manager",
        "locationName": "Uxbridge",
        "minimumSalary": 45000.0,
        "maximumSalary": 55000.0,
        "currency": "GBP",
        "expirationDate": "27/10/2020",
        "date": "15/09/2020",
        "jobDescription": "Senior Business Development ManagerLocations: Middlesex, Home Counties &amp; BerkshireSalary: &#163;45,000 - &#163;55,000 plus bonus, car and benefitsOur client is a progressive, ambitious entrepreneurial business within the Cleaning sector who are on an accelerated growth curve, with an excellent track record and strong client retention.They are looking to hire a talented solution led Senior Business Development Ma... ",
        "applications": 26,
        "jobUrl": "https://www.reed.co.uk/jobs/senior-business-development-manager/40870342"
    },
    {
        "jobId": 40870314,
        "employerId": 74730,
        "employerName": "Metzger Search & Selection Ltd",
        "employerProfileId": null,
        "employerProfileName": null,
        "jobTitle": "Senior Business Development Manager",
        "locationName": "Reading",
        "minimumSalary": 45000.0,
        "maximumSalary": 55000.0,
        "currency": "GBP",
        "expirationDate": "27/10/2020",
        "date": "15/09/2020",
        "jobDescription": "Senior Business Development ManagerLocations: Middlesex, Home Counties &amp; BerkshireSalary: &#163;45,000 - &#163;55,000 plus bonus, car and benefitsOur client is a progressive, ambitious entrepreneurial business within the Cleaning sector who are on an accelerated growth curve, with an excellent track record and strong client retention.They are looking to hire a talented solution led Senior Business Development Ma... ",
        "applications": 21,
        "jobUrl": "https://www.reed.co.uk/jobs/senior-business-development-manager/40870314"
    },
    {
        "jobId": 41139201,
        "employerId": 393311,
        "employerName": "Allianz Insurance",
        "employerProfileId": null,
        "employerProfileName": null,
        "jobTitle": "Petplan Territory Manager - London C,S & N",
        "locationName": "London",
        "minimumSalary": null,
        "maximumSalary": null,
        "currency": null,
        "expirationDate": "20/10/2020",
        "date": "06/10/2020",
        "jobDescription": " This Petplan Territory Manager position is a home based role that requires both remote partner management and face to face visits. The territory covers the following area; London, Enfield, Croydon and Kingston Upon Thames and the successful candidate will  be required to live on or within close proximity of this area, but some national travelling will also be required.Petplan is the UK's favourite pet insurer and part of Allianz ... ",
        "applications": 9,
        "jobUrl": "https://www.reed.co.uk/jobs/petplan-territory-manager-london-cs-n/41139201"
    },
    {
        "jobId": 41139180,
        "employerId": 393311,
        "employerName": "Allianz Insurance",
        "employerProfileId": null,
        "employerProfileName": null,
        "jobTitle": "Petplan Territory Manager - Herefordshire and South / Mid Wales",
        "locationName": "Herefordshire",
        "minimumSalary": null,
        "maximumSalary": null,
        "currency": null,
        "expirationDate": "20/10/2020",
        "date": "06/10/2020",
        "jobDescription": " This Petplan Territory Manager position is a home based role that requires both remote partner management and face to face visits. The territory covers the following area; Herefordshire, Gloucestershire, Worcestershire and Mid &amp; South Wales and the successful  candidate will be required to live on or within close proximity of this area, but some national travelling will also be required.Petplan is the UK's favourite pet insur... ",
        "applications": 13,
        "jobUrl": "https://www.reed.co.uk/jobs/petplan-territory-manager-herefordshire-and-south-mid-wales/41139180"
    },
    {
        "jobId": 41039866,
        "employerId": 498942,
        "employerName": " Pole To Win UK",
        "employerProfileId": null,
        "employerProfileName": null,
        "jobTitle": "Business Development Manager - Europe (Video Games)",
        "locationName": "London",
        "minimumSalary": null,
        "maximumSalary": null,
        "currency": null,
        "expirationDate": "13/11/2020",
        "date": "02/10/2020",
        "jobDescription": " Business Development Manager - UK/Europe Studio / Home-Working (Remote - UK/Europe Pole To Win is looking for an experienced Business Development Manager to support our Games clients and generate new business revenue. This individual must be a consultative and highly motivated Business Development Manager, who will cultivate and build  long term relationships with developers and publishers, clo... ",
        "applications": 86,
        "jobUrl": "https://www.reed.co.uk/jobs/business-development-manager-europe-video-games/41039866"
    },
    {
        "jobId": 41176429,
        "employerId": 598289,
        "employerName": "Revorec Recruitment Solutions Ltd",
        "employerProfileId": null,
        "employerProfileName": null,
        "jobTitle": "Branch Manager - Plant Hire",
        "locationName": "Manchester",
        "minimumSalary": 35000.0,
        "maximumSalary": 40000.0,
        "currency": "GBP",
        "expirationDate": "24/11/2020",
        "date": "13/10/2020",
        "jobDescription": " Branch Manager - Plant Hire Manchester &#163;35,000 - &#163;40,000 &#43; Training &#43; Progression &#43; Bonus &#43; Car Position for a driven Branch Manager who wants to work for an ambitious company looking to go from a local market player to an industry trendsetter? This is an ideal role for someone who is either a depot manager, assistant depot manager or has proven hire industry experience who wants an excit... ",
        "applications": 4,
        "jobUrl": "https://www.reed.co.uk/jobs/branch-manager-plant-hire/41176429"
    },
    {
        "jobId": 40983796,
        "employerId": 598289,
        "employerName": "Revorec Recruitment Solutions Ltd",
        "employerProfileId": null,
        "employerProfileName": null,
        "jobTitle": "Branch Manager - Hire Industry",
        "locationName": "Manchester",
        "minimumSalary": 35000.0,
        "maximumSalary": 40000.0,
        "currency": "GBP",
        "expirationDate": "12/11/2020",
        "date": "30/09/2020",
        "jobDescription": " Branch Manager - Hire Industry Manchester &#163;35,000 - &#163;40,000 &#43; Training &#43; Progression &#43; Bonus &#43; Car Position for a driven Branch Manager who wants to work for an ambitious company looking to go from a local market player to an industry trendsetter? This is an ideal role for someone who is either a depot manager, assistant depot manager or has proven hire industry experience who wants an ex... ",
        "applications": 18,
        "jobUrl": "https://www.reed.co.uk/jobs/branch-manager-hire-industry/40983796"
    },
    {
        "jobId": 41010571,
        "employerId": 477353,
        "employerName": "Michael Page Sales",
        "employerProfileId": null,
        "employerProfileName": null,
        "jobTitle": "Head of Sales - Logistics Platform",
        "locationName": "South West England",
        "minimumSalary": 45000.0,
        "maximumSalary": 50000.0,
        "currency": "GBP",
        "expirationDate": "15/10/2020",
        "date": "01/10/2020",
        "jobDescription": " A rapidly growing logistics and warehousing company are looking for a Head of Sales to lead a remote based team of Sales Consultants across the UK.  The role would suit an experienced sales leader from a fast paced, transactional sales background.  The successful candidate can be based anywhere in the UK. Client Details Our client is a rapidly growing SaaS based business that is disrupting the log... ",
        "applications": 6,
        "jobUrl": "https://www.reed.co.uk/jobs/head-of-sales-logistics-platform/41010571"
    },
    {
        "jobId": 41010555,
        "employerId": 477353,
        "employerName": "Michael Page Sales",
        "employerProfileId": null,
        "employerProfileName": null,
        "jobTitle": "Head of Sales - Logistics Platform",
        "locationName": "Cheshire",
        "minimumSalary": 45000.0,
        "maximumSalary": 50000.0,
        "currency": "GBP",
        "expirationDate": "15/10/2020",
        "date": "01/10/2020",
        "jobDescription": " A rapidly growing logistics and warehousing company are looking for a Head of Sales to lead a remote based team of Sales Consultants across the UK.  The role would suit an experienced sales leader from a fast paced, transactional sales background.  The successful candidate can be based anywhere in the UK. Client Details Our client is a rapidly growing SaaS based business that is disrupting the log... ",
        "applications": 14,
        "jobUrl": "https://www.reed.co.uk/jobs/head-of-sales-logistics-platform/41010555"
    },
    {
        "jobId": 41010545,
        "employerId": 477353,
        "employerName": "Michael Page Sales",
        "employerProfileId": null,
        "employerProfileName": null,
        "jobTitle": "Head of Sales - Logistics Platform",
        "locationName": "South East England",
        "minimumSalary": 45000.0,
        "maximumSalary": 50000.0,
        "currency": "GBP",
        "expirationDate": "15/10/2020",
        "date": "01/10/2020",
        "jobDescription": " A rapidly growing logistics and warehousing company are looking for a Head of Sales to lead a remote based team of Sales Consultants across the UK.  The role would suit an experienced sales leader from a fast paced, transactional sales background.  The successful candidate can be based anywhere in the UK. Client Details Our client is a rapidly growing SaaS based business that is disrupting the log... ",
        "applications": 23,
        "jobUrl": "https://www.reed.co.uk/jobs/head-of-sales-logistics-platform/41010545"
    },
    {
        "jobId": 41174369,
        "employerId": 524744,
        "employerName": "Hays Specialist Recruitment Limited",
        "employerProfileId": null,
        "employerProfileName": null,
        "jobTitle": "Senior Procurement Manager",
        "locationName": "London",
        "minimumSalary": 65000.0,
        "maximumSalary": 90000.0,
        "currency": "GBP",
        "expirationDate": "24/11/2020",
        "date": "13/10/2020",
        "jobDescription": " Senior Procurement ManagerYour new companyAn industry leading entertainment brand. Global reach and a huge focus on allowing the global consumer market to be well informed, entertained &amp; educated. This innovative brand that has continually grown on a successful market-leading position is now looking  to expand and continue to push to boundaries of the entertainment industry.Your new ... ",
        "applications": 19,
        "jobUrl": "https://www.reed.co.uk/jobs/senior-procurement-manager/41174369"
    },
    {
        "jobId": 40648083,
        "employerId": 612323,
        "employerName": "Incubate Consulting",
        "employerProfileId": null,
        "employerProfileName": null,
        "jobTitle": "Recruitment Consultant - Finance and Accountancy ",
        "locationName": "Rugby",
        "minimumSalary": 25000.0,
        "maximumSalary": 35000.0,
        "currency": "GBP",
        "expirationDate": "04/11/2020",
        "date": "27/07/2020",
        "jobDescription": " Recruitment Consultant - Finance &amp; Accountancy, Rugby area We are seeking a passionate, driven, and ambitious 360 degree recruiter who is interested in starting an exciting new journey... Our developing and highly profiitable client firmly believes in organic growth and provide regular training and development activity to improve their consultants industry expertise and client acumen. They also firmly belie... ",
        "applications": 20,
        "jobUrl": "https://www.reed.co.uk/jobs/recruitment-consultant-finance-and-accountancy/40648083"
    },
    {
        "jobId": 40938380,
        "employerId": 353697,
        "employerName": "Carousel Consultancy Ltd",
        "employerProfileId": null,
        "employerProfileName": null,
        "jobTitle": "Business Development Manager ",
        "locationName": "London",
        "minimumSalary": 40000.0,
        "maximumSalary": 70000.0,
        "currency": "GBP",
        "expirationDate": "02/11/2020",
        "date": "21/09/2020",
        "jobDescription": " Business Development Manager - Media Industry - up to &#163;70k (OTE) We are excited to be recruiting for a media company, based in Central London, which runs several social networking sites that connect the media with various industries.  They are looking for a strategic Business Development Manager, with an outstanding track record in business development / sales and account management<strong... ",
        "applications": 120,
        "jobUrl": "https://www.reed.co.uk/jobs/business-development-manager/40938380"
    },
    {
        "jobId": 40826574,
        "employerId": 121141,
        "employerName": "Future Select Ltd",
        "employerProfileId": null,
        "employerProfileName": null,
        "jobTitle": "Legionella Commercial Manager - London",
        "locationName": "London",
        "minimumSalary": 100000.0,
        "maximumSalary": 100000.0,
        "currency": "GBP",
        "expirationDate": "16/10/2020",
        "date": "04/09/2020",
        "jobDescription": "Our client is an outstanding environmental consultancy providing a range of services including legionella management and consultation to clients throughout the UK. They are currently seeking a knowledgeable and commercially focused Legionella Commercial  Manager based in and around the London area. The ideal candidate will have a proven track record of commercially developing and growing a legionella business, as well as, a strong technical know... ",
        "applications": 12,
        "jobUrl": "https://www.reed.co.uk/jobs/legionella-commercial-manager-london/40826574"
    },
    {
        "jobId": 40823940,
        "employerId": 383727,
        "employerName": "Inspiring Interns & Graduates ",
        "employerProfileId": null,
        "employerProfileName": null,
        "jobTitle": "Digital Marketing Executive",
        "locationName": "Wembley Central",
        "minimumSalary": 22000.0,
        "maximumSalary": 22000.0,
        "currency": "GBP",
        "expirationDate": "16/10/2020",
        "date": "04/09/2020",
        "jobDescription": " We are a fashion specific online network. It’s a place for Fashion designers, photographers, hair and makeup artists, stylists and pattern cutters to upload portfolios and collaborate with each other. We’re a start-up but our size doesn’t reflect our expertise – we’re a highly experienced and passionate with world class experience in both the tech and fashion industry. How the intern can expect to s... ",
        "applications": 213,
        "jobUrl": "https://www.reed.co.uk/jobs/digital-marketing-executive/40823940"
    },
    {
        "jobId": 41122939,
        "employerId": 598612,
        "employerName": "Michael Page Technology",
        "employerProfileId": null,
        "employerProfileName": null,
        "jobTitle": "Data Architect",
        "locationName": "London",
        "minimumSalary": 450.0,
        "maximumSalary": 550.0,
        "currency": "GBP",
        "expirationDate": "19/10/2020",
        "date": "05/10/2020",
        "jobDescription": " My client - a globally renowned financial organisation in the Financial Services industry based in London are looking for a Data Architect for a 6-month contract role (outside of IR35) to play a critical role in delivering a large Data finance programme. Client Details My client is a globally renowned financial organisation from the Financial Services industry based in London. Description</strong... ",
        "applications": 19,
        "jobUrl": "https://www.reed.co.uk/jobs/data-architect/41122939"
    },
    {
        "jobId": 40976850,
        "employerId": 377536,
        "employerName": "Zenith People LTD",
        "employerProfileId": null,
        "employerProfileName": null,
        "jobTitle": "Gas and Heating Engineer ",
        "locationName": "Stockton-on-Tees",
        "minimumSalary": 33800.0,
        "maximumSalary": 33800.0,
        "currency": "GBP",
        "expirationDate": "10/11/2020",
        "date": "29/09/2020",
        "jobDescription": " Gas &amp; Heating Engineer Projects based across Durham and Teesside Long term contract or 3 months contract to permanent 40 hours per week (basic) &#163;33,800 per annum &#43; bonus &#43; overtime (optional) paid at time and half rate OTE &#163;40k - &#163;45k, company van and fuel card provided by the company.  Our client... ",
        "applications": 2,
        "jobUrl": "https://www.reed.co.uk/jobs/gas-and-heating-engineer/40976850"
    },
    {
        "jobId": 40948603,
        "employerId": 404159,
        "employerName": "Investigo",
        "employerProfileId": null,
        "employerProfileName": null,
        "jobTitle": "Business Analyst, Insurance, Acturis",
        "locationName": "London",
        "minimumSalary": 70000.0,
        "maximumSalary": 75000.0,
        "currency": "GBP",
        "expirationDate": "04/11/2020",
        "date": "23/09/2020",
        "jobDescription": " Business Analyst, London, Insurance, Acturis Business Analyst required by a leading global insurance organisation located in the City of London. The organisations transformation division has a broad portfolio of projects / programmes and a track record of career development and up skilling of its staff. The Business Analyst will initially be working on an Acturis / e-Trade programme of work and requires candidates with proven e... ",
        "applications": 28,
        "jobUrl": "https://www.reed.co.uk/jobs/business-analyst-insurance-acturis/40948603"
    },
    {
        "jobId": 41163825,
        "employerId": 134670,
        "employerName": "Penguin Recruitment Ltd",
        "employerProfileId": null,
        "employerProfileName": null,
        "jobTitle": "Business Development Manager",
        "locationName": "London",
        "minimumSalary": 40000.0,
        "maximumSalary": 50000.0,
        "currency": "GBP",
        "expirationDate": "22/11/2020",
        "date": "11/10/2020",
        "jobDescription": " Business Development Manager - Asbestos Services Up to &#163;50,000 &#43; Uncapped Commission &#43; Benefits London (Remote Based) I have a fantastic opportunity available for an experienced Business Development Manager to join one of the UK's most successful Environmental Risk Management Consultancies. Specialising in Asbestos Management, our client is known as the biggest player in  the Asbestos industry and as such, b... ",
        "applications": 11,
        "jobUrl": "https://www.reed.co.uk/jobs/business-development-manager/41163825"
    },
    {
        "jobId": 40720372,
        "employerId": 625793,
        "employerName": "Worth Recruiting",
        "employerProfileId": null,
        "employerProfileName": null,
        "jobTitle": "Assistant Sales Manager / Senior Sales Negotiator",
        "locationName": "Surbiton",
        "minimumSalary": 20000.0,
        "maximumSalary": 50000.0,
        "currency": "GBP",
        "expirationDate": "18/11/2020",
        "date": "12/08/2020",
        "jobDescription": " ASSISTANT SALES MANAGER / SENIOR SALES NEGOTIATOR - Estate Agent Are you well-presented, and well spoken, articulate and energetic, with a strong background and track record in residential property sales? If this sounds like you and you are based within reach of the Surbiton area, we have a fantastic opportunity for an Assistant Sales Manager with a premium local inde... ",
        "applications": 30,
        "jobUrl": "https://www.reed.co.uk/jobs/assistant-sales-manager-senior-sales-negotiator/40720372"
    },
    {
        "jobId": 40883023,
        "employerId": 109902,
        "employerName": "vertex-it-solutions",
        "employerProfileId": null,
        "employerProfileName": null,
        "jobTitle": "Business Development Manager - Unfied Communications",
        "locationName": "Bromley",
        "minimumSalary": 35000.0,
        "maximumSalary": 40000.0,
        "currency": "GBP",
        "expirationDate": "28/10/2020",
        "date": "16/09/2020",
        "jobDescription": " Business Development Manager ReportingTo: UK Sales &amp; Marketing Manager &gt;&gt;You must have a proven track sales record within Telecoms/Hosted Systems&lt;&lt;  Introduction Our client are an established Cloud, IT and communications B2B reseller in the UK. They have been trading for 18 years. They deliver technology solutions ... ",
        "applications": 32,
        "jobUrl": "https://www.reed.co.uk/jobs/business-development-manager-unfied-communications/40883023"
    },
    {
        "jobId": 41163300,
        "employerId": 316266,
        "employerName": "Get Recruited (UK) Ltd",
        "employerProfileId": null,
        "employerProfileName": null,
        "jobTitle": "SENIOR RECRUITMENT CONSULTANT",
        "locationName": "Manchester",
        "minimumSalary": 26000.0,
        "maximumSalary": 28000.0,
        "currency": "GBP",
        "expirationDate": "21/11/2020",
        "date": "10/10/2020",
        "jobDescription": " SENIOR RECRUITMENT CONSULTANT MANCHESTER CITY CENTRE THE OPPORTUNITY Get Recruited is an award-winning (Winner of the Best Recruitment Agency Award) specialist mutli-sector recruitment business located in heart of Manchester City Centre. We pride ourselves on the outstanding service that we provide to our clients &amp; candidates which is why we've received over 1... ",
        "applications": 10,
        "jobUrl": "https://www.reed.co.uk/jobs/senior-recruitment-consultant/41163300"
    },
    {
        "jobId": 41163298,
        "employerId": 316266,
        "employerName": "Get Recruited (UK) Ltd",
        "employerProfileId": null,
        "employerProfileName": null,
        "jobTitle": "RECRUITMENT CONSULTANT",
        "locationName": "Manchester",
        "minimumSalary": 21000.0,
        "maximumSalary": 26000.0,
        "currency": "GBP",
        "expirationDate": "21/11/2020",
        "date": "10/10/2020",
        "jobDescription": " RECRUITMENT CONSULTANT MANCHESTER CITY CENTRE THE OPPORTUNITY Get Recruited is an award-winning (Winner of the Best Recruitment Agency Award) specialist mutli-sector recruitment business located in heart of Manchester City Centre. We pride ourselves on the outstanding service that we provide to our clients &amp; candidates which is why we've received over 100 five... ",
        "applications": 13,
        "jobUrl": "https://www.reed.co.uk/jobs/recruitment-consultant/41163298"
    },
    {
        "jobId": 41036836,
        "employerId": 625793,
        "employerName": "Worth Recruiting",
        "employerProfileId": null,
        "employerProfileName": null,
        "jobTitle": "Area Lettings Manager",
        "locationName": "Horsham",
        "minimumSalary": 30000.0,
        "maximumSalary": 60000.0,
        "currency": "GBP",
        "expirationDate": "13/11/2020",
        "date": "02/10/2020",
        "jobDescription": " AREA LETTINGS MANAGER - Residential Lettings An industry leading Estate Agency Group are recruiting a highly motivated and accomplished Area Lettings Manager to join the Senior Management Team to head up branches across Surrey, Sussex &amp; Hampshire. You will need to have an extensive background in Estate Agency and Residential Property Lettings and in order to apply for the r... ",
        "applications": 0,
        "jobUrl": "https://www.reed.co.uk/jobs/area-lettings-manager/41036836"
    },
    {
        "jobId": 41036615,
        "employerId": 625793,
        "employerName": "Worth Recruiting",
        "employerProfileId": null,
        "employerProfileName": null,
        "jobTitle": "Sales Negotiator",
        "locationName": "Farnham",
        "minimumSalary": 20000.0,
        "maximumSalary": 30000.0,
        "currency": "GBP",
        "expirationDate": "13/11/2020",
        "date": "02/10/2020",
        "jobDescription": " SALES NEGOTIATOR - Estate Agency Are you a well-presented, and well spoken, articulate and energetic individual who has a strong background and track record in residential sales? If this sounds like you and you are based within reach of the Farnham, Hampshire area, we have a fantastic opportunity  for a Sales Negotiator with a premium local estate agency. The ideal candidate for this position w... ",
        "applications": 5,
        "jobUrl": "https://www.reed.co.uk/jobs/sales-negotiator/41036615"
    },
    {
        "jobId": 41036786,
        "employerId": 575264,
        "employerName": "REED",
        "employerProfileId": null,
        "employerProfileName": null,
        "jobTitle": "Head of Business Standards",
        "locationName": "London",
        "minimumSalary": 58000.0,
        "maximumSalary": 58500.0,
        "currency": "GBP",
        "expirationDate": "23/10/2020",
        "date": "02/10/2020",
        "jobDescription": " REED have been commissioned by an extension of the Home Office to find the perfect candidate for a new position within their Senior Leadership team. The focus of this body is the private security industry and deals with all regulatory elements of this growing  industry. The objective of this body is to ensure that private security operatives are fit, proper and qualified to operate in the market. As part of the Senior Leadership Team ... ",
        "applications": 5,
        "jobUrl": "https://www.reed.co.uk/jobs/head-of-business-standards/41036786"
    },
    {
        "jobId": 41036785,
        "employerId": 575264,
        "employerName": "REED",
        "employerProfileId": null,
        "employerProfileName": null,
        "jobTitle": "Head of Business Standards",
        "locationName": "London",
        "minimumSalary": 58000.0,
        "maximumSalary": 58500.0,
        "currency": "GBP",
        "expirationDate": "23/10/2020",
        "date": "02/10/2020",
        "jobDescription": " REED have been commissioned by an extension of the Home Office to find the perfect candidate for a new position within their Senior Leadership team. The focus of this body is the private security industry and deals with all regulatory elements of this growing  industry. The objective of this body is to ensure that private security operatives are fit, proper and qualified to operate in the market. As part of the Senior Leadership Team ... ",
        "applications": 5,
        "jobUrl": "https://www.reed.co.uk/jobs/head-of-business-standards/41036785"
    },
    {
        "jobId": 40988473,
        "employerId": 121141,
        "employerName": "Future Select Ltd",
        "employerProfileId": null,
        "employerProfileName": null,
        "jobTitle": "Water Treatment Equipment Sales Manager - London",
        "locationName": "Epsom",
        "minimumSalary": 65000.0,
        "maximumSalary": 65000.0,
        "currency": "GBP",
        "expirationDate": "11/11/2020",
        "date": "30/09/2020",
        "jobDescription": "Our client is a notable water treatment company who deliver specialist water treatment and equipment services to a national portfolio of clients. They are now looking to further expand the business and currently seek an ambitious, driven and commercially  focused Water Treatment Equipment Sales Manager based in and around the London area. The ideal applicant will ideally come from a strong water treatment equipment background and will demonstrat... ",
        "applications": 15,
        "jobUrl": "https://www.reed.co.uk/jobs/water-treatment-equipment-sales-manager-london/40988473"
    },
    {
        "jobId": 40966685,
        "employerId": 545552,
        "employerName": "Adam Hayes",
        "employerProfileId": null,
        "employerProfileName": null,
        "jobTitle": "Branch Manager in Multi Award Winning Estate Agency - Finchley",
        "locationName": "London",
        "minimumSalary": 25000.0,
        "maximumSalary": 60000.0,
        "currency": "GBP",
        "expirationDate": "08/11/2020",
        "date": "27/09/2020",
        "jobDescription": " Adam Hayes are a Multi Award Winning Independent Estate Agent with offices covering North London. Following our success we are now opening a brand new office and need an ambitious Branch Manager to lead &amp; develop the team. The ability to lead by example and motivate your team to deliver outstanding service is essential. The right candidate will be a self-motivated individual who can embrace change and motivate others to do so. The... ",
        "applications": 8,
        "jobUrl": "https://www.reed.co.uk/jobs/branch-manager-in-multi-award-winning-estate-agency-finchley/40966685"
    },
    {
        "jobId": 40872219,
        "employerId": 384855,
        "employerName": "Advancing People",
        "employerProfileId": null,
        "employerProfileName": null,
        "jobTitle": "Contracts Manager and Workforce Co-ordinator",
        "locationName": "Northampton",
        "minimumSalary": 24000.0,
        "maximumSalary": 40000.0,
        "currency": "GBP",
        "expirationDate": "27/10/2020",
        "date": "15/09/2020",
        "jobDescription": " An experienced Contract Manager and Work Force Co-ordinator is required to join a fast growing construction and property repair business primarily servicing the insurance industry by reinstating properties back to their original condition following any damage  caused by Fires, Floods, Subsidence and ImpactOpportunityI am currently looking for an ambitious, energetic and highly motivated Contract Manager &amp; Workforc... ",
        "applications": 22,
        "jobUrl": "https://www.reed.co.uk/jobs/contracts-manager-and-workforce-co-ordinator/40872219"
    },
    {
        "jobId": 40857297,
        "employerId": 625793,
        "employerName": "Worth Recruiting",
        "employerProfileId": null,
        "employerProfileName": null,
        "jobTitle": "Sales Negotiator",
        "locationName": "Alton",
        "minimumSalary": 20000.0,
        "maximumSalary": 30000.0,
        "currency": "GBP",
        "expirationDate": "23/10/2020",
        "date": "11/09/2020",
        "jobDescription": " SALES NEGOTIATOR - Estate Agency Are you a well-presented, and well spoken, articulate and energetic induvial who has a strong background and track record in residential sales? If this sounds like you and you are based within reach of the Alton, Hampshire area, we have a fantastic opportunity  for a Sales Negotiator with a premium local estate agency. The ideal candidate for this position will ... ",
        "applications": 6,
        "jobUrl": "https://www.reed.co.uk/jobs/sales-negotiator/40857297"
    },
    {
        "jobId": 40851249,
        "employerId": 453299,
        "employerName": "Codex Recruitment",
        "employerProfileId": null,
        "employerProfileName": null,
        "jobTitle": "Account Executives",
        "locationName": "London",
        "minimumSalary": null,
        "maximumSalary": null,
        "currency": null,
        "expirationDate": "22/10/2020",
        "date": "10/09/2020",
        "jobDescription": " Account Executives - London  Award-winning Customer Service Software platform, trusted by 200000&#43; customers! They are seeking ambitious Account Executives to drive this growth. In return, they offer an industry leading salary package and unmatched career development opportunities. This  leading software company is on an adventure to reinvent the way applications are shaped by conceptualising the procedure and allowing everyone who... ",
        "applications": 44,
        "jobUrl": "https://www.reed.co.uk/jobs/account-executives/40851249"
    },
    {
        "jobId": 40640353,
        "employerId": 625793,
        "employerName": "Worth Recruiting",
        "employerProfileId": null,
        "employerProfileName": null,
        "jobTitle": "Senior Sales Negotiator",
        "locationName": "Guildford",
        "minimumSalary": 18000.0,
        "maximumSalary": 40000.0,
        "currency": "GBP",
        "expirationDate": "16/10/2020",
        "date": "24/07/2020",
        "jobDescription": " SENIOR SALES NEGOTIATOR - Residential Estate Agency We need a Senior Sales Negotiatorwith exceptional selling and negotiation skills as well as a proven track record of success in Listing Properties and Winning Instructions. The perfect candidate will have a &quot;can-do&quot; attitude and looking to further their career in Estate Agency</stro... ",
        "applications": 5,
        "jobUrl": "https://www.reed.co.uk/jobs/senior-sales-negotiator/40640353"
    },
    {
        "jobId": 40948084,
        "employerId": 389399,
        "employerName": "Kloeckner Metals UK",
        "employerProfileId": null,
        "employerProfileName": null,
        "jobTitle": "Commercial Lead South",
        "locationName": "Docklands",
        "minimumSalary": null,
        "maximumSalary": null,
        "currency": null,
        "expirationDate": "04/11/2020",
        "date": "23/09/2020",
        "jobDescription": " Kloeckner Metals UK ('KMUK’) is the UK subsidiary of Kloeckner and Co, (Kloeckner) the German listed, market-leading, €6.3bn turnover, 8,600 employee, global steel trading and distribution group based in Duisburg, Germany. Kloeckner consistently invests  between 15 million and 20 million Euros per year in digitalization of the metals supply chain. The UK business, headquartered in Leeds, operates out of 11 principal locations and empl... ",
        "applications": 17,
        "jobUrl": "https://www.reed.co.uk/jobs/commercial-lead-south/40948084"
    },
    {
        "jobId": 41143712,
        "employerId": 313606,
        "employerName": "Excelerate Resources",
        "employerProfileId": null,
        "employerProfileName": null,
        "jobTitle": "Senior Sales Manager - Off Trade",
        "locationName": "London",
        "minimumSalary": 50000.0,
        "maximumSalary": 60000.0,
        "currency": "GBP",
        "expirationDate": "18/11/2020",
        "date": "07/10/2020",
        "jobDescription": " Our client is launching their new spirit brands over the next few months. The brands have been beautifully designed and are priced appropriate to their sector niche - they need the skills and drive of an experienced Sales Manager in spirits industry to take  the portfolio into the off trade sector in the UK and also the export market. You will be working with the Director and General Manager, guiding your sales team to maximise result... ",
        "applications": 14,
        "jobUrl": "https://www.reed.co.uk/jobs/senior-sales-manager-off-trade/41143712"
    },
    {
        "jobId": 41187872,
        "employerId": 341598,
        "employerName": "Charlesworth Kennedy",
        "employerProfileId": null,
        "employerProfileName": null,
        "jobTitle": "Certification Engineer (Fire Protection)",
        "locationName": "Arnhem",
        "minimumSalary": 60000.0,
        "maximumSalary": 80000.0,
        "currency": "EUR",
        "expirationDate": "25/11/2020",
        "date": "14/10/2020",
        "jobDescription": " Our client provides the highest level of technical knowledge, expertise and testing, inspection and certification, EHS training and compliance, advisory and commissioning services. They empower their customers to protect the well-being of workers, reduce  risk, improve productivity, enhance compliance and drive measurable business improvement. Due to their continued success they are now looking for a Certification Engineer with a focus on Fi... ",
        "applications": 0,
        "jobUrl": "https://www.reed.co.uk/jobs/certification-engineer-fire-protection/41187872"
    },
    {
        "jobId": 40986674,
        "employerId": 598289,
        "employerName": "Revorec Recruitment Solutions Ltd",
        "employerProfileId": null,
        "employerProfileName": null,
        "jobTitle": "Business Development Manager Hire / Construction",
        "locationName": "Leeds",
        "minimumSalary": 35000.0,
        "maximumSalary": 40000.0,
        "currency": "GBP",
        "expirationDate": "17/11/2020",
        "date": "30/09/2020",
        "jobDescription": " Business Development Manager (Hire / Construction) Yorkshire Patch / Home Based Up to &#163;40,000 &#43; (60k&#43; OTE) Bonus &#43; Car &#43; Training &#43; Progression &#43; Benefits Are you a hungry Business Development Manager looking to work for an ambitious and expanding company gaining major ground over their competition? This is an ideal opportunity for a BDM from the hire or construction industry who wants... ",
        "applications": 20,
        "jobUrl": "https://www.reed.co.uk/jobs/business-development-manager-hire-construction/40986674"
    },
    {
        "jobId": 41182232,
        "employerId": 313646,
        "employerName": "In-pact accountancy Ltd",
        "employerProfileId": null,
        "employerProfileName": null,
        "jobTitle": "Account Manager - Fleet Management Company - Kingston Area",
        "locationName": "Thames Ditton",
        "minimumSalary": null,
        "maximumSalary": null,
        "currency": null,
        "expirationDate": "25/11/2020",
        "date": "14/10/2020",
        "jobDescription": " NEW UNIQUE OPPORTUNITY FOR AN ACCOUNT MANAGER TO JOIN A HIGHLY SUCCESSFUL EXPANDING COMPANY IN THE KINGSTON AREA Are you an experienced Account Manager with a proven track record in supervising &amp; mentoring an account management team as well as an expert in the area of client retention and customer satisfaction? Do you have a proven track record in account management ide... ",
        "applications": 3,
        "jobUrl": "https://www.reed.co.uk/jobs/account-manager-fleet-management-company-kingston-area/41182232"
    },
    {
        "jobId": 41041687,
        "employerId": 458507,
        "employerName": "Fish Hook Careers Limited ",
        "employerProfileId": null,
        "employerProfileName": null,
        "jobTitle": "New Business Executive ",
        "locationName": "London",
        "minimumSalary": 20000.0,
        "maximumSalary": 35000.0,
        "currency": "GBP",
        "expirationDate": "13/11/2020",
        "date": "02/10/2020",
        "jobDescription": " Our client who is an award-winning sports hospitality provider has a new opportunity for a dynamic New Business Executive to join their London team. Their clients include Wimbledon, The 6 Nations, Cheltenham Festival, Formula 1, Royal Ascot and International Cricket, to name a few. The company has continued to grow and remained open and sell throughout lockdown. A huge credit to their existing sales team for their pas... ",
        "applications": 32,
        "jobUrl": "https://www.reed.co.uk/jobs/new-business-executive/41041687"
    },
    {
        "jobId": 41181800,
        "employerId": 54980,
        "employerName": "Technical Placements",
        "employerProfileId": null,
        "employerProfileName": null,
        "jobTitle": "Health and Safety Assistant Graduate Level",
        "locationName": "Maidstone",
        "minimumSalary": null,
        "maximumSalary": null,
        "currency": null,
        "expirationDate": "25/11/2020",
        "date": "14/10/2020",
        "jobDescription": " Quality, Health, Safety, Environmental HSE / SHEQ Assistant required for a large manufacturing company based near Maidstone, Kent.  This may suit a graduate with some industry experience gained within a Health &amp; Safety environment.  Our client is part of a global recycling manufacturing group, employing over 47000 staff globally. They require an SHEQ Assistant to assist the Safety, Health, Environment &amp; Quality Manager ... ",
        "applications": 3,
        "jobUrl": "https://www.reed.co.uk/jobs/health-and-safety-assistant-graduate-level/41181800"
    },
    {
        "jobId": 40943303,
        "employerId": 575264,
        "employerName": "REED",
        "employerProfileId": null,
        "employerProfileName": null,
        "jobTitle": "Plant Fitter",
        "locationName": "St. Albans",
        "minimumSalary": 32000.0,
        "maximumSalary": 37000.0,
        "currency": "GBP",
        "expirationDate": "14/11/2020",
        "date": "22/09/2020",
        "jobDescription": " 2x Plant Maintenance Engineers Wanted!!&nbsp;Days &amp; Late Shift available. Are you looking for a long-term and rewarding career opportunity with an established organisation? Are training and career development opportunities important to you?Yes?.. Then we would like to hear from you.. Our client is one of the UK’s leaders in what they ... ",
        "applications": 4,
        "jobUrl": "https://www.reed.co.uk/jobs/plant-fitter/40943303"
    },
    {
        "jobId": 40943302,
        "employerId": 575264,
        "employerName": "REED",
        "employerProfileId": null,
        "employerProfileName": null,
        "jobTitle": "Plant Fitter",
        "locationName": "St. Albans",
        "minimumSalary": 32000.0,
        "maximumSalary": 37000.0,
        "currency": "GBP",
        "expirationDate": "14/11/2020",
        "date": "22/09/2020",
        "jobDescription": " 2x Plant Maintenance Engineers Wanted!!&nbsp;Days &amp; Late Shift available. Are you looking for a long-term and rewarding career opportunity with an established organisation? Are training and career development opportunities important to you?Yes?.. Then we would like to hear from you.. Our client is one of the UK’s leaders in what they ... ",
        "applications": 7,
        "jobUrl": "https://www.reed.co.uk/jobs/plant-fitter/40943302"
    },
    {
        "jobId": 40943301,
        "employerId": 575264,
        "employerName": "REED",
        "employerProfileId": null,
        "employerProfileName": null,
        "jobTitle": "Plant Fitter",
        "locationName": "St. Albans",
        "minimumSalary": 32000.0,
        "maximumSalary": 37000.0,
        "currency": "GBP",
        "expirationDate": "14/11/2020",
        "date": "22/09/2020",
        "jobDescription": " 2x Plant Maintenance Engineers Wanted!!&nbsp;Days &amp; Late Shift available. Are you looking for a long-term and rewarding career opportunity with an established organisation? Are training and career development opportunities important to you?Yes?.. Then we would like to hear from you.. Our client is one of the UK’s leaders in what they ... ",
        "applications": 4,
        "jobUrl": "https://www.reed.co.uk/jobs/plant-fitter/40943301"
    },
    {
        "jobId": 40943299,
        "employerId": 575264,
        "employerName": "REED",
        "employerProfileId": null,
        "employerProfileName": null,
        "jobTitle": "Plant Fitter",
        "locationName": "St. Albans",
        "minimumSalary": 32000.0,
        "maximumSalary": 37000.0,
        "currency": "GBP",
        "expirationDate": "14/11/2020",
        "date": "22/09/2020",
        "jobDescription": " 2x Plant Maintenance Engineers Wanted!!&nbsp;Days &amp; Late Shift available. Are you looking for a long-term and rewarding career opportunity with an established organisation? Are training and career development opportunities important to you?Yes?.. Then we would like to hear from you.. Our client is one of the UK’s leaders in what they ... ",
        "applications": 3,
        "jobUrl": "https://www.reed.co.uk/jobs/plant-fitter/40943299"
    },
    {
        "jobId": 41020995,
        "employerId": 449259,
        "employerName": "Rise Technical Recruitment Limited",
        "employerProfileId": null,
        "employerProfileName": null,
        "jobTitle": "Parts Advisor",
        "locationName": "Braintree",
        "minimumSalary": 23000.0,
        "maximumSalary": 24000.0,
        "currency": "GBP",
        "expirationDate": "12/11/2020",
        "date": "01/10/2020",
        "jobDescription": " An Excellent opportunity for a Parts Advisor, who is looking to join an Industry leading company where you will receive specialist training to become an expert in your field, while maximising your earnings through overtime and commission. Do you have experience of working as a Parts Advisor? Are you looking to work for a growing business that provides excellent training and progression? Are you looking to join a globally known market ... ",
        "applications": 11,
        "jobUrl": "https://www.reed.co.uk/jobs/parts-advisor/41020995"
    },
    {
        "jobId": 41176442,
        "employerId": 598289,
        "employerName": "Revorec Recruitment Solutions Ltd",
        "employerProfileId": null,
        "employerProfileName": null,
        "jobTitle": "Business Development Manager Plant Hire",
        "locationName": "Leeds",
        "minimumSalary": 35000.0,
        "maximumSalary": 40000.0,
        "currency": "GBP",
        "expirationDate": "24/11/2020",
        "date": "13/10/2020",
        "jobDescription": " Business Development Manager (Plant Hire) Yorkshire Patch / Home Based Up to &#163;40,000 &#43; (60k&#43; OTE) Bonus &#43; Car &#43; Training &#43; Progression &#43; Benefits Are you a hungry Business Development Manager looking to work for an ambitious and expanding company gaining major ground over their competition? This is an ideal opportunity for a BDM from the hire or construction industry who wants a home b... ",
        "applications": 11,
        "jobUrl": "https://www.reed.co.uk/jobs/business-development-manager-plant-hire/41176442"
    },
    {
        "jobId": 41175871,
        "employerId": 598612,
        "employerName": "Michael Page Technology",
        "employerProfileId": null,
        "employerProfileName": null,
        "jobTitle": "Technical Solutions Architect",
        "locationName": "London",
        "minimumSalary": 550.0,
        "maximumSalary": 650.0,
        "currency": "GBP",
        "expirationDate": "27/10/2020",
        "date": "13/10/2020",
        "jobDescription": " My client - a world leading design and manufacturer of collectables in the FMCG industry based in London are looking for a Technical Solutions Architect for a 3 month contract to work with mainly Microsoft based technologies and be responsible for coordinating  the implementation of various interfaces, as well as ensuring the correct documentation is present for their go live Client Details My client is a world... ",
        "applications": 2,
        "jobUrl": "https://www.reed.co.uk/jobs/technical-solutions-architect/41175871"
    },
    {
        "jobId": 41158398,
        "employerId": 451665,
        "employerName": "Cordant People",
        "employerProfileId": null,
        "employerProfileName": null,
        "jobTitle": "Residential Lettings Branch Manager",
        "locationName": "Manchester",
        "minimumSalary": 38000.0,
        "maximumSalary": 43000.0,
        "currency": "GBP",
        "expirationDate": "20/11/2020",
        "date": "09/10/2020",
        "jobDescription": " Our client prides themselves on maintaining excellent client service whilst having a modern approach with the latest software and training. They are now looking for an experienced ResidentialLettings Branch Manager with a proven track record in managing successful teams, driven, is commercially aware/focused, a natural leader and passionate about the lettings industry. Purpose of Role... ",
        "applications": 4,
        "jobUrl": "https://www.reed.co.uk/jobs/residential-lettings-branch-manager/41158398"
    },
    {
        "jobId": 40877756,
        "employerId": 575264,
        "employerName": "REED",
        "employerProfileId": null,
        "employerProfileName": null,
        "jobTitle": "Mechanical Maintenance Engineer",
        "locationName": "Hatfield",
        "minimumSalary": 37558.0,
        "maximumSalary": 37558.0,
        "currency": "GBP",
        "expirationDate": "13/11/2020",
        "date": "16/09/2020",
        "jobDescription": " Mechanical Maintenance Engineers Wanted!! LATE SHIFT!! MON-FRI!! Are you looking for a long-term and rewarding career opportunity with a well established company?.. Are training and career development opportunities important to you?.. Yes?..Then we would like to hear from you.. Our client is one of UK’s leaders in what they do, they are a household name ... ",
        "applications": 22,
        "jobUrl": "https://www.reed.co.uk/jobs/mechanical-maintenance-engineer/40877756"
    },
    {
        "jobId": 40635656,
        "employerId": 575264,
        "employerName": "REED",
        "employerProfileId": null,
        "employerProfileName": null,
        "jobTitle": "Mechanical Maintenance Engineer",
        "locationName": "Hatfield",
        "minimumSalary": 37558.0,
        "maximumSalary": 37558.0,
        "currency": "GBP",
        "expirationDate": "13/11/2020",
        "date": "23/07/2020",
        "jobDescription": " Mechanical Maintenance Engineers Wanted!! LATE SHIFT!! MON-FRI!! Are you looking for a long-term and rewarding career opportunity with a well established company?.. Are training and career development opportunities important to you?.. Yes?..Then we would like to hear from you.. Our client is one of UK’s leading paper recyclers/ They are a household name ... ",
        "applications": 31,
        "jobUrl": "https://www.reed.co.uk/jobs/mechanical-maintenance-engineer/40635656"
    }
]