applications,currency,date,employerId,employerName,employerProfileId,employerProfileName,expirationDate,jobDescription,jobId,jobTitle,jobUrl,locationName,maximumSalary,minimumSalary
5,GBP,2020-11-09,85768,Additional Resources Ltd,,,23/10/2020," Fibre Field Engineer – Fibre Broadband Services - North Essex.  Salary: &#163;28,500 - &#163;35,000 &#43; excellent benefits &amp; career progression.  The Company:  Our client is not like other broadband providers and they don’t really want to be. They’re currently on a mission to ensure rural villages in the East of England can access full-fibre broadband, that’s future-ready. ... ",40861589,Fibre Field Engineer - Fibre Broadband Services,https://www.reed.co.uk/jobs/fibre-field-engineer-fibre-broadband-services/40861589,Essex,35000.0,28500.0
3,,2020-09-24,524744,Hays Specialist Recruitment Limited,,,22/10/2020," Senior epidemiology - RWE lead global pharmaceutical company, contract, real world data, immunology, neuro  Your new companyIs a leading global pharmaceutical company looking to bring in an experienced epidemiologist / RWE Specialist to their Real World Evidence &amp; epidemiology department to lead the design and implementation for a wide range of studies across multiple therapy areas.This cli... ",40958994,RWE Lead - Global Pharma company,https://www.reed.co.uk/jobs/rwe-lead-global-pharma-company/40958994,Maidenhead,,
19,,2020-10-09,422087,FMC Global Talent,,,22/10/2020, Do you have experience in service/solution sales? Are you wanting to take the next step in your career? We’re currently recruiting for a globally renowned surgical devices company who specialise in designing and developing market leading medical devices.  They are currently looking for Territory Manager in the South West and South Wales region to sell their service contracts.  The company This top 20 global med... ,40854452,Territory Manager - Service Solutions,https://www.reed.co.uk/jobs/territory-manager-service-solutions/40854452,South West England,,
14,GBP,2020-03-09,623096,ParkerSteel Limited,,,15/10/2020," Here at Parker Steel we have an exciting opportunity for a self-motivated Sales Developer to join our team at our Canterbury site. You will be working on a full time, permanent basis and in return, you will receive a  salary of &#163;21,000 per annum OTE up to &#163;30,000. About us: At Parker Steel we supply a wide variety of ... ",40820306,Sales Developer,https://www.reed.co.uk/jobs/sales-developer/40820306,Canterbury,21000.0,21000.0
20,GBP,2020-09-30,598289,Revorec Recruitment Solutions Ltd,,,17/11/2020," Business Development Manager (Hire / Construction) Yorkshire Patch / Home Based Up to &#163;40,000 &#43; (60k&#43; OTE) Bonus &#43; Car &#43; Training &#43; Progression &#43; Benefits Are you a hungry Business Development Manager looking to work for an ambitious and expanding company gaining major ground over their competition? This is an ideal opportunity for a BDM from the hire or construction industry who wants... ",40986674,Business Development Manager Hire / Construction,https://www.reed.co.uk/jobs/business-development-manager-hire-construction/40986674,Leeds,40000.0,35000.0
12,,2020-02-10,454535,Build A Bear Workshop,,,13/11/2020," Build-A-Bear Workshop, Inc. is the leading and only global company that offers an interactive make-your-own stuffed animal retail-entertainment experience. Founded in 1997, the company currently operates more than 400 Build-A-Bear Workshop® stores worldwide,  including company-owned stores in the United States, Puerto Rico, Canada, United Kingdom, the Republic of Ireland and Denmark. We are proud to have been recognised as a Times Top 100 Be... ",41039801,Store Manager ,https://www.reed.co.uk/jobs/store-manager/41039801,Town Centre,,
11,GBP,2020-01-10,449259,Rise Technical Recruitment Limited,,,12/11/2020," An Excellent opportunity for a Parts Advisor, who is looking to join an Industry leading company where you will receive specialist training to become an expert in your field, while maximising your earnings through overtime and commission. Do you have experience of working as a Parts Advisor? Are you looking to work for a growing business that provides excellent training and progression? Are you looking to join a globally known market ... ",41020995,Parts Advisor,https://www.reed.co.uk/jobs/parts-advisor/41020995,Braintree,24000.0,23000.0
5,GBP,2020-05-10,447408,Talent Finder,,,02/11/2020," Field Service Engineer &#43; Trainer An exciting position has become available for a full time combined Field Service Engineer (electrical and mechanical) and Trainer to join our friendly team based in Halifax (HX6 2TF). Covering all of the UK and operating from our Halifax base, the successful candidate will earn &#163;25,000-&#163;30,000, this will be negotiable depending on experie... ",41131377,Service Engineer,https://www.reed.co.uk/jobs/service-engineer/41131377,Halifax,30000.0,25000.0
11,GBP,2020-10-13,598289,Revorec Recruitment Solutions Ltd,,,24/11/2020," Business Development Manager (Plant Hire) Yorkshire Patch / Home Based Up to &#163;40,000 &#43; (60k&#43; OTE) Bonus &#43; Car &#43; Training &#43; Progression &#43; Benefits Are you a hungry Business Development Manager looking to work for an ambitious and expanding company gaining major ground over their competition? This is an ideal opportunity for a BDM from the hire or construction industry who wants a home b... ",41176442,Business Development Manager Plant Hire,https://www.reed.co.uk/jobs/business-development-manager-plant-hire/41176442,Leeds,40000.0,35000.0
4,GBP,2020-10-13,598289,Revorec Recruitment Solutions Ltd,,,24/11/2020," Branch Manager - Plant Hire Manchester &#163;35,000 - &#163;40,000 &#43; Training &#43; Progression &#43; Bonus &#43; Car Position for a driven Branch Manager who wants to work for an ambitious company looking to go from a local market player to an industry trendsetter? This is an ideal role for someone who is either a depot manager, assistant depot manager or has proven hire industry experience who wants an excit... ",41176429,Branch Manager - Plant Hire,https://www.reed.co.uk/jobs/branch-manager-plant-hire/41176429,Manchester,40000.0,35000.0
18,GBP,2020-09-30,598289,Revorec Recruitment Solutions Ltd,,,12/11/2020," Branch Manager - Hire Industry Manchester &#163;35,000 - &#163;40,000 &#43; Training &#43; Progression &#43; Bonus &#43; Car Position for a driven Branch Manager who wants to work for an ambitious company looking to go from a local market player to an industry trendsetter? This is an ideal role for someone who is either a depot manager, assistant depot manager or has proven hire industry experience who wants an ex... ",40983796,Branch Manager - Hire Industry,https://www.reed.co.uk/jobs/branch-manager-hire-industry/40983796,Manchester,40000.0,35000.0
19,GBP,2020-10-13,524744,Hays Specialist Recruitment Limited,,,24/11/2020," Senior Procurement ManagerYour new companyAn industry leading entertainment brand. Global reach and a huge focus on allowing the global consumer market to be well informed, entertained &amp; educated. This innovative brand that has continually grown on a successful market-leading position is now looking  to expand and continue to push to boundaries of the entertainment industry.Your new ... ",41174369,Senior Procurement Manager,https://www.reed.co.uk/jobs/senior-procurement-manager/41174369,London,90000.0,65000.0
4,GBP,2020-12-10,437096,ST Selection,,,23/11/2020, Company: Leading manufacturing company Job Title: Quality Inspector Location: Barton Under Needwood Salary: &#163;9.75 per hour Hours: Day shifts Monday to Friday This is a great opportunity for an experienced Quality Inspector to join an established manufacturing company within the Barton Under Needwood area. Working withi... ,41167212,Quality Inspector,https://www.reed.co.uk/jobs/quality-inspector/41167212,Barton Under Needwood,9.75,9.75
41,GBP,2020-09-28,419161,Clearwater People Solutions Ltd,,,09/11/2020," Head of HR - Hampshire - &#163;55,000 - &#163;65,000 An exceptional new opportunity has become available for a Head of HR (Human Resources). This new position working as Head of HR, this would suit an inspirational leader with a proactive approach to continuous improvement with a proven track record in developing  wellbeing for all staff. This position is working for a multi award winning business who are exper... ",40970891,Head of HR,https://www.reed.co.uk/jobs/head-of-hr/40970891,Hampshire,65000.0,55000.0
16,,2020-09-15,346015,Zenopa,,,27/10/2020, Seeking a driven biomedical scientist or scientific sales person to join a leading distributor of clinical diagnostics laboratory products across the Midlands and South East!TERRITORY: Midlands and South East.PRODUCTS: Immunology and Microbiology Diagnostics Assays and InstrumentsCLIENTS: NHS Hospital LabsREPORTING TO :... ,40876202,Area Sales Representative,https://www.reed.co.uk/jobs/area-sales-representative/40876202,St. Albans,,
18,GBP,2020-11-09,524744,Hays Specialist Recruitment Limited,,,23/10/2020," Client-Side Property Investment Company, Commercial Property Management Role, National Property Portfolio Hays Property &amp; Surveying are excited to be representing on the UK's largest real estate investment companies who hold a UK wide commercial portfolio made up of office / industrial and retail assets.Your new companyHays Property &amp; Surveying are currently representing a family o... ",40856228,Client Side Investment Fund - Commercial Property Manager,https://www.reed.co.uk/jobs/client-side-investment-fund-commercial-property-manager/40856228,London,55000.0,45000.0
11,GBP,2020-09-09,464401,ACS Performance,,,21/10/2020," Title: Business Development Executive Do you have technical competence related to electronics experience? Do you have previous sales experience and track record of achievement? Are you target driven and have the ability to take initiative and able to work with minimal supervision? Business Development Executive required in the Yorkshire or Lancashire OTE: upto &#163;55,000 Locatio... ",40844351,Business Development Executive - North,https://www.reed.co.uk/jobs/business-development-executive-north/40844351,West Yorkshire,45000.0,40000.0
6,GBP,2020-07-09,546758,Humres Technical Recruitment Ltd,,,19/10/2020, Brief Overview This is a fantastic opportunity for an experienced industrial roofing &amp; cladding Contracts Manager to join a well established specialist sub-contractor to look after projects in London Package  &#163;45k to &#163;50k plus company car or car allowance. About our Client  My client have been established in the industrial roofing and cla... ,40833345,Contracts Manager - Industrial Roofing,https://www.reed.co.uk/jobs/contracts-manager-industrial-roofing/40833345,Mayfair,50000.0,45000.0
12,GBP,2020-04-09,121141,Future Select Ltd,,,16/10/2020,"Our client is an outstanding environmental consultancy providing a range of services including legionella management and consultation to clients throughout the UK. They are currently seeking a knowledgeable and commercially focused Legionella Commercial  Manager based in and around the London area. The ideal candidate will have a proven track record of commercially developing and growing a legionella business, as well as, a strong technical know... ",40826574,Legionella Commercial Manager - London,https://www.reed.co.uk/jobs/legionella-commercial-manager-london/40826574,London,100000.0,100000.0
40,GBP,2020-05-19,438858,Harbourne Associates,,,15/10/2020," Title: Temporary OR FTC - Production Operative, Supervisor, FL1/FL2 Location: Stanton, Bury St. Edmunds Reporting to Team Supervisors and Manager HOURS: 6am to 3pm Responsibilities - Carry out work as detailed by the Works Manager and in accordance with all Company Directives and all appropriate works procedures. To carryout manual work to ... ",40411222,Production Operative,https://www.reed.co.uk/jobs/production-operative/40411222,Stanton,9.0,8.72
7,GBP,2020-05-06,438858,Harbourne Associates,,,15/10/2020," Title: Temporary - FL1/FL2, Counter Balance Location: Wellingborough Reporting to Team Leaders and Managers HOURS: 8am to 4:45pm with an hours lunch break Responsibilities - Carry out work as detailed by the Works Manager and in accordance with all Company Directives and all appropriate works procedures. To carryout manual work to strip and... ",40462466,Forklift Diver,https://www.reed.co.uk/jobs/forklift-diver/40462466,Wellingborough,9.0,8.73
149,GBP,2020-01-21,438858,Harbourne Associates,,,15/10/2020," Title: Temporary OR FTC - Production Operative, Supervisor, FL1/FL2, Location: Creeting St.Peter, Ipswich Reporting to Team Supervisors and Manager HOURS: 6am to 3pm Responsibilities - Carry out work as detailed by the Works Manager and in accordance with all Company Directives and all appropriate works procedures. To carryout manual work t... ",39779964,Production Operative,https://www.reed.co.uk/jobs/production-operative/39779964,Creeting St. Peter,9.5,8.72
10,,2020-09-27,408085,Venatu Consulting Ltd,,,25/10/2020," Health &amp; Safety Manager - Hull Salary &#163;35,000 to &#163;40,000 plus benefits 33 days holiday Auto enrolment pension Discretionary bonus scheme Working hours - Monday to Thursday 08.45-17.15, Friday 4pm finish Do you want to work in a rapidly growing sector with ... ",40967592,H&S Manager,https://www.reed.co.uk/jobs/h-s-manager/40967592,Hull,,
3,GBP,2020-08-19,377536,Zenith People LTD,,,11/11/2020," Our client is a national M&amp;E services provider, they carry out full gas installs to many properties across the UK, primarily large-scale social housing schemes, housing, flats and sheltered accommodation. We are seeking fully qualified Gas Breakdown Engineers to work on projects across the UK but primarily based in Houghton Le Spring.  Responding to breakdownsLone workingAble to work under pressure</l... ",40751058,Gas Breakdown Engineer,https://www.reed.co.uk/jobs/gas-breakdown-engineer/40751058,Newbottle,30000.0,30000.0
2,GBP,2020-08-19,377536,Zenith People LTD,,,23/12/2020," Our client is a national M&amp;E services provider, they carry out full gas installs to many properties across the UK, primarily large-scale social housing schemes, housing, flats and sheltered accommodation. We are seeking fully qualified Gas Breakdown Engineers to work on projects across the North East.  Responding to breakdownsLone workingAble to work under pressureDemonstrating excellent cust... ",40750879,Gas Breakdown Engineer ,https://www.reed.co.uk/jobs/gas-breakdown-engineer/40750879,Houghton Le Spring,30000.0,30000.0
3,GBP,2020-10-15,471673,Priority Appointments ,,,26/11/2020," Head of Supply Chain, Up to 60k pa. Fantastic opportunity to join a globally recognised and prestigious company offering 25 days holidays and an abundance of company benefits.Your role will cover inbound international supply chain and the associated compliance, maximising stock availability for customers. You will also be responsible for outbound distribution - domestically via own fleet of delivery vehicles, via 3rd party carrie... ",41190184,Head of Supply Chain,https://www.reed.co.uk/jobs/head-of-supply-chain/41190184,Basingstoke,60000.0,40000.0
18,GBP,2020-02-10,399878,MRJ Recruitment,,,13/11/2020," MRJ is working on an exclusive assignment with one of the UK’s best loved eCommerce brands, currently embarking on a huge technology transformation (Cloud, Devops, Services).  Role: Infrastructure Manager Salary: &#163;60k to &#163;65k &#43; bonus Location: Manchester (post covid) &#43; remote  The company continues to make a difference within their industry and in the words of the CEO, the company is: Fast paced;... ",41050676,Infrastructure Manager  Manchester  £65k,https://www.reed.co.uk/jobs/infrastructure-manager-manchester-65k/41050676,Manchester,65000.0,60000.0
3,GBP,2020-10-14,357396,Jenrick Commercial,,,11/11/2020,"Business Development Manager, Up to &#163;60K Base &#43; Double OTE = &#163;120,000 &#43; benefits, Gateshead Based with 90% Agile working, amazing company with very strong track record of growthAbout the Company:This company is a real success story and even in these fragile Covid times they are still going from strength to strength so its a great time to join them.&nbsp; &nbsp;Reporting to the Head of Sales, the Business... ",41184479,Business Development Manager Home & Furniture,https://www.reed.co.uk/jobs/business-development-manager-home-furniture/41184479,Newcastle Upon Tyne,60000.0,50000.0
12,GBP,2020-10-14,357396,Jenrick Commercial,,,11/11/2020,"Business Development Manager, Up to &#163;60K Base &#43; Double OTE = &#163;120,000 &#43; benefits, London Based with 90% Agile working, amazing company with very strong track record of growthAbout the Company:This company is a real success story and even in these fragile Covid times they are still going from strength to strength so its a great time to join them.&nbsp; &nbsp;Reporting to the Head of Sales, the Business De... ",41184439,Business Development Manager Home & Furniture,https://www.reed.co.uk/jobs/business-development-manager-home-furniture/41184439,London,60000.0,50000.0
22,GBP,2020-02-10,628732,Atkinsons Residential,,,13/11/2020," Atkinsons Residential, founded in 1968, are looking for an Assistant Sales Manager / Senior Sales Negotiator / Property Lister with a proven track record for listing, winning instructions &amp; selling! If this sounds like you, then this could be a very exciting  opportunity to build a career that could potentially develop into a future  partnership role. We are a dynamic, busy, single branch, dual discipline independ... ",41048269,Estate Agency - Assistant Sales Manager / Senior Negotiator / Property Lister,https://www.reed.co.uk/jobs/estate-agency-assistant-sales-manager-senior-negotiator-property-lister/41048269,Enfield,60000.0,25000.0
1,GBP,2020-10-14,385838,Search Consultancy,,,11/11/2020, *Candidates must be aware that this is a physical role and will require getting your hands dirty*WATER METER READER PAY RATE - &#163;9.18 per hour &#43; BonusesLOCATION - CreweDURATION - 3 months initially (typically extended)HOURS - 39 hour weekWORKS VEHICLE AND FUEL CARD PROVIDEDPURPOSE OF THE ROLE: To visit commercial properties to accurately collect utility met... ,41183194,Water meter reader,https://www.reed.co.uk/jobs/water-meter-reader/41183194,Crewe,9.18,9.18
11,GBP,2020-02-10,614727,CAPIO RECRUITMENT LIMITED,,,13/11/2020," Capio Recruitment are expanding! We’re currently on the lookout for an ambitious Recruitment Consultant to join the team. Experience in recruitment would be fantastic, though we are happy to consider applications from people with sales skills picked up in other industries. Who are Capio Recruitment? We are a specialist recruitment company, with an office just off Park Street, Bristol city centre. ... ",41043246,Trainee Recruitment Consultant (Financial Services),https://www.reed.co.uk/jobs/trainee-recruitment-consultant-financial-services/41043246,Bristol,18000.0,18000.0
13,GBP,2020-04-09,519170,Resourcing Associates ,,,27/11/2020, IT Recruitment Director - - London - City Basic &#163;70-85k OTE 130k&#43; uncapped &#43; profit share The Role &amp; Company:  Great opportunity to join an award winning market leader&nbsp;Excellent Brand name&nbsp;Well known for their professionalism amongst both candidate and client communityManage and grow the existing sales team withi... ,40822661,Associate Director - Data Technology Recruitment,https://www.reed.co.uk/jobs/associate-director-data-technology-recruitment/40822661,London,130000.0,70000.0
3,GBP,2020-10-14,618591,Prospero Health & Social Care,,,25/11/2020," Outreach Support Worker - Manchester  Location: Manchester  Hours of Work: 9am-5pm - Monday to Friday Rate of Pay: &#163;10.36 per hour  Prospero Health and Social are currently looking for an enthusiastic, confident Outreach Support worker responsible for the provision of Support for Vulnerable Young People. The support worker needs to be versati... ",41180445,Outreach Support Worker Manchester,https://www.reed.co.uk/jobs/outreach-support-worker-manchester/41180445,Manchester,11.0,10.36
33,GBP,2020-06-10,396912,CDH Recruitment Ltd,,,17/11/2020," We are looking for a Part Time Receptionist/Administrator to work in our office in Hastings.  Flexible working hoursWorking 5 days a week, Mondays to Fridays, 9.30am to 2.30pm, flexible on start and finish times.Company Pension  MAIN DUTIES  Greet and welcome visitors into the Office, ensuring they sign the Health &amp; Safety Regulations form and informing the relevant ... ",41135972,Part-Time Receptionist/ Administrator ,https://www.reed.co.uk/jobs/part-time-receptionist-administrator/41135972,Hastings,9.5,9.5
2,,2020-09-10,524744,Hays Specialist Recruitment Limited,,,06/11/2020," Bioinformaticians - leading company, Scotland. Biological data analysis &amp; project management, NGS, statistics Your new companyIs a successful and growing bioinformatics company looking to add several new bioinformaticians to their team at all levels from fresh graduates through to experienced hires. The company is based in the Central Belt areas of Scotland and has grown significantly  over the last cou... ",41161693,Bioinformatician / Senior Bioinformatician,https://www.reed.co.uk/jobs/bioinformatician-senior-bioinformatician/41161693,Edinburgh,,
4,,2020-09-10,524744,Hays Specialist Recruitment Limited,,,06/11/2020," Epidemiologist for global pharmaceutical company in London, 12 month contract, real world data, RWE Your new companyIs a leading global pharmaceutical company looking to bring in an experienced epidemiologist to their Real World Evidence &amp; epidemiology department to work on a wide range of studies across multiple therapy areas.This client has an excellent market reputation and a track record of in... ",41161462,Epidemiologist - Pharmaceutical company,https://www.reed.co.uk/jobs/epidemiologist-pharmaceutical-company/41161462,London,,
2,GBP,2020-10-13,9198,Sharp Consultancy,,,24/11/2020,"We are currently working with one of Garforths' top manufacturing companies, looking to recruit a Senior Management Accountant to join their dynamic team. 2019 was a record year, with continued expansion and success, and this role has been created as a  senior role within the team, to take full responsibility for the company management accounts and help with pay rol1. Ideally you will be ACA/ACCA/CIMA qualified, ready to further your... ",41178161,Senior Management Accountant - East Leeds,https://www.reed.co.uk/jobs/senior-management-accountant-east-leeds/41178161,Leeds,41000.0,35000.0
35,,2020-09-25,476036,Norrie Johnston Recruitment,,,06/11/2020," Our client is a well established and successful SME manufacturing company with ambitious growth plans for the future including US based distribution of specialist products. Reporting directly to the Group MD, this is an exciting opportunity for a Head of  Sales to join the senior leadership team. You will lead and expand their sales function into new target markets. The role offers a competitive package along with the opportunity to progress... ",40961419,Head of Sales - Manufacturing,https://www.reed.co.uk/jobs/head-of-sales-manufacturing/40961419,Leicestershire,,
4,GBP,2020-10-13,417593,Portman Scott,,,24/11/2020," Senior Estate Agent - Luxury Property Lifestyle Company - &#163;35k base &#43; &#163;60kOTE uncapped - Sevenoaks, Kent   Our client is a highly-successful luxury lifestyle company with a number of prestigious new developments in London and Kent. Their elegant properties are in considerable demand and as such they’re now looking to expand their sales team with the addition  of an enthusiastic and motivated Senior Estat... ",41174454,Senior Estate Agent,https://www.reed.co.uk/jobs/senior-estate-agent/41174454,Sevenoaks,35000.0,30000.0
8,GBP,2020-10-13,417593,Portman Scott,,,24/11/2020, Senior Estate Agent - Luxury Property Lifestyle Company - &#163;35k base &#43; &#163;60kOTE uncapped - London  Our client is a highly-successful luxury lifestyle company with a number of prestigious new developments in London. Their elegant properties are in considerable demand and as such they’re now looking to expand their sales team with the addition of an enthusiastic  and motivated Senior Estate Agent  Thi... ,41174315,Senior Estate Agent,https://www.reed.co.uk/jobs/senior-estate-agent/41174315,London,35000.0,30000.0
8,GBP,2020-01-10,385838,Search Consultancy,,,29/10/2020," *Candidates must be aware that this is a physical role and will require getting your hands dirty*PAY RATE - &#163;9.18 per hour &#43; BonusesLOCATION - BlackpoolDURATION - 3 months initially (typically extended)HOURS - 39 hour weekPURPOSE OF THE ROLE: To visit customers' properties to accurately collect utility meter readings (currently water), customer information and any other associate... ",41008242,Meter Reader,https://www.reed.co.uk/jobs/meter-reader/41008242,Normoss,9.18,9.18
3,GBP,2020-01-10,385838,Search Consultancy,,,29/10/2020," *Candidates must be aware that this is a physical role and will require getting your hands dirty*PAY RATE - &#163;9.18 per hour &#43; BonusesLOCATION - PrestonDURATION - 3 months initially (typically extended)HOURS - 39 hour weekPURPOSE OF THE ROLE: To visit customers' properties to accurately collect utility meter readings (currently water), customer information and any other associated ... ",41007874,Meter Reader,https://www.reed.co.uk/jobs/meter-reader/41007874,Preston,9.18,9.18
86,GBP,2020-05-10,346814,Reuben Sinclair,,,02/11/2020," About The Investment Manager Based in Central London, my client is a reputable investment manager focussing on providing growth capital to a range of leading UK SMEs. Part of a larger group with 30&#43; years of experience, the Head of Marketing will be joining a successful team with an excellent track record and great market knowledge. Offering a wide range of financial services, my client are se... ",41122340,Head of Marketing - Finance Sector,https://www.reed.co.uk/jobs/head-of-marketing-finance-sector/41122340,Wembley Central,85000.0,75000.0
4,GBP,2020-01-10,385838,Search Consultancy,,,29/10/2020," *Candidates must be aware that this is a physical role and will require getting your hands dirty*PAY RATE - &#163;9.18 per hour &#43; BonusesLOCATION - CumbriaDURATION - 3 months initially (typically extended)HOURS - 39 hour weekPURPOSE OF THE ROLE: To visit commercial' properties to accurately collect utility meter readings (currently water), customer information and any other associated... ",41007747,Meter Reader,https://www.reed.co.uk/jobs/meter-reader/41007747,Holmrook,9.18,9.18
6,GBP,2020-01-10,385838,Search Consultancy,,,29/10/2020," *Candidates must be aware that this is a physical role and will require getting your hands dirty*PAY RATE - &#163;9.18 per hour &#43; bonusesLOCATION - BlackburnDURATION - 3 months initially (typically extended)HOURS - 39 hour weekPURPOSE OF THE ROLE: To visit commercial properties to accurately collect utility meter readings (currently water), customer information and any other associate... ",41007710,Meter Reader,https://www.reed.co.uk/jobs/meter-reader/41007710,Blackburn,9.18,9.18
5,GBP,2020-01-10,385838,Search Consultancy,,,29/10/2020," *Candidates must be aware that this is a physical role and will require getting your hands dirty*PAY RATE - &#163;9.18 per hour &#43; BonusesLOCATION - Lancaster DURATION - 3 months initially (typically extended)HOURS - 39 hour weekPURPOSE OF THE ROLE: To visit commercial' properties to accurately collect utility meter readings (currently water), customer information and any other associa... ",41007607,Meter Reader,https://www.reed.co.uk/jobs/meter-reader/41007607,Lancaster,9.18,9.18
20,GBP,2020-09-30,472653,Altus Partners Ltd,,,11/11/2020,"  All about the company I would be working for! What they do: Corporate Finance Size of the business: Mid Company culture: Professional, intellectually curious, dynamic What makes them great to work for: Reputation and track record Role: You will offer deal support to the team leaders, financial/exit modelling, assisting with pitching for business development,... ",40993141,Manager ,https://www.reed.co.uk/jobs/manager/40993141,London,50000.0,45000.0
23,,2020-12-10,476036,Norrie Johnston Recruitment,,,23/11/2020," Our client is a well established and successful SME manufacturing company with ambitious growth plans for the future including US based distribution of specialist products. Reporting directly to the Group MD, this is an exciting opportunity for a Sales Director  to join the senior leadership team. You will lead and expand their sales function into new target markets. The successful candidate will be a connected, experienced senior Sales prof... ",41171369,Sales Director - Manufacturing,https://www.reed.co.uk/jobs/sales-director-manufacturing/41171369,Leicestershire,,
71,GBP,2020-01-06,533329,LiCa Scientific Ltd,,,23/11/2020, We are recruiting for an LC-MS Analyst to join a client in Manchester on a permanent basis.  The company Our client is a contract analytical laboratory specialising in problem solving and analytical development. They have an extensive range of chromatographic and mass spectrometric instrumentation and require an LC-MS Analyst to join the team to cover routine  analysis work. What you’... ,40447113,LC-MS Analyst,https://www.reed.co.uk/jobs/lc-ms-analyst/40447113,Manchester,25000.0,23000.0
