applications,currency,date,employerId,employerName,employerProfileId,employerProfileName,expirationDate,jobDescription,jobId,jobTitle,jobUrl,locationName,maximumSalary,minimumSalary
2,,2020-05-10,542356,Pearson,,,16/11/2020," Versioning Analyst (Intercompany Version Agreements) Description About Pearson We are the world’s learning company with more than 22,500 employees operating in 70 countries. We combine world-class educational content and assessment, powered by services and technology, to enable more effective teaching and personalized learning at scale.  We believe that wherever learning... ",41133410,Versioning Analyst Intercompany Version Agreements,https://www.reed.co.uk/jobs/versioning-analyst-intercompany-version-agreements/41133410,Harlow,,
25,GBP,2020-09-10,456187,Parkside Accounting and Finance ,,,20/11/2020," A fantastic opportunity has arisen for a Royalty Assistant to join a leading company within the FMCG industry. This role will be working in the Licensing Operations team managing all global licensing activities for royalties, invoicing, contract administration  and system support. This is a fast-paced role and would be suitable to someone that has previous royalties experience, strong attention to detail and a proactive approach. ... ",41157082,Royalty Assistant,https://www.reed.co.uk/jobs/royalty-assistant/41157082,Slough,25000.0,23000.0
94,GBP,2020-01-10,347335,Sauce Recruitment Ltd,,,30/10/2020,"A global digital media company in Central London are recruiting for a Royalty Reporting Assistant to support the Royalty Reporting Manager and ensure royalty reports are received, processed and delivered efficiently. This is a high volume data analyst role and would suit a recent graduate with experience in data analysis and an interest in Music.This company is in double digit growth and provides and excellent opportunity... ",41007785,Royalty Reporting Assistant,https://www.reed.co.uk/jobs/royalty-reporting-assistant/41007785,London,30000.0,25000.0
53,GBP,2020-09-29,544143,Harmonic Group Ltd,,,10/11/2020," Royalty Accountant | High-Growth TV &amp; Film Business | London Harmonic are excited to be recruiting for a Royalty Accountant on behalf of a highly acquisitive &amp; entrepreneurial media business based in London. The Company: The business is led by a talented CEO who is keen to grow and expand the business, which currently has a turnover of around &#163;200 million and a team of 80. A... ",40980560,Royalty Accountant  High-Growth TV & Film Business,https://www.reed.co.uk/jobs/royalty-accountant-high-growth-tv-film-business/40980560,London,45000.0,40000.0
10,,2020-09-24,347335,Sauce Recruitment Ltd,,,23/10/2020,"A global digital media company in Central London are recruiting for a Royalty Reporting Manager to support Senior Management and ensure royalty reports are analysed, integrated and finalised accurately and on time. This company is in double digit growth and provides and excellent opportunity for someone to own, grow and develop within the role. They're a enthusiastic, fun and family orientated team and would suit someone who is down ... ",40959491,Royalty Reporting Manager,https://www.reed.co.uk/jobs/royalty-reporting-manager/40959491,London,,
26,GBP,2020-09-18,12503,Handle Recruitment,,,30/10/2020," Royalty Accountant - International Creator - London  A seasoned Royalty Accountant is required for our client, a global leader within the production and distribution industry. This Royalty Accountant will be responsible for royalty quarterly cash reporting and forecasting, managing all royalty reports received  and maintaining up to date accurate royalty reporting information. This role sits within a vibrant, f... ",40904827,Royalty Accountant - International Creator - London,https://www.reed.co.uk/jobs/royalty-accountant-international-creator-london/40904827,London,45000.0,40000.0
26,GBP,2020-09-18,12503,Handle Recruitment,,,30/10/2020," Royalty Accountant - International Creator - London  A seasoned Royalty Accountant is required for our client, a global leader within the production and distribution industry. This Royalty Accountant will be responsible for royalty quarterly cash reporting and forecasting, managing all royalty reports received  and maintaining up to date accurate royalty reporting information. This role sits within a vibrant, f... ",40904457,Royalty Accountant - International Creator - London,https://www.reed.co.uk/jobs/royalty-accountant-international-creator-london/40904457,London,40000.0,35000.0
59,GBP,2020-10-13,347335,Sauce Recruitment Ltd,,,12/11/2020,"Due to continued growth a thriving Digital Music company is looking to expand their data analytics team and is looking for a Junior Analyst to join their team.The company works with a huge number of independent record labels, distributors and artist services on a global scale and as they continue to expand in to new territories and work with more digital services their exceptional growth and reputation continues.The Junior Data... ",41177623,Junior Data Analyst,https://www.reed.co.uk/jobs/junior-data-analyst/41177623,London,28000.0,24000.0
55,GBP,2020-09-29,12503,Handle Recruitment,,,10/11/2020," Commercial Management Accountant - Global Entertainment - London   Commercial Management Accountant required for our client within the TV/Entertainment industry, this Commercial Management Accountant is responsible for managing the expanding distribution, brands and kids content division being responsible for management  accounts and project work.  This role is perfect for a newly/recently qualified accountant ... ",40979862,Commercial Management Accountant -  Entertainment - London,https://www.reed.co.uk/jobs/commercial-management-accountant-entertainment-london/40979862,London,55000.0,50000.0
42,GBP,2020-09-22,377106,Robert Walters,,,03/11/2020," A truly unique opportunity has arisen for an accomplished Finance Operations Manager to join a very reputable organisation centred at the heart of the media and music industry in central London A truly unique opportunity has arisen for an accomplished Finance Operations Manager to join a very reputable organisation centred at the heart of the media and music industry in central London Reporting into the Finance Director, and ac... ",40944978,Finance Operations Manager,https://www.reed.co.uk/jobs/finance-operations-manager/40944978,London,70000.0,60000.0
58,GBP,2020-09-22,377106,Robert Walters,,,03/11/2020," A truly unique opportunity has arisen for an accomplished Finance Operations Manager to join a very reputable organisation centred at the heart of the media and music industry in central London A truly unique opportunity has arisen for an accomplished Finance Operations Manager to join a very reputable organisation centred at the heart of the media and music industry in central London Reporting into the Finance Director, and ac... ",40944911,Finance Operations Manager,https://www.reed.co.uk/jobs/finance-operations-manager/40944911,London,70000.0,60000.0
36,GBP,2020-06-10,449440,Orka Financial,,,17/11/2020, Orka Financial is currently partnering with a large US global business that is looking to recruit a Project Accountant to join the team. The role reports directly to the Finance Manager and sits within the core finance team. This is a very varied role and  duties include;· Working on projects contracts and liaising with Project Managers from a finance perspective· Production of reports from finance system as required ... ,41141075,Project Accountant,https://www.reed.co.uk/jobs/project-accountant/41141075,Reading,35000.0,30000.0
20,GBP,2020-09-10,496883,EllisKnight International Recruitment,,,20/11/2020, We are seeking a Project Accountant to provide project support for the key financial process flows at our clients European head office in Reading. Key Responsibilities:   Production and verification of Monthly Royalty Data  Development of Diagnostics &amp; Equipment finance processes and procedures as new programs launched.  Processing of finance journals daily &amp; monthly for Diagnosti... ,41161193,Project Accountant,https://www.reed.co.uk/jobs/project-accountant/41161193,Reading,35000.0,30000.0
1,,2020-10-15,420208,Arora Group,,,26/11/2020," We treat our people like family and our guest like royalty! Fairmont Windsor Park are looking for a Reservations Manager  devoted into turning moments into memories for our guests. We have an exciting opportunity for a Reservations Manager dedicated in delivering amazing service all day every day. In partnership with Accor, the Arora Group is bringing the iconic Fairmont brand ... ",41191626,Reservations Manager ,https://www.reed.co.uk/jobs/reservations-manager/41191626,Egham,,
14,GBP,2020-10-15,575264,REED,,,15/11/2020, Job Summary The role holder will be required to ensure that Local Support Services (LSS) meet SO OCU requirements in the following areas;  PSOPBarclaycardAssistant Commissioner Specialist Operations (ACSO) Commendation CeremoniesAware LaptopsOnboarding of new starters to NCTPHQ &amp; CTPNOCFleet administrationShared drive and mobile technology... ,41190580,Administrator,https://www.reed.co.uk/jobs/administrator/41190580,London,10.75,10.75
34,GBP,2020-09-29,409576,Talentedge,,,10/11/2020," Commercial Management Accountant ·Fast-Growing TV &amp; Film Group ·&#163;50-55,000 &#43;Bonus &amp; Benefits·Excellent Career Prospects This full-service Indie TV &amp; Film Group is an employer of choice and their multiple award-winning &amp; genre content is popular across the globe. Highly acquisitive and in rapid growth they have created a new role for a hands-on but commercially astute Qualified  Man... ",40979827,Commercial Management Accountant,https://www.reed.co.uk/jobs/commercial-management-accountant/40979827,London,55000.0,50000.0
62,,2020-02-10,116473,The Music Market / Arts and Media Ltd,,,13/11/2020," Our client, an iconic recording facility is seeking an adept Finance Analyst to support Studio Managers and the Finance Director with financial, business, and administrative support for a maternity cover. Key responsibilities will include:  Authorising budgets, purchase orders and expenses.Dealing with supplier and client queries regarding payments and finance requests.Liaising with accounts payable... ",41043661,Finance Analyst,https://www.reed.co.uk/jobs/finance-analyst/41043661,London,,
41,GBP,2020-06-10,533936,Glu Recruit LTD,,,20/11/2020," Role: Administrator Salary: &#163;18,000 per annum Location: Sheffield The role: Key areas of responsibility include- Oversee approvals for products from concept through to production  Responsible for taking each product produced from concept to approvalLiaising with colleagues in order to get products approved as quick... ",41138724,Administrator,https://www.reed.co.uk/jobs/administrator/41138724,Sheffield,18000.0,18000.0
5,GBP,2020-12-10,475793,Greenfield I T Recruitment,,,09/11/2020," PHP Developer  Telford Permanent &#163;25,000 - &#163;30,000 We are currently working with an innovative client based in Shropshire who are looking to expand their team and build upon current success. This is a unique and exciting client with a whole host of high level customers from royalty through to sports. This  is a fantastic opportunity for ... ",41165712,PHP developer,https://www.reed.co.uk/jobs/php-developer/41165712,Telford,30000.0,25000.0
16,GBP,2020-09-22,71810,Park Street People,,,03/11/2020," Are you a native level French speaker? Do you have a backbone, tact and diplomacy and the ability to resolve complex, often emotionally charged situations and turn them into a financial win? If so, this could be the role for you. Our client are currently based in a co-working space in Aldgate, E1. Using innovative new software that scans the internet for instances of unlicenced use of digital imagery that results in copyright infringe... ",40941760,French Copyright Compliance Collections Specialist,https://www.reed.co.uk/jobs/french-copyright-compliance-collections-specialist/40941760,London,20000.0,20000.0
50,GBP,2020-06-10,544143,Harmonic Group Ltd,,,17/11/2020, Finance Operations Manager | Music Industry | London  Harmonic are delighted to be partnering with an international music business who are currently looking for a Finance Operations Manager to join the business.  The Company They are based in modern offices in an easily accessible part of London which is a hub for music companies. The business is well-known for adopting a modern approach... ,41141916,Finance Operations Manager  Music Industry,https://www.reed.co.uk/jobs/finance-operations-manager-music-industry/41141916,London,70000.0,60000.0
13,GBP,2020-10-14,263599,Huntress,,,25/11/2020," Business Development Support Manager Do you have a passion for product, technology, Media? Do you like to work with external partners in multiple countries around the world? A dynamic International Content Media business development team that's driving strategic BD activities for a global powerhouse  in the technology industry across EMEA and APC regions are looking for a Business Development Support Manager to join t... ",41189004,Business Development Support Manager,https://www.reed.co.uk/jobs/business-development-support-manager/41189004,London,76000.0,65000.0
155,,2020-09-29,628501,Soundmouse,,,10/11/2020," Company Background Soundmouse is a leading platform that operates to collect royalty data for television, radio and the internet. Our clients include Broadcasters worldwide such as: Sky, Virgin, Channel 4, Discovery and Fox.We have a wide range of technologies, from web tools, large relational databases, pattern recognition server farms and large storage devices holding media assets.We are a technical company and therefore... ",40976731,Project Manager,https://www.reed.co.uk/jobs/project-manager/40976731,London,,
31,,2020-09-29,628501,Soundmouse,,,08/11/2020," Company Background Soundmouse is a leading platform that operates to collect royalty data for television,radio and the internet. Our clients include Broadcasters worldwide such as: Sky,Virgin, Channel 4, Discovery and Fox. We have a wide range of technologies, fromweb tools, large relational databases, pattern recognition server farms and largestorage devices holding media assets.We... ",40976157,Technical Assistant,https://www.reed.co.uk/jobs/technical-assistant/40976157,London,,
114,GBP,2020-09-09,349187,Optima Recruitment,,,21/10/2020, Part Time Bookkeeper Our client is a very well-established Company operating in the leisure activity field that is experiencing and unprecedented boom at the moment. They are actively seeking a Part Time - Bookkeeper as the current incumbent is moving on from their current role. Job Role Our client is in the process of migrating their software system across from an Exchequer Accounting s... ,40842772,Part Time - Bookkeeper ,https://www.reed.co.uk/jobs/part-time-bookkeeper/40842772,Leatherhead,20.0,19.0
4,,2020-10-15,574149,BMG UK,,,26/11/2020," Position: Senior Director - Finance (Global Catalogue)Contract: 12 Month Maternity Cover, ASAP Start Department: International Finance Recordings HubLocation: Paddington, London (Currently home-working) Your Mission at BMG. You will be responsible for pro-actively supporting the continued growth of BMG’s global catalogue busin... ",41190476,Senior Director - Finance (Global Catalogue Recordings) ,https://www.reed.co.uk/jobs/senior-director-finance-global-catalogue-recordings/41190476,Paddington,,
8,,2020-04-09,542356,Pearson,,,04/11/2020," Special Educational Needs Coordinator Description SPECIAL EDUCATIONAL NEEDS COORDINATOR Location: Army Foundation College, Harrogate The Army Foundation College sits on the outskirts of the Victorian Spa town of Harrogate. A purpose-built site for phase 1 recruits (Junior Soldiers) joining the Army. Surrounded by 360 degrees of beautiful co... ",40827576,Special Educational Needs Coordinator,https://www.reed.co.uk/jobs/special-educational-needs-coordinator/40827576,Killinghall,,
39,GBP,2020-09-22,551011,Billings and Edmonds,,,03/11/2020, Retail and Operations Manager  We are a multi-channel school uniform retailer and are looking for a candidate that can shape and improve the operational performance of this store and manage the expceptionally busy peaks in trading over the summer. This senior position is based at our prestigious flagship store located at &quot;Harrow on the Hill&quot; and the successful candidate will have resp... ,40944721,Senior Retail and Operations Manager,https://www.reed.co.uk/jobs/senior-retail-and-operations-manager/40944721,Harrow On The Hill,38000.0,30000.0
